time,date,longit,lat,speed,bearing,wind_speed,wind_bearing,res
09:47:40,2025-06-07,-0.932228,54.270328,6.8825922370457135,324.65969757433044,10.8,231.0,6.193224473283065
09:47:41,2025-06-07,-0.932245,54.270342,7.212953182646551,326.5025033457809,10.8,231.0,6.17734935924728
09:47:42,2025-06-07,-0.932262,54.270357,15.105795767596655,322.7960873625533,10.8,231.0,14.767296721207776
09:47:43,2025-06-07,-0.932301,54.270387,13.724060802754833,322.0951824473163,10.8,231.0,13.517636345507702
09:47:44,2025-06-07,-0.932337,54.270414,13.581020201066416,322.8748191047879,10.8,231.0,13.227688186280696
09:47:45,2025-06-07,-0.932372,54.270441,14.690395133819752,324.9790932629034,10.8,231.0,13.940956494893594
09:47:46,2025-06-07,-0.932408,54.270471,14.02005263182295,318.0635176319586,10.8,231.0,14.573324231108478
09:47:47,2025-06-07,-0.932448,54.270497,14.32034060503469,319.136127478478,10.8,231.0,14.67161033559777
09:47:48,2025-06-07,-0.932488,54.270524,14.042112152027556,323.10064396638245,10.8,231.0,13.64623879474116
09:47:49,2025-06-07,-0.932524,54.270552,13.81225471510657,330.5555868172473,10.8,231.0,12.019407241772768
09:47:50,2025-06-07,-0.932553,54.270582,14.276512181135198,330.52832976923435,10.8,231.0,12.488731455630784
09:47:51,2025-06-07,-0.932583,54.270613,14.171972557189203,328.08173253742285,10.8,231.0,12.840493608043538
09:47:52,2025-06-07,-0.932615,54.270643,15.020053225461972,325.8571068483048,10.8,231.0,14.105606333049339
09:47:53,2025-06-07,-0.932651,54.270674,14.964897367741987,323.51048516381195,10.8,231.0,14.491833466380744
09:47:54,2025-06-07,-0.932689,54.270704,15.288656469766604,324.40427621943195,10.8,231.0,14.647343007341547
09:47:55,2025-06-07,-0.932727,54.270735,16.280500978790855,326.86928458131354,10.8,231.0,15.176100791551654
09:47:56,2025-06-07,-0.932765,54.270769,14.690357140040325,324.97930754815417,10.8,231.0,13.940878206668241
09:47:57,2025-06-07,-0.932801,54.270799,14.740756616127069,330.50290220341896,10.8,231.0,12.957702925157658
09:47:58,2025-06-07,-0.932832,54.270831,15.691067461231643,333.4105687147617,10.8,231.0,13.369980283949676
09:47:59,2025-06-07,-0.932862,54.270866,15.322141293857007,329.71705750888276,10.8,231.0,13.685346238152206
09:48:00,2025-06-07,-0.932895,54.270899,14.62648904257239,331.3012341867842,10.8,231.0,12.69519623000005
09:48:01,2025-06-07,-0.932925,54.270931,15.777328495072119,340.04922659760246,10.8,231.0,12.252420263584803
09:48:02,2025-06-07,-0.932948,54.270968,13.362986871882482,338.41721520579677,10.8,231.0,10.130249961170701
09:48:03,2025-06-07,-0.932969,54.270999,14.263426206549362,342.82095955314105,10.8,231.0,10.248985605315077
09:48:04,2025-06-07,-0.932987,54.271033,13.197300974988753,340.3074272694115,10.8,231.0,9.626424235458016
09:48:05,2025-06-07,-0.933006,54.271064,14.944096244149998,339.8440988398916,10.8,231.0,11.455758806435512
09:48:06,2025-06-07,-0.933028,54.271099,15.85904187433173,339.2543891063608,10.8,231.0,12.476087062447666
09:48:07,2025-06-07,-0.933052,54.271136,14.741336857009987,337.5985530366166,10.8,231.0,11.656163868834
09:48:08,2025-06-07,-0.933076,54.27117,16.215750598557904,336.1590055800317,10.8,231.0,13.391565132650964
09:48:09,2025-06-07,-0.933104,54.271207,15.394244827696497,321.4079209682984,10.8,231.0,15.317354186239838
09:48:10,2025-06-07,-0.933145,54.271237,15.20568743029292,303.66221513755545,10.8,231.0,18.424135444044307
09:48:11,2025-06-07,-0.933199,54.271258,14.98174585173931,283.9599817287607,10.8,231.0,21.487370836352333
09:48:12,2025-06-07,-0.933261,54.271267,15.71897548971219,268.53589995631404,10.8,231.0,24.283070405376094
09:48:13,2025-06-07,-0.933328,54.271266,16.7721125268944,263.12352756395444,10.8,231.0,25.918671838163043
09:48:14,2025-06-07,-0.933399,54.271261,17.12737191075498,256.43961056571334,10.8,231.0,26.880188134489636
09:48:15,2025-06-07,-0.93347,54.271251,18.803579226552404,260.16189079819543,10.8,231.0,28.234640073977705
09:48:16,2025-06-07,-0.933549,54.271243,18.87602928839615,258.96071541980746,10.8,231.0,28.41533747188496
09:48:17,2025-06-07,-0.933628,54.271234,19.73058360219649,257.06235802656545,10.8,231.0,29.43240084723606
09:48:18,2025-06-07,-0.93371,54.271223,20.735332080993672,256.56117623178,10.8,231.0,30.47828318006993
09:48:19,2025-06-07,-0.933796,54.271211,21.563532859516826,258.17852143495594,10.8,231.0,31.17107962920698
09:48:20,2025-06-07,-0.933886,54.2712,22.793878002312525,257.7942780664122,10.8,231.0,32.43429109158518
09:48:21,2025-06-07,-0.933981,54.271188,24.34336243962334,256.64671153006805,10.8,231.0,34.07934600965497
09:48:22,2025-06-07,-0.934082,54.271174,24.601488787401557,262.4957376259695,10.8,231.0,33.81042233244735
09:48:23,2025-06-07,-0.934186,54.271166,25.64280852505973,265.5084588353381,10.8,231.0,34.5424681571171
09:48:24,2025-06-07,-0.934295,54.271161,26.844977750029575,275.15021680135743,10.8,231.0,34.594151525048815
09:48:25,2025-06-07,-0.934409,54.271167,27.364044155891982,284.44695200313026,10.8,231.0,33.79616551364827
09:48:26,2025-06-07,-0.934522,54.271184,27.04174268608901,289.067117485545,10.8,231.0,32.75413786398467
09:48:27,2025-06-07,-0.934631,54.271206,27.3491183853338,286.1991366770345,10.8,231.0,33.51295854332672
09:48:28,2025-06-07,-0.934743,54.271225,26.33678725233468,285.92948546831224,10.8,231.0,32.54229597447217
09:48:29,2025-06-07,-0.934851,54.271243,25.447150239953444,284.6251912043615,10.8,231.0,31.852251613966807
09:48:30,2025-06-07,-0.934956,54.271259,24.917484209928553,289.779683114376,10.8,231.0,30.51545129886454
09:48:31,2025-06-07,-0.935056,54.27128,25.156147835770813,296.54096099234545,10.8,231.0,29.627807933287414
09:48:32,2025-06-07,-0.935152,54.271308,25.7347797259601,303.08379516734453,10.8,231.0,29.05713774760785
09:48:33,2025-06-07,-0.935244,54.271343,25.701691098199973,307.51223294842987,10.8,231.0,28.220658824939026
09:48:34,2025-06-07,-0.935331,54.271382,25.033035725454617,306.38160089916954,10.8,231.0,27.75874081345507
09:48:35,2025-06-07,-0.935417,54.271419,24.31476346164257,303.0063412483504,10.8,231.0,27.651010185307193
09:48:36,2025-06-07,-0.935504,54.271452,23.279530517812603,301.14912223780055,10.8,231.0,26.946921878015786
09:48:37,2025-06-07,-0.935589,54.271482,21.872572649761654,298.50130788178046,10.8,231.0,26.00532595429209
09:48:38,2025-06-07,-0.935671,54.271508,21.052065750654833,300.98416341380823,10.8,231.0,24.748688258471866
09:48:39,2025-06-07,-0.935748,54.271535,19.858087961900893,303.07338181856863,10.8,231.0,23.182313614069578
09:48:40,2025-06-07,-0.935819,54.271562,18.8855550004807,305.0137786731531,10.8,231.0,21.859941750395052
09:48:41,2025-06-07,-0.935885,54.271589,18.330077497706327,311.0480595856659,10.8,231.0,20.196555766176722
09:48:42,2025-06-07,-0.935944,54.271619,16.8359956048743,310.05310063553543,10.8,231.0,18.886906535170418
09:48:43,2025-06-07,-0.935999,54.271646,16.303180003560747,311.64290333047165,10.8,231.0,18.059121406825227
09:48:44,2025-06-07,-0.936051,54.271673,15.511813746346643,312.2605698502775,10.8,231.0,17.152777107589095
09:48:45,2025-06-07,-0.9361,54.271699,15.783744548794527,313.3385167415514,10.8,231.0,17.223600254232995
09:48:46,2025-06-07,-0.936149,54.271726,15.338855544085018,312.8491444027046,10.8,231.0,16.87007866882466
09:48:47,2025-06-07,-0.936197,54.271752,15.565385597916789,316.1890773694637,10.8,231.0,16.471157936085305
09:48:48,2025-06-07,-0.936243,54.27178,15.541740108067698,320.73342550133566,10.8,231.0,15.5919880359818
09:48:49,2025-06-07,-0.936285,54.27181,14.474876290274679,318.43582767570257,10.8,231.0,14.95805006107106
09:48:50,2025-06-07,-0.936326,54.271837,14.474872160284182,318.43584630530955,10.8,231.0,14.958042422998371
09:48:51,2025-06-07,-0.936367,54.271864,14.425745732679738,326.5034888262082,10.8,231.0,13.389957006723627
09:48:52,2025-06-07,-0.936401,54.271894,13.30258034658511,324.4844264707459,10.8,231.0,12.646186209657925
09:48:53,2025-06-07,-0.936434,54.271921,14.276402190655704,330.52912707864755,10.8,231.0,12.488473249450646
09:48:54,2025-06-07,-0.936464,54.271952,12.91220988025195,334.20741593659994,10.8,231.0,10.444659565890454
09:48:55,2025-06-07,-0.936488,54.271981,12.305938805609419,331.6006564181655,10.8,231.0,10.319142598655068
09:48:56,2025-06-07,-0.936513,54.272008,12.905905965167515,327.0237121806813,10.8,231.0,11.772553503083392
09:48:57,2025-06-07,-0.936543,54.272035,12.905903494283034,327.0237293258575,10.8,231.0,11.772547818253544
09:48:58,2025-06-07,-0.936573,54.272062,13.943081862718511,333.04256821548165,10.8,231.0,11.689787644645069
09:48:59,2025-06-07,-0.9366,54.272093,13.273989225808455,334.96041864396017,10.8,231.0,10.668472665144137
09:49:00,2025-06-07,-0.936624,54.272123,12.991271601854377,337.7674624258472,10.8,231.0,9.875600118561803
09:49:01,2025-06-07,-0.936645,54.272153,12.161060697681938,337.3591432503228,10.8,231.0,9.119161718363019
09:49:02,2025-06-07,-0.936665,54.272181,12.741175936132755,340.691529785438,10.8,231.0,9.102050334769668
09:49:03,2025-06-07,-0.936683,54.272211,12.665401319299061,341.6908139431307,10.8,231.0,8.849492805809856
09:49:04,2025-06-07,-0.9367,54.272241,11.701051287944747,337.66142379824225,10.8,231.0,8.604523127871143
09:49:05,2025-06-07,-0.936719,54.272268,13.375116127818892,334.051915609305,10.8,231.0,10.936110688721222
09:49:06,2025-06-07,-0.936744,54.272298,12.659666545565866,332.4638583674643,10.8,231.0,10.513169055326179
09:49:07,2025-06-07,-0.936769,54.272326,13.081975364841579,336.81854493094636,10.8,231.0,10.137985285950862
09:49:08,2025-06-07,-0.936791,54.272356,13.82205329005429,338.126830416639,10.8,231.0,10.641584284561874
09:49:09,2025-06-07,-0.936813,54.272388,13.575111463833261,340.87807574518695,10.8,231.0,9.902898448479071
09:49:10,2025-06-07,-0.936832,54.27242,12.769970568573076,331.5324680379053,10.8,231.0,10.795809609944534
09:49:11,2025-06-07,-0.936858,54.272448,12.811684300997843,335.1503034699225,10.8,231.0,10.17144688119052
09:49:12,2025-06-07,-0.936881,54.272477,13.736388819499865,334.7836958915705,10.8,231.0,11.163212122315626
09:49:13,2025-06-07,-0.936906,54.272508,13.542820773336446,336.5758758029178,10.8,231.0,10.642866761014329
09:49:14,2025-06-07,-0.936929,54.272539,15.293294545360492,336.5499362283497,10.8,231.0,12.398050761464528
09:49:15,2025-06-07,-0.936955,54.272574,13.375097642801869,334.05208298366307,10.8,231.0,10.936061469441741
09:49:16,2025-06-07,-0.93698,54.272604,14.301211104023864,333.7709915249823,10.8,231.0,11.913819722339955
09:49:17,2025-06-07,-0.937007,54.272636,14.465183431777287,336.13683628588313,10.8,231.0,11.645031584015019
09:49:18,2025-06-07,-0.937032,54.272669,13.47954890654353,333.1573523529669,10.8,231.0,11.205099077238383
09:49:19,2025-06-07,-0.937058,54.272699,14.297356782015628,327.2865416855176,10.8,231.0,13.11474776737337
09:49:20,2025-06-07,-0.937091,54.272729,13.119872432467137,322.63475153789784,10.8,231.0,12.81177083349732
09:49:21,2025-06-07,-0.937125,54.272755,13.34782958041825,330.58606924508564,10.8,231.0,11.549316281731246
09:49:22,2025-06-07,-0.937153,54.272784,13.01610769529807,333.280008747029,10.8,231.0,10.719061427608642
09:49:23,2025-06-07,-0.937178,54.272813,12.536149922276804,329.7182319246501,10.8,231.0,10.899136051870624
09:49:24,2025-06-07,-0.937205,54.27284,12.30588207537399,331.60115603081704,10.8,231.0,10.318993300987014
09:49:25,2025-06-07,-0.93723,54.272867,13.736365920820809,334.78390487439094,10.8,231.0,11.163150965735868
09:49:26,2025-06-07,-0.937255,54.272898,13.479534025858763,333.15748061704255,10.8,231.0,11.205060561574806
09:49:27,2025-06-07,-0.937281,54.272928,13.375076251278061,334.05227661947316,10.8,231.0,10.936004521399415
09:49:28,2025-06-07,-0.937306,54.272958,12.769933533021579,331.5327814438553,10.8,231.0,10.795714494129601
09:49:29,2025-06-07,-0.937332,54.272986,13.347811901176584,330.5862066300971,10.8,231.0,11.549273067634033
09:49:30,2025-06-07,-0.93736,54.273015,12.883563750378089,330.6174974941522,10.8,231.0,11.079209357806954
09:49:31,2025-06-07,-0.937387,54.273043,13.23400368008763,331.46918767248127,10.8,231.0,11.27157102072308
09:49:32,2025-06-07,-0.937414,54.273072,12.378019768708619,324.09306589645485,10.8,231.0,11.795273727830706
09:49:33,2025-06-07,-0.937445,54.273097,14.764352126838025,333.6439348293618,10.8,231.0,12.4003237387819
09:49:34,2025-06-07,-0.937473,54.27313,13.587219264971333,332.27675591240364,10.8,231.0,11.475297553392537
09:49:35,2025-06-07,-0.9375,54.27316,13.630354583928957,325.4645354585003,10.8,231.0,12.789660813205964
09:49:36,2025-06-07,-0.937533,54.273188,14.048943142577981,328.8938620157818,10.8,231.0,12.565688056272585
09:49:37,2025-06-07,-0.937564,54.273218,14.740551122896589,330.50434338360117,10.8,231.0,12.957229504297834
09:49:38,2025-06-07,-0.937595,54.27325,15.554567480019223,331.20805831035455,10.8,231.0,13.640557353943153
09:49:39,2025-06-07,-0.937627,54.273284,15.669064100714282,330.45781394405094,10.8,231.0,13.8943932687741
09:49:40,2025-06-07,-0.93766,54.273318,15.90672697117866,331.9036423747803,10.8,231.0,13.863822006177028
09:49:41,2025-06-07,-0.937692,54.273353,15.669057856235364,330.4578550780796,10.8,231.0,13.894379376109455
09:49:42,2025-06-07,-0.937725,54.273387,16.250507863173826,329.71858508207083,10.8,231.0,14.613428193346575
09:49:43,2025-06-07,-0.93776,54.273422,17.29868497497422,331.72781365972133,10.8,231.0,15.288334170718148
09:49:44,2025-06-07,-0.937795,54.27346,16.947016377925852,331.08577450272173,10.8,231.0,15.055695683704771
09:49:45,2025-06-07,-0.93783,54.273497,16.15299350347182,327.5665626451638,10.8,231.0,14.91793351199039
09:49:46,2025-06-07,-0.937867,54.273531,15.566387107942848,323.0041801628256,10.8,231.0,15.18868508242329
09:49:47,2025-06-07,-0.937907,54.273562,16.25049065312722,329.718691028978,10.8,231.0,14.613391243545216
09:49:48,2025-06-07,-0.937942,54.273597,14.97882321747636,332.0392216515472,10.8,231.0,12.910829275871368
09:49:49,2025-06-07,-0.937972,54.27363,14.513156495464282,328.92051451996474,10.8,231.0,13.024925296497754
09:49:50,2025-06-07,-0.938004,54.273661,14.048900875867732,328.8941528926757,10.8,231.0,12.565591480128333
09:49:51,2025-06-07,-0.938035,54.273691,13.47948248901219,333.15792479432497,10.8,231.0,11.204927177107951
09:49:52,2025-06-07,-0.938061,54.273721,12.195830823956358,332.56915548899826,10.8,231.0,10.029884892746
09:49:53,2025-06-07,-0.938085,54.273748,13.58717621470177,332.2771097248402,10.8,231.0,11.475189098642618
09:49:54,2025-06-07,-0.938112,54.273778,13.03507734617289,326.16139351344333,10.8,231.0,12.063492903112234
09:49:55,2025-06-07,-0.938143,54.273805,12.571705234931711,326.03009395894526,10.8,231.0,11.62477235160528
09:49:56,2025-06-07,-0.938173,54.273831,12.195824087257,332.56921800702594,10.8,231.0,10.02986661109621
09:49:57,2025-06-07,-0.938197,54.273858,13.7363077416311,334.7844359148478,10.8,231.0,11.162995570608324
09:49:58,2025-06-07,-0.938222,54.273889,13.035066612563071,326.1614648960146,10.8,231.0,12.063468768763459
09:49:59,2025-06-07,-0.938253,54.273916,12.779394596397001,327.90558394381947,10.8,231.0,11.480871817783083
09:50:00,2025-06-07,-0.938282,54.273943,13.37501492917924,334.05283181208665,10.8,231.0,10.935841251801692
09:50:01,2025-06-07,-0.938307,54.273973,13.63785121607443,335.67422395756324,10.8,231.0,10.901965326093531
09:50:02,2025-06-07,-0.938331,54.274004,13.653833402284215,339.95078962483217,10.8,231.0,10.14646920087628
09:50:03,2025-06-07,-0.938351,54.274036,13.954190812405512,341.4178787304799,10.8,231.0,10.186454186901031
09:50:04,2025-06-07,-0.93837,54.274069,13.1971963195474,340.3087663384237,10.8,231.0,9.626081368367005
09:50:05,2025-06-07,-0.938389,54.2741,12.820724341243633,339.70518950286584,10.8,231.0,9.357177497691534
09:50:06,2025-06-07,-0.938408,54.27413,13.176145237232163,335.8837367591551,10.8,231.0,10.402073655905475
09:50:07,2025-06-07,-0.938431,54.27416,13.37500181427435,334.05295051407995,10.8,231.0,10.935806340218427
09:50:08,2025-06-07,-0.938456,54.27419,12.449264380488225,334.3758767633037,10.8,231.0,9.950810576019439
09:50:09,2025-06-07,-0.938479,54.274218,12.991180800127934,337.768482512626,10.8,231.0,9.875325210655378
09:50:10,2025-06-07,-0.9385,54.274248,13.362849056663492,338.41877493302957,10.8,231.0,10.129831625340668
09:50:11,2025-06-07,-0.938521,54.274279,12.621286256373851,337.0800000993492,10.8,231.0,9.629910217185039
09:50:12,2025-06-07,-0.938542,54.274308,11.026545786784807,330.7696910812733,10.8,231.0,9.19391318322966
09:50:13,2025-06-07,-0.938565,54.274332,15.01963570763118,325.8594891427226,10.8,231.0,14.104741376652953
09:50:14,2025-06-07,-0.938601,54.274363,13.92892466642494,329.7191724173157,10.8,231.0,12.291735565878756
09:50:15,2025-06-07,-0.938631,54.274393,13.176131660934852,335.88387311771197,10.8,231.0,10.402035238993667
09:50:16,2025-06-07,-0.938654,54.274423,13.362841703200516,338.41885815684634,10.8,231.0,10.12980930394584
09:50:17,2025-06-07,-0.938675,54.274454,14.864620396629743,340.69251820356953,10.8,231.0,11.225319378861906
09:50:18,2025-06-07,-0.938696,54.274489,13.08187279056479,336.81963309660614,10.8,231.0,10.137685365530713
09:50:19,2025-06-07,-0.938718,54.274519,13.36283766994305,338.41890380705973,10.8,231.0,10.129797060429963
09:50:20,2025-06-07,-0.938739,54.27455,12.665334705059834,341.6917837663237,10.8,231.0,8.849255175701034
09:50:21,2025-06-07,-0.938756,54.27458,13.046289619192867,342.24473857908816,10.8,231.0,9.13288314520856
09:50:22,2025-06-07,-0.938773,54.274611,14.195686280896524,343.7248220606391,10.8,231.0,10.02358499936479
09:50:23,2025-06-07,-0.93879,54.274645,12.665331999082694,341.69182315357165,10.8,231.0,8.849245524311467
09:50:24,2025-06-07,-0.938807,54.274675,15.169130393701241,342.0275257378745,10.8,231.0,11.293913122668556
09:50:25,2025-06-07,-0.938827,54.274711,14.110940434275447,339.6163361243666,10.8,231.0,10.663261583065992
09:50:26,2025-06-07,-0.938848,54.274744,13.451024916972116,337.49187633854405,10.8,231.0,10.3851274408315
09:50:27,2025-06-07,-0.93887,54.274775,13.837974583535239,333.9080350211226,10.8,231.0,11.425397014363153
09:50:28,2025-06-07,-0.938896,54.274806,15.442654873385093,331.9701758296667,10.8,231.0,13.387436439016561
09:50:29,2025-06-07,-0.938927,54.27484,14.926529599201533,335.93877730279223,10.8,231.0,12.142432489284852
09:50:30,2025-06-07,-0.938953,54.274874,15.201182599503033,337.36049102630716,10.8,231.0,12.159039856427263
09:50:31,2025-06-07,-0.938978,54.274909,14.653211118276383,338.4465426519564,10.8,231.0,11.415199998596911
09:50:32,2025-06-07,-0.939001,54.274943,15.20117896700369,337.3605251035988,10.8,231.0,12.15903006060455
09:50:33,2025-06-07,-0.939026,54.274978,16.385547255253215,342.54658527894424,10.8,231.0,12.419165209227844
09:50:34,2025-06-07,-0.939047,54.275017,15.55069300009517,342.48332636535656,10.8,231.0,11.59540413407271
09:50:35,2025-06-07,-0.939067,54.275054,13.954157879554774,341.41830624551,10.8,231.0,10.18634573235043
09:50:36,2025-06-07,-0.939086,54.275087,16.532566041563253,340.99897866506404,10.8,231.0,12.838929401131036
09:50:37,2025-06-07,-0.939109,54.275126,14.943929992237193,339.84592551133517,10.8,231.0,11.45526669203894
09:50:38,2025-06-07,-0.939131,54.275161,16.003805390240846,342.1162764219788,10.8,231.0,12.112977686984264
09:50:39,2025-06-07,-0.939152,54.275199,14.94392700373573,339.84595834068534,10.8,231.0,11.45525784709604
09:50:40,2025-06-07,-0.939174,54.275234,15.623017702108323,341.6649094456924,10.8,231.0,11.811677518636627
09:50:41,2025-06-07,-0.939195,54.275271,15.320626503724428,340.3624641597713,10.8,231.0,11.739960668964683
09:50:42,2025-06-07,-0.939217,54.275307,15.550683755849352,342.48344210103517,10.8,231.0,11.595374589834382
09:50:43,2025-06-07,-0.939237,54.275344,14.409078285401552,341.04420890450535,10.8,231.0,10.707431208023754
09:50:44,2025-06-07,-0.939257,54.275378,14.334457282998338,341.9289478236112,10.8,231.0,10.476589861764614
09:50:45,2025-06-07,-0.939276,54.275412,14.943918282794034,339.846054128727,10.8,231.0,11.455232038492273
09:50:46,2025-06-07,-0.939298,54.275447,14.3715771766937,336.9916756711424,10.8,231.0,11.39620208007132
09:50:47,2025-06-07,-0.939322,54.27548,13.942850223233393,333.0444883342432,10.8,231.0,11.689202037694134
09:50:48,2025-06-07,-0.939349,54.275511,14.393122110728392,329.7198681450364,10.8,231.0,12.755803384292074
09:50:49,2025-06-07,-0.93938,54.275542,13.83321207164039,327.20674361069734,10.8,231.0,12.665555332375252
09:50:50,2025-06-07,-0.939412,54.275571,13.40976329373305,321.0458880815713,10.8,231.0,13.40111359506065
09:50:51,2025-06-07,-0.939448,54.275597,13.835255699467881,311.836651813015,10.8,231.0,15.555152341456708
09:50:52,2025-06-07,-0.939492,54.27562,13.835251430482804,311.83666768553564,10.8,231.0,15.555145118753524
09:50:53,2025-06-07,-0.939536,54.275643,14.113891132593995,308.7181854810461,10.8,231.0,16.411269991184124
09:50:54,2025-06-07,-0.939583,54.275665,13.818036847707708,305.5120419334566,10.8,231.0,16.702023948095444
09:50:55,2025-06-07,-0.939631,54.275685,14.816192111100765,304.6698026989686,10.8,231.0,17.852855412768317
09:50:56,2025-06-07,-0.939683,54.275706,14.173449929652048,298.7820101378149,10.8,231.0,18.25726986170204
09:50:57,2025-06-07,-0.939736,54.275723,15.400410602305476,303.18177529247214,10.8,231.0,18.705190556503606
09:50:58,2025-06-07,-0.939791,54.275744,14.403692721257547,296.4838968471958,10.8,231.0,18.885141636705274
09:50:59,2025-06-07,-0.939846,54.27576,15.587485635845095,299.2944602343837,10.8,231.0,19.581720815680928
09:51:00,2025-06-07,-0.939904,54.275779,14.656300124458301,294.2612121159796,10.8,231.0,19.515475942475852
09:51:01,2025-06-07,-0.939961,54.275794,14.82514027288387,295.675900685445,10.8,231.0,19.444711686915177
09:51:02,2025-06-07,-0.940018,54.27581,14.777849534128295,299.27108631777827,10.8,231.0,18.776177870085277
09:51:03,2025-06-07,-0.940073,54.275828,15.676159159813382,294.1908286926888,10.8,231.0,20.54717959522795
09:51:04,2025-06-07,-0.940134,54.275844,15.085268351042354,293.5295243876016,10.8,231.0,20.067216305273014
09:51:05,2025-06-07,-0.940193,54.275859,14.870467971793602,293.8901196994903,10.8,231.0,19.79201082264728
09:51:06,2025-06-07,-0.940251,54.275874,14.229811586482233,295.0369397577592,10.8,231.0,18.957960703040733
09:51:07,2025-06-07,-0.940306,54.275889,14.825112592825322,295.6759522703801,10.8,231.0,19.44467521772849
09:51:08,2025-06-07,-0.940363,54.275905,14.930107962171663,292.1167021193278,10.8,231.0,20.146801276233603
09:51:09,2025-06-07,-0.940422,54.275919,14.42649729033431,289.5116156068734,10.8,231.0,20.067614825936367
09:51:10,2025-06-07,-0.94048,54.275931,13.852501806328656,288.59389577867415,10.8,231.0,19.640402658683733
09:51:11,2025-06-07,-0.940536,54.275942,13.545705883949429,290.8365646427528,10.8,231.0,18.972363384007764
09:51:12,2025-06-07,-0.94059,54.275954,12.613390007179564,288.563031995043,10.8,231.0,18.40620172230279
09:51:13,2025-06-07,-0.940641,54.275964,12.043578434018677,287.46219021310185,10.8,231.0,18.01043966205412
09:51:14,2025-06-07,-0.94069,54.275973,11.870626173269576,291.84285930551647,10.8,231.0,17.132456865435845
09:51:15,2025-06-07,-0.940737,54.275984,11.870623449634435,291.842864621895,10.8,231.0,17.13245326666801
09:51:16,2025-06-07,-0.940784,54.275995,11.373229136966373,284.30984850928337,10.8,231.0,17.826092212441555
09:51:17,2025-06-07,-0.940831,54.276002,10.930472855914463,289.3064120342963,10.8,231.0,16.604538327628276
09:51:18,2025-06-07,-0.940875,54.276011,11.288072014142033,290.83659242362376,10.8,231.0,16.714724986683443
09:51:19,2025-06-07,-0.94092,54.276021,10.804877992867993,287.29639597157325,10.8,231.0,16.797762979954637
09:51:20,2025-06-07,-0.940964,54.276029,11.029044584611947,286.93425864265777,10.8,231.0,17.07859735977497
09:51:21,2025-06-07,-0.941009,54.276037,10.91930301935573,284.91806091383836,10.8,231.0,17.27987264025089
09:51:22,2025-06-07,-0.941054,54.276044,11.478617325987216,286.2524681011379,10.8,231.0,17.634200104711997
09:51:23,2025-06-07,-0.941101,54.276052,10.804870602428664,287.2964082137029,10.8,231.0,16.797753669789138
09:51:24,2025-06-07,-0.941145,54.27606,11.6531887805162,292.2717580595456,10.8,231.0,16.844271393029633
09:51:25,2025-06-07,-0.941191,54.276071,11.703970621222988,285.931237490509,10.8,231.0,17.909209050133626
09:51:26,2025-06-07,-0.941239,54.276079,10.919292652813747,284.9180754344055,10.8,231.0,17.27986006168171
09:51:27,2025-06-07,-0.941284,54.276086,12.155725213825828,285.3245300017305,10.8,231.0,18.45421481011951
09:51:28,2025-06-07,-0.941334,54.276094,12.267491680231334,287.1336382795859,10.8,231.0,18.285874988441563
09:51:29,2025-06-07,-0.941384,54.276103,12.835924222695889,288.22992892399066,10.8,231.0,18.681630065135582
09:51:30,2025-06-07,-0.941436,54.276113,12.608736338838762,284.7613508442757,10.8,231.0,18.993154960094962
09:51:31,2025-06-07,-0.941488,54.276121,13.476451826186084,292.78689990911676,10.8,231.0,18.582176163863906
09:51:32,2025-06-07,-0.941541,54.276134,12.830493361243544,294.00331009483614,10.8,231.0,17.733034817262077
09:51:33,2025-06-07,-0.941591,54.276147,12.04352989124987,287.4622630596408,10.8,231.0,18.01037967399032
09:51:34,2025-06-07,-0.94164,54.276156,12.307294461913836,291.03077188903035,10.8,231.0,17.702270420405423
09:51:35,2025-06-07,-0.941689,54.276167,12.890359577376264,291.948689906695,10.8,231.0,18.134760456412174
09:51:36,2025-06-07,-0.94174,54.276179,12.307288493872083,291.03078258448113,10.8,231.0,17.702262705876286
09:51:37,2025-06-07,-0.941789,54.27619,12.74629431454081,290.2743832746479,10.8,231.0,18.264309192938445
09:51:38,2025-06-07,-0.94184,54.276201,13.326658125426782,291.1952098903513,10.8,231.0,18.694760403687063
09:51:39,2025-06-07,-0.941893,54.276213,12.966580263915406,289.91541902465735,10.8,231.0,18.542651343911366
09:51:40,2025-06-07,-0.941945,54.276224,12.716492551757836,286.51123895227414,10.8,231.0,18.83193388764327
09:51:41,2025-06-07,-0.941997,54.276233,12.576869569238198,296.54369046007514,10.8,231.0,17.04806134098005
09:51:42,2025-06-07,-0.942045,54.276247,11.171645968238922,295.5459165449466,10.8,231.0,15.813352387426573
09:51:43,2025-06-07,-0.942088,54.276259,10.57702754731681,294.6788735525096,10.8,231.0,15.365766108341568
09:51:44,2025-06-07,-0.942129,54.27627,11.349885518702084,297.37466333714315,10.8,231.0,15.678031056928326
09:51:45,2025-06-07,-0.942172,54.276283,13.369022652020492,302.7109633037008,10.8,231.0,16.758179094311785
09:51:46,2025-06-07,-0.94222,54.276301,11.43639161384398,292.71700432134276,10.8,231.0,16.553721905699376
09:51:47,2025-06-07,-0.942265,54.276312,12.025097359432305,293.61893900163335,10.8,231.0,16.992085335769936
09:51:48,2025-06-07,-0.942312,54.276324,11.596728946294547,294.54702653283545,10.8,231.0,16.407730745566
09:51:49,2025-06-07,-0.942357,54.276336,12.347805656690927,301.33962892931015,10.8,231.0,15.981400908057054
09:51:50,2025-06-07,-0.942402,54.276352,13.784263301286046,303.5883551317133,10.8,231.0,17.01599835414202
09:51:51,2025-06-07,-0.942451,54.276371,15.66217303043627,306.11003338901844,10.8,231.0,18.437379495878474
09:51:52,2025-06-07,-0.942505,54.276394,14.396758222144882,303.8870889477105,10.8,231.0,17.57471974454893
09:51:53,2025-06-07,-0.942556,54.276414,14.367436186389789,309.9673040795028,10.8,231.0,16.434222804087412
09:51:54,2025-06-07,-0.942603,54.276437,14.297608532283077,308.13141563574516,10.8,231.0,16.702937172060153
09:51:55,2025-06-07,-0.942651,54.276459,14.913950215987068,308.2324857074865,10.8,231.0,17.300702365136654
09:51:56,2025-06-07,-0.942701,54.276482,14.913945101747123,308.2325012419362,10.8,231.0,17.30069439512151
09:51:57,2025-06-07,-0.942751,54.276505,15.901244889732581,307.2783851184847,10.8,231.0,18.46305507662999
09:51:58,2025-06-07,-0.942805,54.276529,15.685336360484104,311.6883966444976,10.8,231.0,17.43281602465227
09:51:59,2025-06-07,-0.942855,54.276555,14.913928876227024,308.2325505837027,10.8,231.0,17.300669098857757
09:52:00,2025-06-07,-0.942905,54.276578,15.954305294112595,312.7644839935774,10.8,231.0,17.501323647117424
09:52:01,2025-06-07,-0.942955,54.276605,15.861384649882975,311.1256113562888,10.8,231.0,17.713463007242886
09:52:02,2025-06-07,-0.943006,54.276631,14.669661058058619,307.0013169936208,10.8,231.0,17.282176656405973
09:52:03,2025-06-07,-0.943056,54.276653,14.986243039002375,302.38840596878026,10.8,231.0,18.433074784140263
09:52:04,2025-06-07,-0.94311,54.276673,15.473110272605126,306.62157804139645,10.8,231.0,18.155021282377305
09:52:05,2025-06-07,-0.943163,54.276696,17.01511666999858,309.54886436060707,10.8,231.0,19.159263772596262
09:52:06,2025-06-07,-0.943219,54.276723,15.473098232212143,306.62161133428384,10.8,231.0,18.155003162993413
09:52:07,2025-06-07,-0.943272,54.276746,16.127397707594167,312.1994965420345,10.8,231.0,17.779738521866953
09:52:08,2025-06-07,-0.943323,54.276773,15.861348158247692,311.1257270879853,10.8,231.0,17.713405023857305
09:52:09,2025-06-07,-0.943374,54.276799,15.346817837368858,308.8681895501564,10.8,231.0,17.616560881479575
09:52:10,2025-06-07,-0.943425,54.276823,15.51075830646409,312.2641336073228,10.8,231.0,17.151057711498137
09:52:11,2025-06-07,-0.943474,54.276849,15.098924131710211,307.6825107833605,10.8,231.0,17.586669397623282
09:52:12,2025-06-07,-0.943525,54.276872,16.03888539404581,310.57534249288005,10.8,231.0,17.993063455645014
09:52:13,2025-06-07,-0.943577,54.276898,15.473056091477192,306.6217278144436,10.8,231.0,18.15493975398993
09:52:14,2025-06-07,-0.94363,54.276921,15.09890768075308,307.68255921210937,10.8,231.0,17.586644063542053
09:52:15,2025-06-07,-0.943681,54.276944,17.19669131104368,309.05198719458144,10.8,231.0,19.432551432985623
09:52:16,2025-06-07,-0.943738,54.276971,15.662024829358497,306.1104305982277,10.8,231.0,18.437158936687723
09:52:17,2025-06-07,-0.943792,54.276994,16.0388581455391,310.57542628095655,10.8,231.0,17.99302067415122
09:52:18,2025-06-07,-0.943844,54.27702,15.852214757020606,305.6113296214968,10.8,231.0,18.718161863737706
09:52:19,2025-06-07,-0.943899,54.277043,15.473021169118672,306.6218243505548,10.8,231.0,18.15488720496505
09:52:20,2025-06-07,-0.943952,54.277066,15.285291020517993,307.1457676770914,10.8,231.0,17.87137867757063
09:52:21,2025-06-07,-0.944004,54.277089,15.685218163880249,311.68878338240273,10.8,231.0,17.432625890215107
09:52:22,2025-06-07,-0.944054,54.277115,15.098863370159298,307.68268970425254,10.8,231.0,17.58657581720024
09:52:23,2025-06-07,-0.944105,54.277138,15.714981380862802,307.7962256074958,10.8,231.0,18.181863431477996
09:52:24,2025-06-07,-0.944158,54.277162,16.65569822523212,310.575542851169,10.8,231.0,18.60983914355955
09:52:25,2025-06-07,-0.944212,54.277189,15.86125780472736,311.12601367207156,10.8,231.0,17.713261450712874
09:52:26,2025-06-07,-0.944263,54.277215,14.730132228905417,308.79698539756333,10.8,231.0,17.012995433462866
09:52:27,2025-06-07,-0.944312,54.277238,16.217807044800832,310.03721968009376,10.8,231.0,18.2716569151208
09:52:28,2025-06-07,-0.944365,54.277264,15.346713370390159,308.8685054394899,10.8,231.0,17.616398200537557
09:52:29,2025-06-07,-0.944416,54.277288,16.217795569208374,310.0372539149889,10.8,231.0,18.27163910416583
09:52:30,2025-06-07,-0.944469,54.277314,15.098817909017335,307.68282358775406,10.8,231.0,17.586505798231045
09:52:31,2025-06-07,-0.94452,54.277337,14.913755083611882,308.2330791546797,10.8,231.0,17.30039813628588
09:52:32,2025-06-07,-0.94457,54.27736,15.510648253084016,312.26450526643134,10.8,231.0,17.150878414712352
09:52:33,2025-06-07,-0.944619,54.277386,14.984080612069384,309.9929898987231,10.8,231.0,17.046114842326215
09:52:34,2025-06-07,-0.944668,54.27741,16.301913913288647,311.6468828497344,10.8,231.0,18.057115171590745
09:52:35,2025-06-07,-0.94472,54.277437,16.03875920356066,310.575730606814,10.8,231.0,17.992865314926384
09:52:36,2025-06-07,-0.944772,54.277463,16.127244613353803,312.1999926514576,10.8,231.0,17.779493014083346
09:52:37,2025-06-07,-0.944823,54.27749,16.12723884603442,312.2000113402654,10.8,231.0,17.77948376547522
09:52:38,2025-06-07,-0.944874,54.277517,16.038741335035006,310.5757855645909,10.8,231.0,17.992837258083984
09:52:39,2025-06-07,-0.944926,54.277543,16.65560985522873,310.57580457989013,10.8,231.0,18.609702253136668
09:52:40,2025-06-07,-0.94498,54.27757,16.655603592179105,310.5758231415589,10.8,231.0,18.609692549041842
09:52:41,2025-06-07,-0.945034,54.277597,16.478015669407036,311.1056897316978,10.8,231.0,18.333793424199005
09:52:42,2025-06-07,-0.945087,54.277624,17.63124259801789,313.05236497848307,10.8,231.0,19.12453695576531
09:52:43,2025-06-07,-0.945142,54.277654,16.1272038263205,312.20012481379626,10.8,231.0,17.779427608286927
09:52:44,2025-06-07,-0.945193,54.277681,16.95714088707921,315.214030907195,10.8,231.0,18.04591763957347
09:52:45,2025-06-07,-0.945244,54.277711,16.918616875753322,311.60803951812875,10.8,231.0,18.681042185864804
09:52:46,2025-06-07,-0.945298,54.277739,17.460410491583183,313.57719183121156,10.8,231.0,18.85566625516675
09:52:47,2025-06-07,-0.945352,54.277769,16.65555743658003,310.57595984024886,10.8,231.0,18.609621051621694
09:52:48,2025-06-07,-0.945406,54.277796,17.12330994437717,314.6578342213028,10.8,231.0,18.316340245851332
09:52:49,2025-06-07,-0.945458,54.277826,16.127167098853494,312.2002438301586,10.8,231.0,17.77936871083825
09:52:50,2025-06-07,-0.945509,54.277853,17.243504375229318,316.15320051064833,10.8,231.0,18.156015338461415
09:52:51,2025-06-07,-0.94556,54.277884,16.844383712743504,313.6871388096762,10.8,231.0,18.219086078188763
09:52:52,2025-06-07,-0.945612,54.277913,15.861100553035936,311.1265124412206,10.8,231.0,17.71301157581045
09:52:53,2025-06-07,-0.945663,54.277939,16.477938444480046,311.1059253054207,10.8,231.0,18.333672455112193
09:52:54,2025-06-07,-0.945716,54.277966,17.123274441665018,314.6579524127837,10.8,231.0,18.316282600913773
09:52:55,2025-06-07,-0.945768,54.277996,18.35409070083305,314.38387038546216,10.8,231.0,19.598432088457514
09:52:56,2025-06-07,-0.945824,54.278028,16.74375553987925,312.1405562683076,10.8,231.0,18.407074660415518
09:52:57,2025-06-07,-0.945877,54.278056,16.844347179296072,313.68725826259634,10.8,231.0,18.21902721154366
09:52:58,2025-06-07,-0.945929,54.278085,16.12711179656755,312.2004230432073,10.8,231.0,17.779280025313845
09:52:59,2025-06-07,-0.94598,54.278112,16.12710602670394,312.2004417224569,10.8,231.0,17.779270775937917
09:53:00,2025-06-07,-0.946031,54.278139,16.792487623729997,315.7815574509617,10.8,231.0,17.77478147046884
09:53:01,2025-06-07,-0.946081,54.278169,15.861044946354593,311.1266887934239,10.8,231.0,17.712923219862
09:53:02,2025-06-07,-0.946132,54.278195,16.059790408911258,314.3840044883245,10.8,231.0,17.304106687079052
09:53:03,2025-06-07,-0.946181,54.278223,16.46843609557164,316.9496692721586,10.8,231.0,17.231269728667456
09:53:04,2025-06-07,-0.946229,54.278253,15.444326191634142,314.5359950079874,10.8,231.0,16.660179374658846
09:53:05,2025-06-07,-0.946276,54.27828,16.76317515427838,317.8856830188217,10.8,231.0,17.349921054556223
09:53:06,2025-06-07,-0.946324,54.278311,15.444315218565533,314.53603532831244,10.8,231.0,16.660160849703903
09:53:07,2025-06-07,-0.946371,54.278338,16.151500021890325,318.16404603639825,10.8,231.0,16.685846502839162
09:53:08,2025-06-07,-0.946417,54.278368,16.29913772982348,319.7180539963099,10.8,231.0,16.540758698096987
09:53:09,2025-06-07,-0.946462,54.278399,15.842121409744554,319.42627271125014,10.8,231.0,16.138724717853616
09:53:10,2025-06-07,-0.946506,54.278429,15.565724854741703,323.0074532034171,10.8,231.0,15.187406253626119
09:53:11,2025-06-07,-0.946546,54.27846,14.963909526186638,323.5156605352181,10.8,231.0,14.48987102852535
09:53:12,2025-06-07,-0.946584,54.27849,15.352246456022245,326.7020431191706,10.8,231.0,14.279209944775813
09:53:13,2025-06-07,-0.94662,54.278522,16.617242401720887,333.2086428691719,10.8,231.0,14.333342276243018
09:53:14,2025-06-07,-0.946652,54.278559,15.333361957940356,332.74442649774284,10.8,231.0,13.135059622038861
09:53:15,2025-06-07,-0.946682,54.278593,15.90628569779419,331.90668940583333,10.8,231.0,13.8628167528111
09:53:16,2025-06-07,-0.946714,54.278628,15.442345846279085,331.9723802032707,10.8,231.0,13.386719491756299
09:53:17,2025-06-07,-0.946745,54.278662,15.690485759539875,333.41492639839015,10.8,231.0,13.36859637899293
09:53:18,2025-06-07,-0.946775,54.278697,16.86174205107485,337.99150708162404,10.8,231.0,13.705658601423202
09:53:19,2025-06-07,-0.946802,54.278736,16.03111795692162,337.6932587667766,10.8,231.0,12.928841461908586
09:53:20,2025-06-07,-0.946828,54.278773,15.586752846620387,334.18442152120167,10.8,231.0,13.123422429755566
09:53:21,2025-06-07,-0.946857,54.278808,15.485882184944085,334.96400163624105,10.8,231.0,12.87971020014144
09:53:22,2025-06-07,-0.946885,54.278843,16.402426564474133,338.2247840105993,10.8,231.0,13.204317171981904
09:53:23,2025-06-07,-0.946911,54.278881,15.85868353151813,339.25797295979766,10.8,231.0,12.475087182277893
09:53:24,2025-06-07,-0.946935,54.278918,15.387919700122902,335.75365502739527,10.8,231.0,12.6375524125781
09:53:25,2025-06-07,-0.946962,54.278953,16.402420786722267,338.22483670053737,10.8,231.0,13.204301907850567
09:53:26,2025-06-07,-0.946988,54.278991,15.200966109253196,337.3625247243226,10.8,231.0,12.158455547207714
09:53:27,2025-06-07,-0.947013,54.279026,16.316708939865578,338.98802462891894,10.8,231.0,12.981472297431417
09:53:28,2025-06-07,-0.947038,54.279064,15.943396446481819,338.4715246511547,10.8,231.0,12.700893266313676
09:53:29,2025-06-07,-0.947063,54.279101,16.77508094513396,338.732792010907,10.8,231.0,13.485635883218354
09:53:30,2025-06-07,-0.947089,54.27914,18.277623007564447,340.5560904895613,10.8,231.0,14.662544289264623
09:53:31,2025-06-07,-0.947115,54.279183,16.40240871453775,338.2249468830435,10.8,231.0,13.204269998242772
09:53:32,2025-06-07,-0.947141,54.279221,16.233927049472367,339.75915459649667,10.8,231.0,12.760746845141886
09:53:33,2025-06-07,-0.947165,54.279259,16.316697612827138,338.9881330848407,10.8,231.0,12.981441526193498
09:53:34,2025-06-07,-0.94719,54.279297,16.121724464707913,336.92400457154105,10.8,231.0,13.158613518697045
09:53:35,2025-06-07,-0.947217,54.279334,16.951146002803334,337.25839633488715,10.8,231.0,13.92747323985506
09:53:36,2025-06-07,-0.947245,54.279373,16.77506700973626,338.73291986328326,10.8,231.0,13.485598993260556
09:53:37,2025-06-07,-0.947271,54.279412,17.366522972466136,341.1318533098258,10.8,231.0,13.649360328098414
09:53:38,2025-06-07,-0.947295,54.279453,16.490989958692207,337.4699639639971,10.8,231.0,13.42905316788748
09:53:39,2025-06-07,-0.947322,54.279491,16.582425836261542,336.7230376693678,10.8,231.0,13.65576076873506
09:53:40,2025-06-07,-0.94735,54.279529,16.31158669698271,335.41130651025594,10.8,231.0,13.623671697352068
09:53:41,2025-06-07,-0.947379,54.279566,15.84966120228701,335.5776674952891,10.8,231.0,13.131385987154617
09:53:42,2025-06-07,-0.947407,54.279602,16.12170680088376,336.9241575124231,10.8,231.0,13.158568132465113
09:53:43,2025-06-07,-0.947434,54.279639,15.485827925066438,334.96444471294814,10.8,231.0,12.879574890512831
09:53:44,2025-06-07,-0.947462,54.279674,15.571416934633461,337.9305650871871,10.8,231.0,12.42632112105639
09:53:45,2025-06-07,-0.947487,54.27971,17.692722242304278,338.2622421337736,10.8,231.0,14.48786951326818
09:53:46,2025-06-07,-0.947515,54.279751,16.582410079012845,336.7231689218431,10.8,231.0,13.655721196704267
09:53:47,2025-06-07,-0.947543,54.279789,16.77362215357162,335.25426379107387,10.8,231.0,14.114387619830246
09:53:48,2025-06-07,-0.947573,54.279827,16.975639160875723,333.8192677191858,10.8,231.0,14.579373896994028
09:53:49,2025-06-07,-0.947605,54.279865,17.08057890224369,333.11468412389416,10.8,231.0,14.813992098720348
09:53:50,2025-06-07,-0.947638,54.279903,17.298088370508356,331.7315727173938,10.8,231.0,15.287041388822024
09:53:51,2025-06-07,-0.947673,54.279941,18.72451306400453,334.05612028891727,10.8,231.0,16.284735543253184
09:53:52,2025-06-07,-0.947708,54.279983,17.188069728951742,332.418824739108,10.8,231.0,15.049892193776234
09:53:53,2025-06-07,-0.947742,54.280021,17.64269997635908,329.7226037365631,10.8,231.0,16.00487156510293
09:53:54,2025-06-07,-0.94778,54.280059,17.410548031769817,331.0532093409209,10.8,231.0,15.525271172678838
09:53:55,2025-06-07,-0.947816,54.280097,17.188059780094292,332.4188898002671,10.8,231.0,15.049870223926842
09:53:56,2025-06-07,-0.94785,54.280135,17.87469964924707,331.01869862561324,10.8,231.0,15.995828369198634
09:53:57,2025-06-07,-0.947887,54.280174,17.525426021988835,330.38359575450875,10.8,231.0,15.76455630887396
09:53:58,2025-06-07,-0.947924,54.280212,17.410533210291284,331.0532994541349,10.8,231.0,15.525239626062994
09:53:59,2025-06-07,-0.94796,54.28025,17.54403407280122,333.025193870896,10.8,231.0,15.293942871989737
09:54:00,2025-06-07,-0.947994,54.280289,17.525414318024197,330.3836644616982,10.8,231.0,15.764531827209346
09:54:01,2025-06-07,-0.948031,54.280327,17.52541044778888,330.3836871690325,10.8,231.0,15.764523734017603
09:54:02,2025-06-07,-0.948068,54.280365,16.94636674100376,331.08983780759695,10.8,231.0,15.054291972535443
09:54:03,2025-06-07,-0.948103,54.280402,17.651811934711283,332.3481803689889,10.8,231.0,15.526688594074
09:54:04,2025-06-07,-0.948138,54.280441,17.06115029447913,330.4017385779313,10.8,231.0,15.296906589355899
09:54:05,2025-06-07,-0.948174,54.280478,17.762037093926473,331.6794074365065,10.8,231.0,15.760651893674792
09:54:06,2025-06-07,-0.94821,54.280517,17.54401127031371,333.0253439599658,10.8,231.0,15.29389239920482
09:54:07,2025-06-07,-0.948244,54.280556,17.298028260847254,331.7319514966859,10.8,231.0,15.286911129721156
09:54:08,2025-06-07,-0.948279,54.280594,17.29802476443199,331.73197353515025,10.8,231.0,15.286903551813229
09:54:09,2025-06-07,-0.948314,54.280632,17.525379400263052,330.3838693914905,10.8,231.0,15.764458798001767
09:54:10,2025-06-07,-0.948351,54.28067,17.64263067426463,329.7229967070591,10.8,231.0,16.004729046574077
09:54:11,2025-06-07,-0.948389,54.280708,17.410485153229516,331.0535915922662,10.8,231.0,15.525137347791578
09:54:12,2025-06-07,-0.948425,54.280746,17.298010772397575,331.73206170320634,10.8,231.0,15.286873231181549
09:54:13,2025-06-07,-0.94846,54.280784,17.29800727470964,331.73208375177046,10.8,231.0,15.286865650131974
09:54:14,2025-06-07,-0.948495,54.280822,16.724246715629924,332.4941174961831,10.8,231.0,14.572159601110679
09:54:15,2025-06-07,-0.948528,54.280859,19.650457932638485,333.8520720094161,10.8,231.0,17.248163722888183
09:54:16,2025-06-07,-0.948565,54.280903,17.52535180673218,330.384031297487,10.8,231.0,15.76440109431279
09:54:17,2025-06-07,-0.948602,54.280941,17.761993180958896,331.67967633616513,10.8,231.0,15.76055817225324
09:54:18,2025-06-07,-0.948638,54.28098,18.47106124997399,332.8596990329103,10.8,231.0,16.251489893670406
09:54:19,2025-06-07,-0.948674,54.281021,17.29798545567985,331.73222122419907,10.8,231.0,15.286818371417354
09:54:20,2025-06-07,-0.948709,54.281059,17.52533592989511,330.38412450610855,10.8,231.0,15.76436788318694
09:54:21,2025-06-07,-0.948746,54.281097,18.82836555513803,333.4162859269044,10.8,231.0,16.506225902582237
09:54:22,2025-06-07,-0.948782,54.281139,17.438657503163157,333.7110292834472,10.8,231.0,15.062290432177175
09:54:23,2025-06-07,-0.948815,54.281178,18.365070967953404,333.5096154777401,10.8,231.0,16.025753658384993
09:54:24,2025-06-07,-0.94885,54.281219,16.833983010853867,331.7877282119504,10.8,231.0,14.812537064546099
09:54:25,2025-06-07,-0.948884,54.281256,18.115537089603865,332.2814151022822,10.8,231.0,16.002754103581047
09:54:26,2025-06-07,-0.94892,54.281296,18.57935912947889,332.21754214357395,10.8,231.0,16.47838459250174
09:54:27,2025-06-07,-0.948957,54.281337,17.874579820372986,331.01940711747005,10.8,231.0,15.995577029362313
09:54:28,2025-06-07,-0.948994,54.281376,18.828340684885543,333.4164412031815,10.8,231.0,16.50617244801372
09:54:29,2025-06-07,-0.94903,54.281418,17.178273200969738,329.7234489240758,10.8,231.0,15.540287318404065
09:54:30,2025-06-07,-0.949067,54.281455,17.98954295748062,330.36730620756276,10.8,231.0,16.231702735933677
09:54:31,2025-06-07,-0.949105,54.281494,18.724381709058413,334.0569699074226,10.8,231.0,16.284448179238098
09:54:32,2025-06-07,-0.94914,54.281536,17.297938049086717,331.73251996053204,10.8,231.0,15.286715639349326
09:54:33,2025-06-07,-0.949175,54.281574,18.93460425863082,332.7831745276537,10.8,231.0,16.729151498099263
09:54:34,2025-06-07,-0.949212,54.281616,18.828319292757396,333.4165747714717,10.8,231.0,16.506126467737463
09:54:35,2025-06-07,-0.949248,54.281658,17.410393106847206,331.0541511266113,10.8,231.0,15.524941451258229
09:54:36,2025-06-07,-0.949284,54.281696,17.761921562553212,331.6801148186514,10.8,231.0,15.760405333553628
09:54:37,2025-06-07,-0.94932,54.281735,18.26144905609204,334.1671532157031,10.8,231.0,15.801287951295356
09:54:38,2025-06-07,-0.949354,54.281776,17.08042101189142,333.11575597916993,10.8,231.0,14.813636668339601
09:54:39,2025-06-07,-0.949387,54.281814,16.975484101496768,333.82036178864365,10.8,231.0,14.579017751073623
09:54:40,2025-06-07,-0.949419,54.281852,17.33583451462698,334.40494677640356,10.8,231.0,14.832050105841853
09:54:41,2025-06-07,-0.949451,54.281891,16.369957369314676,331.84664891195104,10.8,231.0,14.337602480945014
09:54:42,2025-06-07,-0.949484,54.281927,15.018776122744594,325.86439463712634,10.8,231.0,14.102960454968839
09:54:43,2025-06-07,-0.94952,54.281958,16.249664880740713,329.72377449236023,10.8,231.0,14.61161833993891
09:54:44,2025-06-07,-0.949555,54.281993,15.333100529531007,332.7463705967873,10.8,231.0,13.134439412472124
09:54:45,2025-06-07,-0.949585,54.282027,13.586599455123475,332.2818500841281,10.8,231.0,11.473736061253927
09:54:46,2025-06-07,-0.949612,54.282057,13.374524705144854,334.05727057182844,10.8,231.0,10.934535966704987
09:54:47,2025-06-07,-0.949637,54.282087,11.841256732142874,331.68033326337394,10.8,231.0,9.83970004057992
09:54:48,2025-06-07,-0.949661,54.282113,10.214065885867829,329.7238591213329,10.8,231.0,8.576003577432527
09:54:49,2025-06-07,-0.949683,54.282135,9.773978642592212,334.4685416363794,10.8,231.0,7.258535014729258
09:54:50,2025-06-07,-0.949701,54.282157,10.598944719323978,335.1950356832905,10.8,231.0,7.950532121866064
09:54:51,2025-06-07,-0.94972,54.282181,10.136885688395283,335.44520298026794,10.8,231.0,7.442782871794433
09:54:52,2025-06-07,-0.949738,54.282204,10.041524485972388,336.6598400540626,10.8,231.0,7.126327935787607
09:54:53,2025-06-07,-0.949755,54.282227,10.236727231701126,334.25368075511426,10.8,231.0,7.7606876784838
09:54:54,2025-06-07,-0.949774,54.28225,10.214057419618758,329.72394209335584,10.8,231.0,8.57597965226775
09:54:55,2025-06-07,-0.949796,54.282272,9.929277318265482,323.8802708271105,10.8,231.0,9.386587696700385
09:54:56,2025-06-07,-0.949821,54.282292,10.561853411706798,330.82059238693984,10.8,231.0,8.719766006344578
09:54:57,2025-06-07,-0.949843,54.282315,10.13688017611706,335.44527342944787,10.8,231.0,7.442764499965549
09:54:58,2025-06-07,-0.949861,54.282338,9.67503399099853,335.7193234461351,10.8,231.0,6.930925185031702
09:54:59,2025-06-07,-0.949878,54.28236,10.23672116959808,334.25375312970783,10.8,231.0,7.760668337462001
09:55:00,2025-06-07,-0.949897,54.282383,10.913276898219843,331.8469256209282,10.8,231.0,8.880870783303743
09:55:01,2025-06-07,-0.949919,54.282407,11.731622098907144,332.6868251934076,10.8,231.0,9.543951161554427
09:55:02,2025-06-07,-0.949942,54.282433,11.887109215063306,335.5791632570197,10.8,231.0,9.168561132952881
09:55:03,2025-06-07,-0.949963,54.28246,10.678319151198872,329.7240699591232,10.8,231.0,9.040217560569957
09:55:04,2025-06-07,-0.949986,54.282483,12.305245269014026,331.60676546734214,10.8,231.0,10.317317197575495
09:55:05,2025-06-07,-0.950011,54.28251,12.314621840686835,327.8426114185574,10.8,231.0,11.027883775669508
09:55:06,2025-06-07,-0.950039,54.282536,11.386613263735741,327.68921177096337,10.8,231.0,10.128588970941147
09:55:07,2025-06-07,-0.950065,54.28256,11.95443480206992,330.6929967077004,10.8,231.0,10.136050733156019
09:55:08,2025-06-07,-0.95009,54.282586,11.887101911611841,335.57924335668747,10.8,231.0,9.168539217230176
09:55:09,2025-06-07,-0.950111,54.282613,11.887100620666908,335.5792574950526,10.8,231.0,9.16853534707876
09:55:10,2025-06-07,-0.950132,54.28264,11.986121967916063,334.5605882735894,10.8,231.0,9.45380838213228
09:55:11,2025-06-07,-0.950154,54.282667,11.62568970509071,333.7118650490073,10.8,231.0,9.249168957172134
09:55:12,2025-06-07,-0.950176,54.282693,11.700639378809685,337.66653264981636,10.8,231.0,8.603188665868183
09:55:13,2025-06-07,-0.950195,54.28272,11.523567779542434,334.7552217776358,10.8,231.0,8.955604078668143
09:55:14,2025-06-07,-0.950216,54.282746,11.954422138264858,330.69310711378574,10.8,231.0,10.136017555395007
09:55:15,2025-06-07,-0.950241,54.282772,11.3865949245859,327.68936005715443,10.8,231.0,10.128542870782614
09:55:16,2025-06-07,-0.950267,54.282796,12.535392493216069,329.7242762508996,10.8,231.0,10.89725246740452
09:55:17,2025-06-07,-0.950294,54.282823,13.273388758031487,334.9661394870536,10.8,231.0,10.6668257085759
09:55:18,2025-06-07,-0.950318,54.282853,12.195271182098676,332.5743472942877,10.8,231.0,10.028366510063716
09:55:19,2025-06-07,-0.950342,54.28288,12.071112591441743,329.7243264063369,10.8,231.0,10.43296322094005
09:55:20,2025-06-07,-0.950368,54.282906,12.778620582813929,327.9112105850647,10.8,231.0,11.47904490753852
09:55:21,2025-06-07,-0.950397,54.282933,12.76924684825433,331.5385930931815,10.8,231.0,10.793950807573786
09:55:22,2025-06-07,-0.950423,54.282961,13.637362743801381,335.67891486454704,10.8,231.0,10.900621489348723
09:55:23,2025-06-07,-0.950447,54.282992,13.374468227555376,334.0577821208283,10.8,231.0,10.934385557585392
09:55:24,2025-06-07,-0.950472,54.283022,13.69735201818263,331.4156867799857,10.8,231.0,11.74483701154408
09:55:25,2025-06-07,-0.9505,54.283052,14.050352656188977,332.19794740392086,10.8,231.0,11.953001201054791
09:55:26,2025-06-07,-0.950528,54.283083,13.7357661612073,334.78937976789285,10.8,231.0,11.161548944872237
09:55:27,2025-06-07,-0.950553,54.283114,13.478870125578311,333.1632034380644,10.8,231.0,11.203342139482048
09:55:28,2025-06-07,-0.950579,54.283144,14.27548036983373,330.535810801535,10.8,231.0,12.486308972694044
09:55:29,2025-06-07,-0.950609,54.283175,14.763659493516393,333.64950910087435,10.8,231.0,12.398605872154858
09:55:30,2025-06-07,-0.950637,54.283208,13.347029716279051,330.5922870752867,10.8,231.0,11.547360760426816
09:55:31,2025-06-07,-0.950665,54.283237,14.660896847715641,334.46914432013205,10.8,231.0,12.145342741102345
09:55:32,2025-06-07,-0.950692,54.28327,13.478859987352635,333.16329082682836,10.8,231.0,11.203315898647103
09:55:33,2025-06-07,-0.950718,54.2833,13.58651077495284,332.28257904960446,10.8,231.0,11.47351262965384
09:55:34,2025-06-07,-0.950745,54.28333,12.88280342158276,330.6236292057675,10.8,231.0,11.077309483639905
09:55:35,2025-06-07,-0.950772,54.283358,13.586506735806129,332.28261226310906,10.8,231.0,11.473502450900483
09:55:36,2025-06-07,-0.950799,54.283388,14.05032830887158,332.1981402004032,10.8,231.0,11.952941204329708
09:55:37,2025-06-07,-0.950827,54.283419,13.478850300925963,333.1633743088298,10.8,231.0,11.203290829492065
09:55:38,2025-06-07,-0.950853,54.283449,13.374440618149105,334.0580321436882,10.8,231.0,10.934312038611115
09:55:39,2025-06-07,-0.950878,54.283479,13.586498306077697,332.2826815534943,10.8,231.0,11.473481212658202
09:55:40,2025-06-07,-0.950905,54.283509,12.655366002787693,328.809465725384,10.8,231.0,11.187870101447924
09:55:41,2025-06-07,-0.950933,54.283536,14.05031758496795,332.1982251243002,10.8,231.0,11.952914777415641
09:55:42,2025-06-07,-0.950961,54.283567,14.16138695785309,331.36057024138097,10.8,231.0,12.219090882305622
09:55:43,2025-06-07,-0.95099,54.283598,13.697309140776449,331.41602335271523,10.8,231.0,11.744731737111003
09:55:44,2025-06-07,-0.951018,54.283628,14.161382239241014,331.36060592960087,10.8,231.0,12.219079546304703
09:55:45,2025-06-07,-0.951047,54.283659,14.625467534297313,331.30870699567276,10.8,231.0,12.692788851685615
09:55:46,2025-06-07,-0.951077,54.283691,14.76362402980827,333.6497945425398,10.8,231.0,12.39851790993757
09:55:47,2025-06-07,-0.951105,54.283724,13.942291531134444,333.0491201743595,10.8,231.0,11.68778949179312
09:55:48,2025-06-07,-0.951132,54.283755,13.69729745577922,331.41611509156144,10.8,231.0,11.744703044712939
09:55:49,2025-06-07,-0.95116,54.283785,13.942287399971994,333.04915444996516,10.8,231.0,11.687779042169506
09:55:50,2025-06-07,-0.951187,54.283816,13.463856880375923,329.7248953306558,10.8,231.0,11.825601511056234
09:55:51,2025-06-07,-0.951216,54.283845,13.368599346107759,327.1247497822021,10.8,231.0,12.216308673615623
09:55:52,2025-06-07,-0.951247,54.283873,15.22682382666458,333.53033120148825,10.8,231.0,12.883694549909979
09:55:53,2025-06-07,-0.951276,54.283907,15.226821389378143,333.5303500694342,10.8,231.0,12.883688640811458
09:55:54,2025-06-07,-0.951305,54.283941,13.586466121239289,332.28294611606003,10.8,231.0,11.473400122747218
09:55:55,2025-06-07,-0.951332,54.283971,14.739637708372596,330.51075081772893,10.8,231.0,12.955124907041679
09:55:56,2025-06-07,-0.951363,54.284003,14.512200396380562,328.92689147794306,10.8,231.0,13.02277864549724
09:55:57,2025-06-07,-0.951395,54.284034,15.203860204092067,330.48679624024453,10.8,231.0,13.42380082510397
09:55:58,2025-06-07,-0.951427,54.284067,14.050279107879694,332.1985298218572,10.8,231.0,11.952819959699303
09:55:59,2025-06-07,-0.951455,54.284098,15.226807732415692,333.5304560583909,10.8,231.0,12.883655481267596
09:56:00,2025-06-07,-0.951484,54.284132,13.94226388415467,333.04934943086175,10.8,231.0,11.68771958304288
09:56:01,2025-06-07,-0.951511,54.284163,13.586450656044914,332.2830732482318,10.8,231.0,11.473361156859049
09:56:02,2025-06-07,-0.951538,54.284193,13.37439566429219,334.05843919787515,10.8,231.0,10.93419234096065
09:56:03,2025-06-07,-0.951563,54.284223,13.374393855820259,334.05845561646464,10.8,231.0,10.934187517689578
09:56:04,2025-06-07,-0.951588,54.284253,12.535281952213134,329.7251585509136,10.8,231.0,10.896977541212191
09:56:05,2025-06-07,-0.951615,54.28428,12.535279897080361,329.7251748834148,10.8,231.0,10.896972443103069
09:56:06,2025-06-07,-0.951642,54.284307,10.458575488870043,327.50968588793285,10.8,231.0,9.23416678695695
09:56:07,2025-06-07,-0.951666,54.284329,10.213928895169591,329.7252010228301,10.8,231.0,8.575616571049204
09:56:08,2025-06-07,-0.951688,54.284351,9.7533743308215,321.38098296415575,10.8,231.0,9.681561263142013
09:56:09,2025-06-07,-0.951714,54.28437,10.207773536179015,318.2987803329356,10.8,231.0,10.716752850333455
09:56:10,2025-06-07,-0.951743,54.284389,10.52593086552253,316.3949897500684,10.8,231.0,11.393020612765131
09:56:11,2025-06-07,-0.951774,54.284408,10.663221068117121,318.79322582350983,10.8,231.0,11.079085364363747
09:56:12,2025-06-07,-0.951804,54.284428,11.737613719471364,321.80401496507625,10.8,231.0,11.586065442862292
09:56:13,2025-06-07,-0.951835,54.284451,11.133242103873076,322.4215970108915,10.8,231.0,10.865304873238344
09:56:14,2025-06-07,-0.951864,54.284473,10.51003345856823,319.75364544785435,10.8,231.0,10.744947229256452
09:56:15,2025-06-07,-0.951893,54.284493,11.88421727620135,320.9168903958706,10.8,231.0,11.899883062014274
09:56:16,2025-06-07,-0.951925,54.284516,12.033607358547787,320.0515024875754,10.8,231.0,12.21238676160671
09:56:17,2025-06-07,-0.951958,54.284539,12.03360461248656,320.0515182265037,10.8,231.0,12.212381049233898
09:56:18,2025-06-07,-0.951991,54.284562,11.884209438496958,320.9169373606495,10.8,231.0,11.899866371666928
09:56:19,2025-06-07,-0.952023,54.284585,11.884206825920222,320.91695300771426,10.8,231.0,11.89986080969107
09:56:20,2025-06-07,-0.952055,54.284608,12.977358781967885,323.46433827423135,10.8,231.0,12.51298516825221
09:56:21,2025-06-07,-0.952088,54.284634,12.340318045139457,318.38441166872633,10.8,231.0,12.833173605180773
09:56:22,2025-06-07,-0.952123,54.284657,12.656982976270186,316.7991855845736,10.8,231.0,13.448108606595417
09:56:23,2025-06-07,-0.95216,54.28468,13.270332390138993,316.5107971438271,10.8,231.0,14.115661669187011
09:56:24,2025-06-07,-0.952199,54.284704,13.862144105364276,318.79343559719524,10.8,231.0,14.27796888952504
09:56:25,2025-06-07,-0.952238,54.28473,13.487493253201153,313.17049824257344,10.8,231.0,14.95873074041266
09:56:26,2025-06-07,-0.95228,54.284753,13.862137007153999,318.79346936815614,10.8,231.0,14.277955430358604
09:56:27,2025-06-07,-0.952319,54.284779,13.432945229020756,315.78616670471854,10.8,231.0,14.414373849841352
09:56:28,2025-06-07,-0.952359,54.284803,14.017893214063307,318.0734248800861,10.8,231.0,14.569299784913396
09:56:29,2025-06-07,-0.952399,54.284829,14.629656167825532,317.7585295370297,10.8,231.0,15.240333072718705
09:56:30,2025-06-07,-0.952441,54.284856,14.629651871277655,317.75854824361556,10.8,231.0,15.240325255703853
09:56:31,2025-06-07,-0.952483,54.284883,14.629647574736726,317.7585669233465,10.8,231.0,15.240317443749822
09:56:32,2025-06-07,-0.952525,54.28491,15.103867806328639,322.80583253407127,10.8,231.0,14.763532745763907
09:56:33,2025-06-07,-0.952564,54.28494,14.949288498968196,316.42958624856624,10.8,231.0,15.809877853817921
09:56:34,2025-06-07,-0.952608,54.284967,14.3358211135249,316.6807520386487,10.8,231.0,15.149209259953649
09:56:35,2025-06-07,-0.95265,54.284993,14.78845987394629,317.08696924230765,10.8,231.0,15.525475546103799
09:56:36,2025-06-07,-0.952693,54.28502,14.788455409593265,317.08698795592795,10.8,231.0,15.525467562539621
09:56:37,2025-06-07,-0.952736,54.285047,14.175784869700408,317.3694103392182,10.8,231.0,14.859677020997202
09:56:38,2025-06-07,-0.952777,54.285073,14.472843244561412,318.4449826563223,10.8,231.0,14.954293063852386
09:56:39,2025-06-07,-0.952818,54.2851,13.487429211413525,313.17075502219427,10.8,231.0,14.95861874800207
09:56:40,2025-06-07,-0.95286,54.285123,13.3172121123395,313.86017116020264,10.8,231.0,14.659557729007261
09:56:41,2025-06-07,-0.952901,54.285146,12.533728468397188,314.76327411067354,10.8,231.0,13.707003446053116
09:56:42,2025-06-07,-0.952939,54.285168,13.14896904416702,314.56730888950574,10.8,231.0,14.358957041972632
09:56:43,2025-06-07,-0.952979,54.285191,12.656906676958181,316.7995562280376,10.8,231.0,13.44796263031568
09:56:44,2025-06-07,-0.953016,54.285214,12.043908682334477,317.11733519347143,10.8,231.0,12.775213747826909
09:56:45,2025-06-07,-0.953051,54.285236,11.983562749026593,312.03818837860297,10.8,231.0,13.66594488044527
09:56:46,2025-06-07,-0.953089,54.285256,12.34023655400972,318.3848412199954,10.8,231.0,12.833011229884232
09:56:47,2025-06-07,-0.953124,54.285279,12.033516326196883,320.0520248658254,10.8,231.0,12.21219727675994
09:56:48,2025-06-07,-0.953157,54.285302,12.656890814037244,316.79963327822276,10.8,231.0,13.447932282788036
09:56:49,2025-06-07,-0.953194,54.285325,12.204843355817433,316.3118481866228,10.8,231.0,13.08755340938054
09:56:50,2025-06-07,-0.95323,54.285347,13.109782816749282,317.2537758087669,10.8,231.0,13.815426411570519
09:56:51,2025-06-07,-0.953268,54.285371,12.533694189187809,314.7634305849482,10.8,231.0,13.706939846696887
09:56:52,2025-06-07,-0.953306,54.285393,13.317167025235442,313.8603587741971,10.8,231.0,14.659477551714676
09:56:53,2025-06-07,-0.953347,54.285416,14.017800851626863,318.07384873184236,10.8,231.0,14.569127632487342
09:56:54,2025-06-07,-0.953387,54.285442,12.871223313131429,313.29504082726504,10.8,231.0,14.319200463522456
09:56:55,2025-06-07,-0.953427,54.285464,14.379806406805635,314.225866454987,10.8,231.0,15.653727720625177
09:56:56,2025-06-07,-0.953471,54.285489,13.65947614379925,312.498866093886,10.8,231.0,15.25602917224511
09:56:57,2025-06-07,-0.953514,54.285512,14.47277594803971,318.4452857528237,10.8,231.0,14.954168691776044
09:56:58,2025-06-07,-0.953555,54.285539,14.165666924343308,319.8628102856901,10.8,231.0,14.380008062212532
09:56:59,2025-06-07,-0.953594,54.285566,13.862019309041552,318.7940298034788,10.8,231.0,14.27773217098482
09:57:00,2025-06-07,-0.953633,54.285592,13.708496987885429,319.53032905951613,10.8,231.0,13.985493056271613
09:57:01,2025-06-07,-0.953671,54.285618,13.76427676135129,314.3891607279494,10.8,231.0,15.007627578630954
09:57:02,2025-06-07,-0.953713,54.285642,14.017766803107481,318.07400499345744,10.8,231.0,14.56906416774947
09:57:03,2025-06-07,-0.953753,54.285668,12.043847693375172,317.11765006623176,10.8,231.0,12.775093542963809
09:57:04,2025-06-07,-0.953788,54.28569,11.431264389563365,317.469487237249,10.8,231.0,12.09632931530706
09:57:05,2025-06-07,-0.953821,54.285711,14.17568088700959,317.3698705424997,10.8,231.0,14.859486466103732
09:57:06,2025-06-07,-0.953862,54.285737,13.262137477301376,321.8394640476033,10.8,231.0,13.103907893377867
09:57:07,2025-06-07,-0.953897,54.285763,12.340170129281079,318.3851913403917,10.8,231.0,12.832878877739287
09:57:08,2025-06-07,-0.953932,54.285786,12.982691922485452,315.29301846171194,10.8,231.0,14.056654693898766
09:57:09,2025-06-07,-0.953971,54.285809,12.340164100685607,318.3852231202672,10.8,231.0,12.832866865015434
09:57:10,2025-06-07,-0.954006,54.285832,12.185515315893204,319.2083584440219,10.8,231.0,12.523176758181483
09:57:11,2025-06-07,-0.95404,54.285855,12.642250156015825,319.59260547396,10.8,231.0,12.907511097110051
09:57:12,2025-06-07,-0.954075,54.285879,13.579185012076604,322.8851671713166,10.8,231.0,13.223903482632279
09:57:13,2025-06-07,-0.95411,54.285906,14.555149231229619,325.7439428192666,10.8,231.0,13.661958425419666
09:57:14,2025-06-07,-0.954145,54.285936,14.82456151167356,324.24815068860414,10.8,231.0,14.212627432650965
09:57:15,2025-06-07,-0.954182,54.285966,13.722124017928055,322.10568297567795,10.8,231.0,13.513720622766671
09:57:16,2025-06-07,-0.954218,54.285993,13.099499121765101,319.9501110853191,10.8,231.0,13.297387445269292
09:57:17,2025-06-07,-0.954254,54.286018,12.336033314706386,310.5816196047176,10.8,231.0,14.289047687264516
09:57:18,2025-06-07,-0.954294,54.286038,14.16559628102683,319.86315233242885,10.8,231.0,14.379872957299742
09:57:19,2025-06-07,-0.954333,54.286065,14.473962536092658,320.886685506315,10.8,231.0,14.495321801023117
09:57:20,2025-06-07,-0.954372,54.286093,14.68858217986029,324.98932135040565,10.8,231.0,13.937220251254116
09:57:21,2025-06-07,-0.954408,54.286123,14.887803723835251,326.612789245803,10.8,231.0,13.831509222055196
09:57:22,2025-06-07,-0.954443,54.286154,14.688575108987258,324.9893612181765,10.8,231.0,13.937205683691847
09:57:23,2025-06-07,-0.954479,54.286184,14.824531424186311,324.2483142462184,10.8,231.0,14.212566564810459
09:57:24,2025-06-07,-0.954516,54.286214,14.47266834152195,318.4457704271088,10.8,231.0,14.953969817091213
09:57:25,2025-06-07,-0.954557,54.286241,15.998302050404641,321.00298407687706,10.8,231.0,15.997739565165215
09:57:26,2025-06-07,-0.9546,54.286272,16.147062610309902,320.3573225292401,10.8,231.0,16.268201919278763
09:57:27,2025-06-07,-0.954644,54.286303,15.994514215883363,318.7945416923103,10.8,231.0,16.41013066054526
09:57:28,2025-06-07,-0.954689,54.286333,15.840842526896857,319.4317240018242,10.8,231.0,16.136418677175786
09:57:29,2025-06-07,-0.954733,54.286363,16.297827827842234,319.7235381854368,10.8,231.0,16.538415308451814
09:57:30,2025-06-07,-0.954778,54.286394,16.15010680324173,318.1696137603153,10.8,231.0,16.68340507576184
09:57:31,2025-06-07,-0.954824,54.286424,16.340664995557344,315.39495931629915,10.8,231.0,17.395505920700284
09:57:32,2025-06-07,-0.954873,54.286453,17.060788255499705,318.7946470121655,10.8,231.0,17.47638486254141
09:57:33,2025-06-07,-0.954921,54.286485,15.442768897274485,314.5417185742872,10.8,231.0,16.657550066000653
09:57:34,2025-06-07,-0.954968,54.286512,16.955349875948247,315.220171512199,10.8,231.0,18.04297504226843
09:57:35,2025-06-07,-0.955019,54.286542,17.904869105461554,313.99662892554295,10.8,231.0,19.221688708105603
09:57:36,2025-06-07,-0.955074,54.286573,17.27031218404016,310.5820102548152,10.8,231.0,19.22325413474032
09:57:37,2025-06-07,-0.95513,54.286601,17.53328777188865,311.5778731108881,10.8,231.0,19.301322847695342
09:57:38,2025-06-07,-0.955186,54.28663,16.74184486328132,312.1465081489311,10.8,231.0,18.4040554570599
09:57:39,2025-06-07,-0.955239,54.286658,17.28918073407178,314.1184374278968,10.8,231.0,18.583208324026224
09:57:40,2025-06-07,-0.955292,54.286688,16.955314182481978,315.2202939192679,10.8,231.0,18.042916392909678
09:57:41,2025-06-07,-0.955343,54.286718,17.629177567075672,313.0586740972349,10.8,231.0,19.121294097740375
09:57:42,2025-06-07,-0.955398,54.286748,15.85918155608075,311.13260005135703,10.8,231.0,17.709962076620027
09:57:43,2025-06-07,-0.955449,54.286774,18.35210684799629,314.3899729738128,10.8,231.0,19.595305578405583
09:57:44,2025-06-07,-0.955505,54.286806,16.955290254206425,315.22037598108017,10.8,231.0,18.042877074979774
09:57:45,2025-06-07,-0.955556,54.286836,17.904803398330028,313.99683327522763,10.8,231.0,19.22158476934872
09:57:46,2025-06-07,-0.955611,54.286867,17.079958653996563,316.7260380432692,10.8,231.0,17.88483458026475
09:57:47,2025-06-07,-0.955661,54.286898,18.282495758921044,318.242869037828,10.8,231.0,18.802002149690555
09:57:48,2025-06-07,-0.955713,54.286932,17.40509785115935,315.6034939505597,10.8,231.0,18.42081196180953
09:57:49,2025-06-07,-0.955765,54.286963,17.12139541308869,314.66420826870234,10.8,231.0,18.31323158069393
09:57:50,2025-06-07,-0.955817,54.286993,16.919888600850005,317.3034494415862,10.8,231.0,17.616188679572723
09:57:51,2025-06-07,-0.955866,54.287024,16.761588414918933,317.89173253032754,10.8,231.0,17.34719568996244
09:57:52,2025-06-07,-0.955914,54.287055,17.522585091814715,321.0995018276503,10.8,231.0,17.50382944859635
09:57:53,2025-06-07,-0.955961,54.287089,15.994382912738867,318.7950835443441,10.8,231.0,16.409897296337327
09:57:54,2025-06-07,-0.956006,54.287119,15.231562322309584,319.7890812374263,10.8,231.0,15.459798139803953
09:57:55,2025-06-07,-0.956048,54.287148,16.755087191322556,319.9999391422524,10.8,231.0,16.943584650513124
09:57:56,2025-06-07,-0.956094,54.28718,16.307459913779066,317.5571374929247,10.8,231.0,16.956033739539464
09:57:57,2025-06-07,-0.956141,54.28721,15.27622965981493,315.1583094374781,10.8,231.0,16.37545563579345
09:57:58,2025-06-07,-0.956187,54.287237,16.91984287242232,317.30361859975267,10.8,231.0,17.616111131916686
09:57:59,2025-06-07,-0.956236,54.287268,16.76154413828433,317.8919013643543,10.8,231.0,17.347119635679363
09:58:00,2025-06-07,-0.956284,54.287299,17.522544572377278,321.09966769395845,10.8,231.0,17.50375766414362
09:58:01,2025-06-07,-0.956331,54.287333,16.30743255004195,317.5572434835459,10.8,231.0,16.95598643309785
09:58:02,2025-06-07,-0.956378,54.287363,16.149939226183363,318.17028358189873,10.8,231.0,16.683111394296983
09:58:03,2025-06-07,-0.956424,54.287393,15.539404712516767,320.74406414930667,10.8,231.0,15.587647323382054
09:58:04,2025-06-07,-0.956466,54.287423,14.165400206406181,319.86410172989645,10.8,231.0,14.379497960669188
09:58:05,2025-06-07,-0.956505,54.28745,14.175408558344976,317.3710758450798,10.8,231.0,14.858987398952852
09:58:06,2025-06-07,-0.956546,54.287476,12.818396698701463,316.03811414810394,10.8,231.0,13.752521503589708
09:58:07,2025-06-07,-0.956584,54.287499,11.885110701285715,317.94607953113166,10.8,231.0,12.460488616754544
09:58:08,2025-06-07,-0.956618,54.287521,12.339939807830309,318.3864054685885,10.8,231.0,12.832419936688483
09:58:09,2025-06-07,-0.956653,54.287544,12.446801134353441,307.77568945808633,10.8,231.0,14.917451665807134
09:58:10,2025-06-07,-0.956695,54.287563,12.633077948818057,307.1248927413505,10.8,231.0,15.222985794936454
09:58:11,2025-06-07,-0.956738,54.287582,12.514915883992968,309.8850890865159,10.8,231.0,14.596911113401628
09:58:12,2025-06-07,-0.956779,54.287602,12.818377939597584,316.0382017202361,10.8,231.0,13.752486299387282
09:58:13,2025-06-07,-0.956817,54.287625,14.175381158156638,317.3711971417905,10.8,231.0,14.858937180715982
09:58:14,2025-06-07,-0.956858,54.287651,14.275545973536918,312.41753416890447,10.8,231.0,15.887259655613295
09:58:15,2025-06-07,-0.956903,54.287675,15.610690305504273,313.9396335468515,10.8,231.0,16.938172474098952
09:58:16,2025-06-07,-0.956951,54.287702,15.276139557115847,315.1586516129436,10.8,231.0,16.37530136946566
09:58:17,2025-06-07,-0.956997,54.287729,15.442533566632138,314.54258366509174,10.8,231.0,16.657152704257253
09:58:18,2025-06-07,-0.957044,54.287756,15.538698187414342,318.4707658145882,10.8,231.0,16.015292778738967
09:58:19,2025-06-07,-0.957088,54.287785,15.562504989571591,316.2002155211911,10.8,231.0,16.46618521524361
09:58:20,2025-06-07,-0.957134,54.287813,14.994978535469555,314.0777079123649,10.8,231.0,16.296627822743975
09:58:21,2025-06-07,-0.95718,54.287839,15.89101123387247,314.9813620012859,10.8,231.0,17.0234125117957
09:58:22,2025-06-07,-0.957228,54.287867,16.466653754870908,316.95636002675485,10.8,231.0,17.228229355170395
09:58:23,2025-06-07,-0.957276,54.287897,16.149846878181908,318.1706527108428,10.8,231.0,16.6829495519579
09:58:24,2025-06-07,-0.957322,54.287927,15.442496099934733,314.5427213488909,10.8,231.0,16.65708944942344
09:58:25,2025-06-07,-0.957369,54.287954,16.307321474887058,317.55767367392394,10.8,231.0,16.955794415290637
09:58:26,2025-06-07,-0.957416,54.287984,14.827233648577261,314.7073214451548,10.8,231.0,16.010992473033024
09:58:27,2025-06-07,-0.957461,54.28801,15.06624979706772,311.74189869056045,10.8,231.0,16.80377669174402
09:58:28,2025-06-07,-0.957509,54.288035,15.538652316441272,318.4709584375641,10.8,231.0,16.015210634558173
09:58:29,2025-06-07,-0.957553,54.288064,15.241287078712721,317.4711390873314,10.8,231.0,15.906041228703145
09:58:30,2025-06-07,-0.957597,54.288092,15.695255347863403,317.83110240101456,10.8,231.0,16.292273990055765
09:58:31,2025-06-07,-0.957642,54.288121,15.276062827909232,315.15894304933795,10.8,231.0,16.37516999102476
09:58:32,2025-06-07,-0.957688,54.288148,15.610597959813294,313.93996229663423,10.8,231.0,16.938018630401977
09:58:33,2025-06-07,-0.957736,54.288175,15.276052935606264,315.1589805933776,10.8,231.0,16.37515305857972
09:58:34,2025-06-07,-0.957782,54.288202,14.827194274239911,314.70747306044,10.8,231.0,16.010924692071743
09:58:35,2025-06-07,-0.957827,54.288228,15.442439163621675,314.54293068690953,10.8,231.0,16.656993304145622
09:58:36,2025-06-07,-0.957874,54.288255,15.27603828600171,315.15903624106085,10.8,231.0,16.375127974093026
09:58:37,2025-06-07,-0.95792,54.288282,16.307262807868867,317.55790088975255,10.8,231.0,16.95569299636747
09:58:38,2025-06-07,-0.957967,54.288312,15.111437389133002,315.7886259784077,10.8,231.0,16.09240436487461
09:58:39,2025-06-07,-0.958012,54.288339,16.297504081815184,319.72489384696735,10.8,231.0,16.537836089591625
09:58:40,2025-06-07,-0.958057,54.28837,16.60485895166108,318.4920472239468,10.8,231.0,17.077445966857564
09:58:41,2025-06-07,-0.958104,54.288401,16.297493924831418,319.72493638732203,10.8,231.0,16.537817915925494
09:58:42,2025-06-07,-0.958149,54.288432,17.691840623390213,322.5062205730957,10.8,231.0,17.40795743473312
09:58:43,2025-06-07,-0.958195,54.288467,18.333677618707743,324.03213133468194,10.8,231.0,17.762401066961058
09:58:44,2025-06-07,-0.958241,54.288504,18.75599576144823,322.2955217881035,10.8,231.0,18.51181646539606
09:58:45,2025-06-07,-0.95829,54.288541,20.644761130875455,324.67167006320074,10.8,231.0,19.95314122326277
09:58:46,2025-06-07,-0.958341,54.288583,20.919791844500313,323.6255063794362,10.8,231.0,20.425068731487954
09:58:47,2025-06-07,-0.958394,54.288625,21.201623933253384,322.6067448641062,10.8,231.0,20.89879935589046
09:58:48,2025-06-07,-0.958449,54.288667,22.167959476187065,324.49546985925883,10.8,231.0,21.50948756996599
09:58:49,2025-06-07,-0.958504,54.288712,23.750897522831742,325.82356005371565,10.8,231.0,22.84275150096144
09:58:50,2025-06-07,-0.958561,54.288761,24.29086073467899,323.99610252742934,10.8,231.0,23.726366058013195
09:58:51,2025-06-07,-0.958622,54.28881,25.80874005715356,327.03440089207965,10.8,231.0,24.673383964646625
09:58:52,2025-06-07,-0.958682,54.288864,27.412370912252648,328.03777118041694,10.8,231.0,26.089115659375167
09:58:53,2025-06-07,-0.958744,54.288922,28.92925719824681,327.72590140001086,10.8,231.0,27.664364410542632
09:58:54,2025-06-07,-0.95881,54.288983,30.785202696846078,327.84669744366863,10.8,231.0,29.497699923495485
09:58:55,2025-06-07,-0.95888,54.289048,31.12495964813224,328.2395602066591,10.8,231.0,29.763962925666114
09:58:56,2025-06-07,-0.95895,54.289114,31.335257951266556,330.4672799628133,10.8,231.0,29.558827095334593
09:58:57,2025-06-07,-0.959016,54.289182,30.06600580245995,331.65428094444815,10.8,231.0,28.06927499259744
09:58:58,2025-06-07,-0.959077,54.289248,30.773332644996152,332.3631530227347,10.8,231.0,28.645442275060024
09:58:59,2025-06-07,-0.959138,54.289316,28.96008345917189,334.13064933122683,10.8,231.0,26.50662277419621
09:59:00,2025-06-07,-0.959192,54.289381,28.46721479205007,336.2498820028829,10.8,231.0,25.626499134644572
09:59:01,2025-06-07,-0.959241,54.289446,27.38791383140005,339.49790832423344,10.8,231.0,23.961397441587057
09:59:02,2025-06-07,-0.959282,54.28951,26.7873538052475,343.25006475656573,10.8,231.0,22.697937440395577
09:59:03,2025-06-07,-0.959315,54.289574,24.08810479827956,344.7987782387077,10.8,231.0,19.730026310745124
09:59:04,2025-06-07,-0.959342,54.289632,24.02756594417342,345.3371104572784,10.8,231.0,19.57683639545927
09:59:05,2025-06-07,-0.959368,54.28969,20.875456262906088,343.7304690289396,10.8,231.0,16.702373203901168
09:59:06,2025-06-07,-0.959393,54.28974,20.107511210352577,343.09056672533217,10.8,231.0,16.045936712220605
09:59:07,2025-06-07,-0.959418,54.289788,17.535380365007217,343.730502571798,10.8,231.0,13.362291474388375
09:59:08,2025-06-07,-0.959439,54.28983,16.516712595080108,346.06809439472244,10.8,231.0,11.940805689002683
09:59:09,2025-06-07,-0.959456,54.28987,16.071801315916204,346.5335146933786,10.8,231.0,11.416580300160938
09:59:10,2025-06-07,-0.959472,54.289909,15.801127350954177,344.5448503313924,10.8,231.0,11.486885819920037
09:59:11,2025-06-07,-0.95949,54.289947,16.23344592274889,339.7639966502155,10.8,231.0,12.759401509254353
09:59:12,2025-06-07,-0.959514,54.289985,16.950515745431503,337.26367740901105,10.8,231.0,13.925887345872487
09:59:13,2025-06-07,-0.959542,54.290024,16.030510054796096,337.69877141125494,10.8,231.0,12.927238257040012
09:59:14,2025-06-07,-0.959568,54.290061,16.69076730015092,339.48642278297814,10.8,231.0,13.266304099851169
09:59:15,2025-06-07,-0.959593,54.2901,16.23343905985906,339.764065723056,10.8,231.0,12.759382318431763
09:59:16,2025-06-07,-0.959617,54.290138,16.49038615775961,337.4752233052377,10.8,231.0,13.427498694485
09:59:17,2025-06-07,-0.959644,54.290176,16.675967239862075,335.9899017600201,10.8,231.0,13.882560210269052
09:59:18,2025-06-07,-0.959673,54.290214,16.030499820048806,337.69886420895125,10.8,231.0,12.927211268002319
09:59:19,2025-06-07,-0.959699,54.290251,14.740382552465267,337.60791742469274,10.8,231.0,11.653518013924138
09:59:20,2025-06-07,-0.959723,54.290285,14.1978382708951,334.6278820202197,10.8,231.0,11.653195476093803
09:59:21,2025-06-07,-0.959749,54.290317,15.332466846228986,332.75108374117946,10.8,231.0,13.132935934508101
09:59:22,2025-06-07,-0.959779,54.290351,15.022882269632799,335.1318740249141,10.8,231.0,12.386013449928388
09:59:23,2025-06-07,-0.959806,54.290385,15.20036698414499,337.36815393103143,10.8,231.0,12.156838331733525
09:59:24,2025-06-07,-0.959831,54.29042,14.464196218979506,336.1459851511399,10.8,231.0,11.642379719029613
09:59:25,2025-06-07,-0.959856,54.290453,13.01500863097942,333.28987617307615,10.8,231.0,10.71614498768461
09:59:26,2025-06-07,-0.959881,54.290482,12.551686446791141,333.42150087074657,10.8,231.0,10.228586801142004
09:59:27,2025-06-07,-0.959905,54.29051,13.541918740833308,336.58500666496343,10.8,231.0,10.640306845562007
09:59:28,2025-06-07,-0.959928,54.290541,13.636950812172717,335.6828716110059,10.8,231.0,10.899488078173885
09:59:29,2025-06-07,-0.959952,54.290572,14.464187780624435,336.1460633651368,10.8,231.0,11.64235704980981
09:59:30,2025-06-07,-0.959977,54.290605,14.00294700580603,336.35834100122395,10.8,231.0,11.142512288504491
09:59:31,2025-06-07,-0.960001,54.290637,14.740363281565559,337.6081065631725,10.8,231.0,11.653464578559241
09:59:32,2025-06-07,-0.960025,54.290671,14.925607860085881,335.94697296649224,10.8,231.0,12.14001814541521
09:59:33,2025-06-07,-0.960051,54.290705,14.280645403175374,337.86340973319614,10.8,231.0,11.147661593736355
09:59:34,2025-06-07,-0.960074,54.290738,13.014990913929593,333.29003537353253,10.8,231.0,10.716097949765198
09:59:35,2025-06-07,-0.960099,54.290767,14.030237841430468,340.5192583522878,10.8,231.0,10.421702069454543
09:59:36,2025-06-07,-0.960119,54.2908,13.081099377485266,336.82784042079487,10.8,231.0,10.135423533359067
09:59:37,2025-06-07,-0.960141,54.29083,11.791551686621348,336.6188203708919,10.8,231.0,8.883800907256655
09:59:38,2025-06-07,-0.960161,54.290857,13.54190135128372,336.58518270078474,10.8,231.0,10.64025749406018
09:59:39,2025-06-07,-0.960184,54.290888,13.450282391598467,337.49981567246107,10.8,231.0,10.382949982929384
09:59:40,2025-06-07,-0.960206,54.290919,12.62054184328799,337.08830000798025,10.8,231.0,9.627662549072749
09:59:41,2025-06-07,-0.960227,54.290948,11.985688869437098,334.56507070798597,10.8,231.0,9.452553926640235
09:59:42,2025-06-07,-0.960249,54.290975,13.836951036121045,333.9169333113829,10.8,231.0,11.42273859313175
09:59:43,2025-06-07,-0.960275,54.291006,12.304682450105439,331.6117244289981,10.8,231.0,10.315835615223312
09:59:44,2025-06-07,-0.9603,54.291033,13.541892533619672,336.58527199172426,10.8,231.0,10.64023246429294
09:59:45,2025-06-07,-0.960323,54.291064,13.478353520088998,333.1676577898291,10.8,231.0,11.2020047637526
09:59:46,2025-06-07,-0.960349,54.291094,13.836943519376097,333.9169986823728,10.8,231.0,11.422719066056736
09:59:47,2025-06-07,-0.960375,54.291125,13.478349554127911,333.1676919709651,10.8,231.0,11.20199449954122
09:59:48,2025-06-07,-0.960401,54.291155,13.636917443998358,335.6831921382231,10.8,231.0,10.89939626512012
09:59:49,2025-06-07,-0.960425,54.291186,12.810687104380605,335.1602392024628,10.8,231.0,10.168633709029622
09:59:50,2025-06-07,-0.960448,54.291215,11.886689879585797,335.5837614275511,10.8,231.0,9.167302979690247
09:59:51,2025-06-07,-0.960469,54.291242,10.803955970974584,332.9462884575131,10.8,231.0,8.568413840426324
09:59:52,2025-06-07,-0.96049,54.291266,13.373968371637883,334.062309310829,10.8,231.0,10.933054419529107
09:59:53,2025-06-07,-0.960515,54.291296,13.6369097809237,335.68326575335095,10.8,231.0,10.899375179087404
09:59:54,2025-06-07,-0.960539,54.291327,14.863991162885569,340.69983955503886,10.8,231.0,11.223390844977395
09:59:55,2025-06-07,-0.96056,54.291362,14.408520682558656,341.05105208600617,10.8,231.0,10.705661854080013
09:59:56,2025-06-07,-0.96058,54.291396,14.788004488854089,341.55534853259627,10.8,231.0,10.995994280977627
09:59:57,2025-06-07,-0.9606,54.291431,14.925563611290228,335.9473664794359,10.8,231.0,12.139902230972783
09:59:58,2025-06-07,-0.960626,54.291465,15.441307978945577,331.97978550310893,10.8,231.0,13.384311293220687
09:59:59,2025-06-07,-0.960657,54.291499,15.585865445411686,334.1913596993533,10.8,231.0,13.121261703615586
10:00:00,2025-06-07,-0.960686,54.291534,16.58169587335577,336.72911774811485,10.8,231.0,13.653927637041837
10:00:01,2025-06-07,-0.960714,54.291572,15.226273358108884,333.5346040249494,10.8,231.0,12.882357863406966
10:00:02,2025-06-07,-0.960743,54.291606,15.585857978214225,334.191418051851,10.8,231.0,13.121243527464662
10:00:03,2025-06-07,-0.960772,54.291641,15.848892439712223,335.583989699909,10.8,231.0,13.129463897860532
10:00:04,2025-06-07,-0.9608,54.291677,14.831367031345206,336.7728885319296,10.8,231.0,11.89565800282833
10:00:05,2025-06-07,-0.960825,54.291711,15.942765476493715,338.4775287872862,10.8,231.0,12.699182773108927
10:00:06,2025-06-07,-0.96085,54.291748,16.121003204986767,336.93024868503227,10.8,231.0,13.156760454107726
10:00:07,2025-06-07,-0.960877,54.291785,14.925543006453806,335.94754977758566,10.8,231.0,12.139848244355626
10:00:08,2025-06-07,-0.960903,54.291819,13.83689771059163,333.9173969852062,10.8,231.0,11.422600078878308
10:00:09,2025-06-07,-0.960929,54.29185,14.92553922314248,335.94758343417095,10.8,231.0,12.13983833159791
10:00:10,2025-06-07,-0.960955,54.291884,15.753239288980552,336.35899689223817,10.8,231.0,12.892685354459676
10:00:11,2025-06-07,-0.960982,54.29192,15.94275505141307,338.4776280217878,10.8,231.0,12.699154506302229
10:00:12,2025-06-07,-0.961007,54.291957,14.740297389857233,337.60875336799063,10.8,231.0,11.653281853445883
10:00:13,2025-06-07,-0.961031,54.291991,14.652426153000144,338.4546589699814,10.8,231.0,11.412955555286748
10:00:14,2025-06-07,-0.961054,54.292025,15.111449686290754,338.1877405632658,10.8,231.0,11.920010323317738
10:00:15,2025-06-07,-0.961078,54.29206,16.490277551466267,337.47616946380083,10.8,231.0,13.427219064397477
10:00:16,2025-06-07,-0.961105,54.292098,15.585823680896105,334.19168632392143,10.8,231.0,13.1211599964151
10:00:17,2025-06-07,-0.961134,54.292133,16.401728682186757,338.2311513289132,10.8,231.0,13.202472927259777
10:00:18,2025-06-07,-0.96116,54.292171,16.31606974438365,338.9941437839982,10.8,231.0,12.979736065997137
10:00:19,2025-06-07,-0.961185,54.292209,16.690665461410553,339.4874035442771,10.8,231.0,13.26602693192939
10:00:20,2025-06-07,-0.96121,54.292248,16.03039028666699,337.6998576728064,10.8,231.0,12.926922368803664
10:00:21,2025-06-07,-0.961236,54.292285,16.690661861482713,339.48743824910986,10.8,231.0,13.266017127890617
10:00:22,2025-06-07,-0.961261,54.292324,16.233339302688467,339.76506982637824,10.8,231.0,12.759103352200501
10:00:23,2025-06-07,-0.961285,54.292362,15.85806281544978,339.2641826038007,10.8,231.0,12.473354923468957
10:00:24,2025-06-07,-0.961309,54.292399,16.77439978716717,338.73904336958634,10.8,231.0,13.483832378210431
10:00:25,2025-06-07,-0.961335,54.292438,16.316056763774597,338.9942680944364,10.8,231.0,12.97970079953242
10:00:26,2025-06-07,-0.96136,54.292476,16.316054912726994,338.9942857828578,10.8,231.0,12.979695777379856
10:00:27,2025-06-07,-0.961385,54.292514,16.40170867848532,338.23133389392973,10.8,231.0,13.202420055409318
10:00:28,2025-06-07,-0.961411,54.292552,17.233048835682318,338.4974862153526,10.8,231.0,13.98587811077213
10:00:29,2025-06-07,-0.961438,54.292592,17.606374983433323,338.97563789823255,10.8,231.0,14.273359138017595
10:00:30,2025-06-07,-0.961465,54.292633,16.860973558198697,337.9982408844307,10.8,231.0,13.70367624544613
10:00:31,2025-06-07,-0.961492,54.292672,17.233042381260493,338.4975431513091,10.8,231.0,13.985861420753142
10:00:32,2025-06-07,-0.961519,54.292712,16.860969203006473,337.9982790555079,10.8,231.0,13.703665009502192
10:00:33,2025-06-07,-0.961546,54.292751,17.89970700527809,340.13505982659365,10.8,231.0,14.35950954849759
10:00:34,2025-06-07,-0.961572,54.292793,16.860964735099444,337.99831820128173,10.8,231.0,13.703653485145239
10:00:35,2025-06-07,-0.961599,54.292832,17.691981502325298,338.2685205014364,10.8,231.0,14.485998654514434
10:00:36,2025-06-07,-0.961627,54.292873,16.675792422475247,335.99129634938544,10.8,231.0,13.88213146503106
10:00:37,2025-06-07,-0.961656,54.292911,17.04248266921036,336.5396617884267,10.8,231.0,14.14910472996474
10:00:38,2025-06-07,-0.961685,54.29295,18.331929626488957,336.69447983635655,10.8,231.0,15.410446529624519
10:00:39,2025-06-07,-0.961716,54.292992,18.240275667799317,337.369445864643,10.8,231.0,15.19651336224618
10:00:40,2025-06-07,-0.961746,54.293034,18.426101360040576,336.0263590215691,10.8,231.0,15.626056709920894
10:00:41,2025-06-07,-0.961778,54.293076,18.36404353338172,333.51622193870094,10.8,231.0,16.023510514374596
10:00:42,2025-06-07,-0.961813,54.293117,17.43768963328097,333.7176447324228,10.8,231.0,15.060106156180014
10:00:43,2025-06-07,-0.961846,54.293156,17.96472774219367,336.1887582210536,10.8,231.0,15.135129561835798
10:00:44,2025-06-07,-0.961877,54.293197,17.234831093175544,335.11263176250094,10.8,231.0,14.601479734379552
10:00:45,2025-06-07,-0.961908,54.293236,17.186912842975566,332.4263892901922,10.8,231.0,15.047337665848481
10:00:46,2025-06-07,-0.961942,54.293274,17.186909524558473,332.42641098702705,10.8,231.0,15.04733033873337
10:00:47,2025-06-07,-0.961976,54.293312,16.945148721637956,331.09745840100476,10.8,231.0,15.051659737613207
10:00:48,2025-06-07,-0.962011,54.293349,16.368155308425038,329.02317791161795,10.8,231.0,14.86075952590717
10:00:49,2025-06-07,-0.962047,54.293384,17.641273109315133,329.73069633386916,10.8,231.0,16.001936938530804
10:00:50,2025-06-07,-0.962085,54.293422,16.277864826197277,326.8837239778791,10.8,231.0,15.170757180004063
10:00:51,2025-06-07,-0.962123,54.293456,16.870691827294426,326.2963338753358,10.8,231.0,15.873777578692314
10:00:52,2025-06-07,-0.962163,54.293491,17.88255959931054,328.4354998893842,10.8,231.0,16.484931585203544
10:00:53,2025-06-07,-0.962203,54.293529,16.407298243085,326.19924955505394,10.8,231.0,15.42860725039808
10:00:54,2025-06-07,-0.962242,54.293563,16.407294116020193,326.1992714255065,10.8,231.0,15.428599017811768
10:00:55,2025-06-07,-0.962281,54.293597,16.27784449333094,326.8838353905825,10.8,231.0,15.170715956972677
10:00:56,2025-06-07,-0.962319,54.293631,16.8092594733447,324.21006327156346,10.8,231.0,16.20449330441257
10:00:57,2025-06-07,-0.962361,54.293665,15.563664887480575,323.01763758200696,10.8,231.0,15.18342776038104
10:00:58,2025-06-07,-0.962401,54.293696,16.614677142904625,327.63938862920224,10.8,231.0,15.365980834243619
10:00:59,2025-06-07,-0.962439,54.293731,16.076073213752696,325.4042649987899,10.8,231.0,15.246706148338122
10:01:00,2025-06-07,-0.962478,54.293764,16.024797855800436,323.2117907075215,10.8,231.0,15.607988668606943
10:01:01,2025-06-07,-0.962519,54.293796,16.026083262388095,328.28560737937136,10.8,231.0,14.65647648790364
10:01:02,2025-06-07,-0.962555,54.29383,16.40726166651307,326.19944314925885,10.8,231.0,15.428534332325583
10:01:03,2025-06-07,-0.962594,54.293864,16.6146580392511,327.6394943093083,10.8,231.0,15.365941943956235
10:01:04,2025-06-07,-0.962632,54.293899,17.882511885231775,328.43575307748995,10.8,231.0,16.48483654761478
10:01:05,2025-06-07,-0.962672,54.293937,16.741489154706436,326.962974809074,10.8,231.0,15.619522838558407
10:01:06,2025-06-07,-0.962711,54.293972,17.418383076521614,328.4012772793164,10.8,231.0,16.02715187761384
10:01:07,2025-06-07,-0.96275,54.294009,17.002016548083777,325.64053662153367,10.8,231.0,16.12825202210248
10:01:08,2025-06-07,-0.962791,54.294044,17.88249493362451,328.4358430597225,10.8,231.0,16.48480277739194
10:01:09,2025-06-07,-0.962831,54.294082,17.6689273700527,327.10848395938723,10.8,231.0,16.51968527823521
10:01:10,2025-06-07,-0.962872,54.294119,18.93447888625446,327.89601771661177,10.8,231.0,17.63774623605916
10:01:11,2025-06-07,-0.962915,54.294159,18.346607403621032,328.46868882315255,10.8,231.0,16.94277626305894
10:01:12,2025-06-07,-0.962956,54.294198,19.265691585691354,330.9333290461745,10.8,231.0,17.40266878881055
10:01:13,2025-06-07,-0.962996,54.29424,18.469854907746917,332.8671858800417,10.8,231.0,16.24890245753905
10:01:14,2025-06-07,-0.963032,54.294281,17.641177335901663,329.7312396573437,10.8,231.0,16.001739937830664
10:01:15,2025-06-07,-0.96307,54.294319,18.105414624861286,329.7312633813681,10.8,231.0,16.465972806740524
10:01:16,2025-06-07,-0.963109,54.294358,18.46984416901718,332.8672525152342,10.8,231.0,16.248879426828168
10:01:17,2025-06-07,-0.963145,54.294399,19.084298396707037,334.59043691523175,10.8,231.0,16.54651566650276
10:01:18,2025-06-07,-0.96318,54.294442,20.17631655072307,336.0559964204563,10.8,231.0,17.370876779114788
10:01:19,2025-06-07,-0.963215,54.294488,20.08214144438757,336.66606809782974,10.8,231.0,17.165814528792396
10:01:20,2025-06-07,-0.963249,54.294534,22.12122147245878,334.9723966670222,10.8,231.0,19.51351385420965
10:01:21,2025-06-07,-0.963289,54.294584,20.890829140495885,329.73142814704903,10.8,231.0,19.2513566247029
10:01:22,2025-06-07,-0.963334,54.294629,22.059723394877537,328.681523999674,10.8,231.0,20.616123909243925
10:01:23,2025-06-07,-0.963383,54.294676,22.523880516861315,328.70319352975264,10.8,231.0,21.07623317822403
10:01:24,2025-06-07,-0.963433,54.294724,22.562093705644603,326.65031601961556,10.8,231.0,21.49875971457747
10:01:25,2025-06-07,-0.963486,54.294771,23.57487982019983,328.2577659680445,10.8,231.0,22.210478819125985
10:01:26,2025-06-07,-0.963539,54.294821,23.574872034257137,328.2577970986873,10.8,231.0,22.210465212210856
10:01:27,2025-06-07,-0.963592,54.294871,22.747751936149825,329.731604820674,10.8,231.0,21.10824650411775
10:01:28,2025-06-07,-0.963641,54.29492,23.21198482361373,329.73163521550737,10.8,231.0,21.57247372869154
10:01:29,2025-06-07,-0.963691,54.29497,23.818378202271415,333.1363784784847,10.8,231.0,21.54779334241403
10:01:30,2025-06-07,-0.963737,54.295023,21.964978008767257,333.42404194457805,10.8,231.0,19.641410596438735
10:01:31,2025-06-07,-0.963779,54.295072,22.221535327500746,334.42606850107916,10.8,231.0,19.713878206097103
10:01:32,2025-06-07,-0.96382,54.295122,20.77339528955375,330.2891686343854,10.8,231.0,19.030088880915724
10:01:33,2025-06-07,-0.963864,54.295167,21.765340330254517,326.00456744343535,10.8,231.0,20.82320064491431
10:01:34,2025-06-07,-0.963916,54.295212,21.93282138969443,320.18115049463233,10.8,231.0,22.087165630851228
10:01:35,2025-06-07,-0.963976,54.295254,22.390225153503394,318.80072472799134,10.8,231.0,22.80467698429896
10:01:36,2025-06-07,-0.964039,54.295296,20.476936889867996,314.854235193674,10.8,231.0,21.633166112535257
10:01:37,2025-06-07,-0.964101,54.295332,19.297147469406426,310.1356580526748,10.8,231.0,21.33277773647567
10:01:38,2025-06-07,-0.964164,54.295363,20.36593448105832,313.58943936431217,10.8,231.0,21.7589009537279
10:01:39,2025-06-07,-0.964227,54.295398,19.75007652542497,313.6831301268217,10.8,231.0,21.125528360138052
10:01:40,2025-06-07,-0.964288,54.295432,19.413371820233547,314.63771668765105,10.8,231.0,20.610170906135288
10:01:41,2025-06-07,-0.964347,54.295466,19.08224489237749,315.6256363060355,10.8,231.0,20.093803690847498
10:01:42,2025-06-07,-0.964404,54.2955,18.24334710170535,312.9810812661319,10.8,231.0,19.74994790237753
10:01:43,2025-06-07,-0.964461,54.295531,17.287273827604125,314.12460655467976,10.8,231.0,18.580146934308424
10:01:44,2025-06-07,-0.964514,54.295561,17.078277575018646,316.73207457796525,10.8,231.0,17.88201880110814
10:01:45,2025-06-07,-0.964564,54.295592,18.73523500983272,320.4170471016945,10.8,231.0,18.845117146550354
10:01:46,2025-06-07,-0.964615,54.295628,19.19348207221286,320.64146210216876,10.8,231.0,19.261064432693004
10:01:47,2025-06-07,-0.964667,54.295665,18.428448804573453,319.6224450238728,10.8,231.0,18.68808678409049
10:01:48,2025-06-07,-0.964718,54.2957,18.52368551333437,325.3513767442609,10.8,231.0,17.704258562293553
10:01:49,2025-06-07,-0.964763,54.295738,17.882296823398182,328.4368942991874,10.8,231.0,16.484408179826413
10:01:50,2025-06-07,-0.964803,54.295776,18.006294533764827,327.802439356412,10.8,231.0,16.727075103877304
10:01:51,2025-06-07,-0.964844,54.295814,17.230229102362312,322.31708408038,10.8,231.0,16.981986466299578
10:01:52,2025-06-07,-0.964889,54.295848,16.947298939316436,323.56964581579695,10.8,231.0,16.46309447491365
10:01:53,2025-06-07,-0.964932,54.295882,17.296300183073903,329.0627120662308,10.8,231.0,15.781525690021388
10:01:54,2025-06-07,-0.96497,54.295919,18.452238222670903,330.35975877327246,10.8,231.0,16.695801703356295
10:01:55,2025-06-07,-0.965009,54.295959,17.17676142840325,329.7322553458132,10.8,231.0,15.537134796518753
10:01:56,2025-06-07,-0.965046,54.295996,16.712520942670462,329.73227705050857,10.8,231.0,15.072890266970674
10:01:57,2025-06-07,-0.965082,54.296032,16.83266100516574,331.7963113355098,10.8,231.0,14.8096257930899
10:01:58,2025-06-07,-0.965116,54.296069,16.016696596372025,331.1782984667127,10.8,231.0,14.108207530543154
10:01:59,2025-06-07,-0.965149,54.296104,17.18666249801201,332.42802659809917,10.8,231.0,15.046784813431499
10:02:00,2025-06-07,-0.965183,54.296142,16.248269936771905,329.73236477500734,10.8,231.0,14.608622917068596
10:02:01,2025-06-07,-0.965218,54.296177,17.079231230190267,333.123834807889,10.8,231.0,14.810958005882977
10:02:02,2025-06-07,-0.965251,54.296215,17.137110797651154,335.8237987204645,10.8,231.0,14.37395972565789
10:02:03,2025-06-07,-0.965281,54.296254,17.36582295934875,341.13902134914673,10.8,231.0,13.647391751243967
10:02:04,2025-06-07,-0.965305,54.296295,16.401510138921335,338.23314569911963,10.8,231.0,13.201895328700312
10:02:05,2025-06-07,-0.965331,54.296333,18.331702261683983,336.69619010075377,10.8,231.0,15.409908807805868
10:02:06,2025-06-07,-0.965362,54.296375,16.974347893353062,333.8283807085067,10.8,231.0,14.576407717239483
10:02:07,2025-06-07,-0.965394,54.296413,16.581400157104767,336.73158139225984,10.8,231.0,13.653184926866407
10:02:08,2025-06-07,-0.965422,54.296451,16.581397855918336,336.7316005847774,10.8,231.0,13.653179143486161
10:02:09,2025-06-07,-0.96545,54.296489,16.58139555091668,336.73161977043065,10.8,231.0,13.653173357536456
10:02:10,2025-06-07,-0.965478,54.296527,15.022496033833661,335.1351523277705,10.8,231.0,12.38502797420876
10:02:11,2025-06-07,-0.965505,54.296561,15.022493908076264,335.1351703827633,10.8,231.0,12.385022548208969
10:02:12,2025-06-07,-0.965532,54.296595,15.68915377212239,333.4249083514684,10.8,231.0,13.365426870677789
10:02:13,2025-06-07,-0.965562,54.29663,15.122726330279184,334.3309562553215,10.8,231.0,12.632510919304924
10:02:14,2025-06-07,-0.96559,54.296664,15.122724054471457,334.3309747199464,10.8,231.0,12.632505256781547
10:02:15,2025-06-07,-0.965618,54.296698,15.025542136748966,339.0181640422758,10.8,231.0,11.684902498677674
10:02:16,2025-06-07,-0.965641,54.296733,14.567599455203174,339.31270551208615,10.8,231.0,11.174207204118769
10:02:17,2025-06-07,-0.965663,54.296767,14.65220670700779,338.45692870234694,10.8,231.0,11.412327977167479
10:02:18,2025-06-07,-0.965686,54.296801,15.025537527456615,339.0182119557747,10.8,231.0,11.684889300822114
10:02:19,2025-06-07,-0.965709,54.296836,15.025535966541627,339.01822823826484,10.8,231.0,11.684884821248009
10:02:20,2025-06-07,-0.965732,54.296871,15.16840195076966,342.0365850611279,10.8,231.0,11.29159080102918
10:02:21,2025-06-07,-0.965752,54.296907,13.73522872584491,339.04429094431487,10.8,231.0,10.389906150054928
10:02:22,2025-06-07,-0.965773,54.296939,14.280350716743488,337.86643698757024,10.8,231.0,11.146820825053176
10:02:23,2025-06-07,-0.965796,54.296972,13.36189438136203,338.42958346761037,10.8,231.0,10.126933075513854
10:02:24,2025-06-07,-0.965817,54.297003,14.787815030747302,341.5576898563613,10.8,231.0,10.99539159480921
10:02:25,2025-06-07,-0.965837,54.297038,16.00305566957863,342.1251674839293,10.8,231.0,12.110664623828566
10:02:26,2025-06-07,-0.965858,54.297076,14.645958788981151,343.2940300359624,10.8,231.0,10.548873437642179
10:02:27,2025-06-07,-0.965876,54.297111,15.293497853912164,345.8365839049943,10.8,231.0,10.757156341354026
10:02:28,2025-06-07,-0.965892,54.297148,13.196400821083675,340.3189480313255,10.8,231.0,9.623474676907708
10:02:29,2025-06-07,-0.965911,54.297179,14.463821047620268,336.14946315072194,10.8,231.0,11.641371738377646
10:02:30,2025-06-07,-0.965936,54.297212,13.541582952966497,336.58840686693543,10.8,231.0,10.639353704708276
10:02:31,2025-06-07,-0.965959,54.297243,13.361882994561226,338.4297123996355,10.8,231.0,10.12689850146516
10:02:32,2025-06-07,-0.96598,54.297274,14.19351175023871,338.74133245920024,10.8,231.0,10.902533375947838
10:02:33,2025-06-07,-0.966002,54.297307,13.820939557697997,338.13882600554126,10.8,231.0,10.638309775351761
10:02:34,2025-06-07,-0.966024,54.297339,14.408312640228443,341.0536060632539,10.8,231.0,10.705001581727656
10:02:35,2025-06-07,-0.966044,54.297373,14.9430195500824,339.8559323711853,10.8,231.0,11.452571175034013
10:02:36,2025-06-07,-0.966066,54.297408,14.486263413271113,340.1785612277785,10.8,231.0,10.938320209009209
10:02:37,2025-06-07,-0.966087,54.297442,14.645948826808254,343.29417025463044,10.8,231.0,10.548839020592172
10:02:38,2025-06-07,-0.966105,54.297477,15.480931391619896,343.31787353520065,10.8,231.0,11.379687960739606
10:02:39,2025-06-07,-0.966124,54.297514,13.449977666613261,337.50307495070973,10.8,231.0,10.382056202355962
10:02:40,2025-06-07,-0.966146,54.297545,14.863759303029472,340.70253817180566,10.8,231.0,11.222680084006731
10:02:41,2025-06-07,-0.966167,54.29758,14.262680020432525,342.83138903771345,10.8,231.0,10.246414431920709
10:02:42,2025-06-07,-0.966185,54.297614,14.403881175545598,346.8607356317356,10.8,231.0,9.693080738573226
10:02:43,2025-06-07,-0.966199,54.297649,14.848089169255733,346.3334212440406,10.8,231.0,10.226929530662618
10:02:44,2025-06-07,-0.966214,54.297685,13.745172389382988,344.2014181145652,10.8,231.0,9.490354074600756
10:02:45,2025-06-07,-0.96623,54.297718,15.68227734620194,346.19506183557405,10.8,231.0,11.084703247362594
10:02:46,2025-06-07,-0.966246,54.297756,15.932501928882536,342.9260057595136,10.8,231.0,11.899686066506277
10:02:47,2025-06-07,-0.966266,54.297794,16.25011803653997,344.1293231470582,10.8,231.0,12.007793618634082
10:02:48,2025-06-07,-0.966285,54.297833,17.150893980237566,343.35846938174166,10.8,231.0,13.042572654209799
10:02:49,2025-06-07,-0.966306,54.297874,16.003027021748156,342.12550730863063,10.8,231.0,12.110576225445639
10:02:50,2025-06-07,-0.966327,54.297912,16.315904187222753,343.33930501749876,10.8,231.0,12.210923915708175
10:02:51,2025-06-07,-0.966347,54.297951,16.63585326599862,344.5068610741254,10.8,231.0,12.32817733519473
10:02:52,2025-06-07,-0.966366,54.297991,16.635852211917094,344.5068754011232,10.8,231.0,12.328173804652383
10:02:53,2025-06-07,-0.966385,54.298031,15.627879992244504,347.02786380194743,10.8,231.0,10.888751518234525
10:02:54,2025-06-07,-0.9664,54.298069,16.801394662947505,347.94826510809276,10.8,231.0,11.906988178436443
10:02:55,2025-06-07,-0.966415,54.29811,16.00301893468339,342.1256032441716,10.8,231.0,12.11055127029233
10:02:56,2025-06-07,-0.966436,54.298148,16.837709752320986,342.20535534176975,10.8,231.0,12.931223270644013
10:02:57,2025-06-07,-0.966458,54.298188,17.022278724546105,344.86729551138524,10.8,231.0,12.652386356262188
10:02:58,2025-06-07,-0.966477,54.298229,15.800920617333427,344.54782334620813,10.8,231.0,11.48616534663704
10:02:59,2025-06-07,-0.966495,54.298267,15.682266771562755,346.1952388613363,10.8,231.0,11.084662478736064
10:03:00,2025-06-07,-0.966511,54.298305,16.516537187158868,346.07084968286136,10.8,231.0,11.940159847933243
10:03:01,2025-06-07,-0.966528,54.298345,16.516536358162213,346.0708626913127,10.8,231.0,11.940156797921126
10:03:02,2025-06-07,-0.966545,54.298385,15.865104746303505,343.73371759207316,10.8,231.0,11.69145691303051
10:03:03,2025-06-07,-0.966564,54.298423,15.8009158021741,344.54789267096004,10.8,231.0,11.486148552236175
10:03:04,2025-06-07,-0.966582,54.298461,15.865102628642378,343.7337460282925,10.8,231.0,11.691449851690633
10:03:05,2025-06-07,-0.966601,54.298499,16.2500989564453,344.12958120342756,10.8,231.0,12.007729805956874
10:03:06,2025-06-07,-0.96662,54.298538,16.0030042670025,342.1257772247134,10.8,231.0,12.110506012107829
10:03:07,2025-06-07,-0.966641,54.298576,16.076637341967245,341.33240864841815,10.8,231.0,12.32400344781494
10:03:08,2025-06-07,-0.966663,54.298614,16.003001669938588,342.12580811578596,10.8,231.0,12.110497983558275
10:03:09,2025-06-07,-0.966684,54.298652,16.45668389777156,341.77909908584564,10.8,231.0,12.625211919153251
10:03:10,2025-06-07,-0.966706,54.298691,17.602332332503824,343.0029786444362,10.8,231.0,13.556060551274594
10:03:11,2025-06-07,-0.966728,54.298733,15.932471652118918,342.9263873363186,10.8,231.0,11.8995890668982
10:03:12,2025-06-07,-0.966748,54.298771,15.739948956581381,345.3686180451828,10.8,231.0,11.283808804326771
10:03:13,2025-06-07,-0.966765,54.298809,15.865092940210824,343.7338762438895,10.8,231.0,11.691417525098256
10:03:14,2025-06-07,-0.966784,54.298847,15.352616084185469,344.99082726946943,10.8,231.0,10.961439932680719
10:03:15,2025-06-07,-0.966801,54.298884,14.744111935203396,348.1002366548991,10.8,231.0,9.824187226156702
10:03:16,2025-06-07,-0.966814,54.29892,15.237685160764453,346.68986587040456,10.8,231.0,10.555888392420737
10:03:17,2025-06-07,-0.966829,54.298957,15.865088818478418,343.73393161874424,10.8,231.0,11.69140377637764
10:03:18,2025-06-07,-0.966848,54.298995,15.932463528594967,342.9264896654738,10.8,231.0,11.899563050041609
10:03:19,2025-06-07,-0.966868,54.299033,17.685549565615197,347.00874075887003,10.8,231.0,12.949660387505235
10:03:20,2025-06-07,-0.966885,54.299076,15.800899575546298,344.5481260281442,10.8,231.0,11.486092001787817
10:03:21,2025-06-07,-0.966903,54.299114,15.739941419333837,345.3687347046859,10.8,231.0,11.283781236365957
10:03:22,2025-06-07,-0.96692,54.299152,16.12792610967527,345.72839374019225,10.8,231.0,11.610099845870891
10:03:23,2025-06-07,-0.966937,54.299191,16.851979001470188,347.17095189486065,10.8,231.0,12.088629287222457
10:03:24,2025-06-07,-0.966953,54.299232,15.030076908790832,343.7340337391573,10.8,231.0,10.856374112937907
10:03:25,2025-06-07,-0.966971,54.299268,17.15084862956656,343.3590173041829,10.8,231.0,13.042431787233888
10:03:26,2025-06-07,-0.966992,54.299309,16.905676134791406,346.3981345561841,10.8,231.0,12.273494334362349
10:03:27,2025-06-07,-0.967009,54.29935,16.25007592530351,344.12989270369405,10.8,231.0,12.007652778156011
10:03:28,2025-06-07,-0.967028,54.299389,17.409326485096813,345.21204184699917,10.8,231.0,12.98008745552439
10:03:29,2025-06-07,-0.967047,54.299431,15.932450019795663,342.9266599508569,10.8,231.0,11.899519765074608
10:03:30,2025-06-07,-0.967067,54.299469,15.480874277059199,343.31863576792773,10.8,231.0,11.379497931751072
10:03:31,2025-06-07,-0.967086,54.299506,15.697580052912944,340.86454097435893,10.8,231.0,12.027766376737825
10:03:32,2025-06-07,-0.967108,54.299543,16.767371241829583,342.9669141882284,10.8,231.0,12.727403115775065
10:03:33,2025-06-07,-0.967129,54.299583,16.07659940876366,341.33283358396693,10.8,231.0,12.323890406982118
10:03:34,2025-06-07,-0.967151,54.299621,15.932444131784672,342.9267341561121,10.8,231.0,11.899500901515246
10:03:35,2025-06-07,-0.967171,54.299659,16.45664696490083,341.77951528882744,10.8,231.0,12.625101636895018
10:03:36,2025-06-07,-0.967193,54.299698,16.153290910284035,340.546869016993,10.8,231.0,12.539850175681988
10:03:37,2025-06-07,-0.967216,54.299736,16.609478766373496,340.2465722989168,10.8,231.0,13.04942978589574
10:03:38,2025-06-07,-0.96724,54.299775,17.066099836799467,339.96233521278344,10.8,231.0,13.556677374262206
10:03:39,2025-06-07,-0.967265,54.299815,15.484510779541305,334.97520460479655,10.8,231.0,12.876289540985134
10:03:40,2025-06-07,-0.967293,54.29985,17.136865313334653,335.82568855137254,10.8,231.0,14.373369874266633
10:03:41,2025-06-07,-0.967323,54.299889,16.409285971100942,334.67918735309945,10.8,231.0,13.855245638373017
10:03:42,2025-06-07,-0.967353,54.299926,15.331735383407127,332.7565255643605,10.8,231.0,13.131200220361816
10:03:43,2025-06-07,-0.967383,54.29996,15.78366896154196,329.73467689985983,10.8,231.0,14.143591169868564
10:03:44,2025-06-07,-0.967417,54.299994,16.48950959035171,328.3301497976925,10.8,231.0,15.11157496945331
10:03:45,2025-06-07,-0.967454,54.300029,18.00577513185772,327.80510780413675,10.8,231.0,16.726056253630574
10:03:46,2025-06-07,-0.967495,54.300067,18.793904714741316,324.1802708851395,10.8,231.0,18.19474554845614
10:03:47,2025-06-07,-0.967542,54.300105,21.660184259931462,322.76670280682646,10.8,231.0,21.327221394856057
10:03:48,2025-06-07,-0.967598,54.300148,21.660176074466353,322.7667316385881,10.8,231.0,21.327207777315344
10:03:49,2025-06-07,-0.967654,54.300191,22.764960985475824,324.13008700539,10.8,231.0,22.17524691805308
10:03:50,2025-06-07,-0.967711,54.300237,22.62821267621872,324.61028366680904,10.8,231.0,21.94814047574947
10:03:51,2025-06-07,-0.967767,54.300283,24.288541529812992,324.00372589496817,10.8,231.0,23.722611851427033
10:03:52,2025-06-07,-0.967828,54.300332,23.226979878161966,324.24204352592096,10.8,231.0,22.616195126298983
10:03:53,2025-06-07,-0.967886,54.300379,23.881427374362058,325.36658543999073,10.8,231.0,23.05914194408641
10:03:54,2025-06-07,-0.967944,54.300428,23.573998602970995,328.26128778930143,10.8,231.0,22.20893907566462
10:03:55,2025-06-07,-0.967997,54.300478,22.746979979076425,329.73500133954815,10.8,231.0,21.106841741259935
10:03:56,2025-06-07,-0.968046,54.300527,23.109916284240782,328.23174755463907,10.8,231.0,21.750380484560317
10:03:57,2025-06-07,-0.968098,54.300576,22.493024017975095,325.0964573750867,10.8,231.0,21.72151768075581
10:03:58,2025-06-07,-0.968153,54.300622,23.748760825912655,325.83126093316366,10.8,231.0,22.83916837164124
10:03:59,2025-06-07,-0.96821,54.300671,21.05767736281385,323.1207871725477,10.8,231.0,20.65800967674867
10:04:00,2025-06-07,-0.968264,54.300713,20.917650911903785,323.63356510474813,10.8,231.0,20.42141036442124
10:04:01,2025-06-07,-0.968317,54.300755,20.642740478935035,324.6796871380716,10.8,231.0,19.949612496934478
10:04:02,2025-06-07,-0.968368,54.300797,19.78036636961217,326.22049667492195,10.8,231.0,18.79768693474771
10:04:03,2025-06-07,-0.968415,54.300838,18.390514614745836,325.9544913079647,10.8,231.0,17.457778432853768
10:04:04,2025-06-07,-0.968459,54.300876,18.390509364955445,325.95451583812576,10.8,231.0,17.457768576513455
10:04:05,2025-06-07,-0.968503,54.300914,17.79662691093561,326.48019774690465,10.8,231.0,16.76520829791797
10:04:06,2025-06-07,-0.968545,54.300951,16.86976015373651,326.30114819071343,10.8,231.0,15.871942305962017
10:04:07,2025-06-07,-0.968585,54.300986,15.149540250273148,325.1440486695267,10.8,231.0,14.369086351019561
10:04:08,2025-06-07,-0.968622,54.301017,16.27698237382643,326.88855987585197,10.8,231.0,15.168967988326282
10:04:09,2025-06-07,-0.96866,54.301051,16.406384172874045,326.2040880223741,10.8,231.0,15.426784906542354
10:04:10,2025-06-07,-0.968699,54.301085,16.74063866966146,326.96752059082377,10.8,231.0,15.617820133638682
10:04:11,2025-06-07,-0.968738,54.30112,17.07882287668353,333.12660839073044,10.8,231.0,14.810038507721366
10:04:12,2025-06-07,-0.968771,54.301158,16.016246427248586,331.1812894598457,10.8,231.0,14.107202447663035
10:04:13,2025-06-07,-0.968804,54.301193,16.973971965222418,333.83103460068867,10.8,231.0,14.575544031206169
10:04:14,2025-06-07,-0.968836,54.301231,16.61542943133901,333.2213517352952,10.8,231.0,14.329187975318623
10:04:15,2025-06-07,-0.968868,54.301268,17.43703105163123,333.72214752803296,10.8,231.0,15.058619647626362
10:04:16,2025-06-07,-0.968901,54.301307,16.48975505557158,337.48072205633446,10.8,231.0,13.425873671973719
10:04:17,2025-06-07,-0.968928,54.301345,16.15322306057762,340.5475887772691,10.8,231.0,12.539654473655842
10:04:18,2025-06-07,-0.968951,54.301383,14.4081718838591,341.0553342186991,10.8,231.0,10.704554826894283
10:04:19,2025-06-07,-0.968971,54.301417,14.486109525178806,340.1803408616819,10.8,231.0,10.937849487402143
10:04:20,2025-06-07,-0.968992,54.301451,14.863613660128173,340.7042335242739,10.8,231.0,11.222233585108249
10:04:21,2025-06-07,-0.969013,54.301486,16.250018115728516,344.13067458213135,10.8,231.0,12.007459435305815
10:04:22,2025-06-07,-0.969032,54.301525,15.549847750815346,342.4939073685594,10.8,231.0,11.592703047711373
10:04:23,2025-06-07,-0.969052,54.301562,14.567396152494114,339.3149263318845,10.8,231.0,11.173606489683465
10:04:24,2025-06-07,-0.969074,54.301596,16.076523580887454,341.33368305101385,10.8,231.0,12.32366443588242
10:04:25,2025-06-07,-0.969096,54.301634,18.054338449044764,342.66612795717657,10.8,231.0,14.067006428231121
10:04:26,2025-06-07,-0.969119,54.301677,16.25001294748519,344.1307444987387,10.8,231.0,12.007442147535663
10:04:27,2025-06-07,-0.969138,54.301716,16.753870048256903,348.7314219162328,10.8,231.0,11.728332619113317
10:04:28,2025-06-07,-0.969152,54.301757,15.372683747839636,352.1315024090539,10.8,231.0,9.78904007061307
10:04:29,2025-06-07,-0.969161,54.301795,15.315410044881126,353.86485305483484,10.8,231.0,9.45468960657177
10:04:30,2025-06-07,-0.969168,54.301833,15.27231395746515,355.6095439645021,10.8,231.0,9.138120777829606
10:04:31,2025-06-07,-0.969173,54.301871,13.722833257290374,353.1495858840491,10.8,231.0,7.975812938214141
10:04:32,2025-06-07,-0.96918,54.301905,13.429773027726654,349.97247593416193,10.8,231.0,8.19836740367932
10:04:33,2025-06-07,-0.96919,54.301938,12.995300616761346,350.6800901701247,10.8,231.0,7.647607220511353
10:04:34,2025-06-07,-0.969199,54.30197,13.722833013280866,353.1496022012399,10.8,231.0,7.975810090112199
10:04:35,2025-06-07,-0.969206,54.302004,13.722832929742523,353.1496078069958,10.8,231.0,7.975809111940397
10:04:36,2025-06-07,-0.969213,54.302038,14.120758599670374,353.34355705440015,10.8,231.0,8.34281503173023
10:04:37,2025-06-07,-0.96922,54.302073,13.786722987030444,351.21954573416946,10.8,231.0,8.35092364569083
10:04:38,2025-06-07,-0.969229,54.302107,13.722832672234173,353.1496247814812,10.8,231.0,7.975806145441335
10:04:39,2025-06-07,-0.969236,54.302141,13.78672260502308,351.21956001387076,10.8,231.0,8.350920937811498
10:04:40,2025-06-07,-0.969245,54.302175,12.899852654552685,353.75621094668236,10.8,231.0,7.056343763568687
10:04:41,2025-06-07,-0.969251,54.302207,13.298254762614995,353.9439937381735,10.8,231.0,7.425009781054957
10:04:42,2025-06-07,-0.969257,54.30224,12.103506979988804,353.34358861647826,10.8,231.0,6.3255583857417355
10:04:43,2025-06-07,-0.969263,54.30227,10.943059419631327,351.3975219643079,10.8,231.0,5.478297651267995
10:04:44,2025-06-07,-0.96927,54.302297,12.247857959722396,348.9932407545037,10.8,231.0,7.178690069634767
10:04:45,2025-06-07,-0.96928,54.302327,12.530122607559479,352.4939555800054,10.8,231.0,6.888109592465909
10:04:46,2025-06-07,-0.969287,54.302358,12.058042780105007,355.5512936567247,10.8,231.0,5.932889705408981
10:04:47,2025-06-07,-0.969291,54.302388,10.859928612382175,355.05932142712714,10.8,231.0,4.811378339948769
10:04:48,2025-06-07,-0.969295,54.302415,12.501598120469682,353.5565033109925,10.8,231.0,6.689782528990539
10:04:49,2025-06-07,-0.969301,54.302446,12.47741131298453,354.62350810045064,10.8,231.0,6.497092266585419
10:04:50,2025-06-07,-0.969306,54.302477,12.13296656308897,352.2467768572703,10.8,231.0,6.530734783895427
10:04:51,2025-06-07,-0.969313,54.302507,10.859928591305595,355.05933563694913,10.8,231.0,4.811376099856838
10:04:52,2025-06-07,-0.969317,54.302534,12.103506401253073,353.34363572461064,10.8,231.0,6.3255503049705455
10:04:53,2025-06-07,-0.969323,54.302564,12.132966271674743,352.24679304386683,10.8,231.0,6.5307318839694375
10:04:54,2025-06-07,-0.96933,54.302594,12.023832446020748,358.8857299102573,10.8,231.0,5.391675007373779
10:04:55,2025-06-07,-0.969331,54.302624,11.220111790585836,0.0,10.8,231.0,4.423451567247587
10:04:56,2025-06-07,-0.969331,54.302652,12.132965972024,352.24680941409014,10.8,231.0,6.530728946215458
10:04:57,2025-06-07,-0.969338,54.302682,11.07030224362282,347.80522763752055,10.8,231.0,6.199945282468583
10:04:58,2025-06-07,-0.969348,54.302709,13.82451340614152,350.26185975120376,10.8,231.0,8.545453637110128
10:04:59,2025-06-07,-0.969358,54.302743,11.375675087713814,350.53499243648673,10.8,231.0,6.051760835209127
10:05:00,2025-06-07,-0.969366,54.302771,13.642550182410744,357.05270493388593,10.8,231.0,7.286434847124976
10:05:01,2025-06-07,-0.969369,54.302805,12.030682632390947,357.7723134526355,10.8,231.0,5.5654073734331755
10:05:02,2025-06-07,-0.969371,54.302835,12.530121012358745,352.494047146487,10.8,231.0,6.888093279858293
10:05:03,2025-06-07,-0.969378,54.302866,12.166868344508593,351.15569676870086,10.8,231.0,6.741472070590626
10:05:04,2025-06-07,-0.969386,54.302896,12.1035056913265,353.3436937314862,10.8,231.0,6.325540357373897
10:05:05,2025-06-07,-0.969392,54.302926,12.422267257188222,0.0,10.8,231.0,5.625607033849973
10:05:06,2025-06-07,-0.969392,54.302957,12.442147191341446,356.76807521511563,10.8,231.0,6.129486004578444
10:05:07,2025-06-07,-0.969395,54.302988,12.132964839015315,352.24687192495776,10.8,231.0,6.53071773942525
10:05:08,2025-06-07,-0.969402,54.303018,12.294845843273059,347.9236749141679,10.8,231.0,7.4045716498687035
10:05:09,2025-06-07,-0.969413,54.303048,11.023066155618041,348.9934358496737,10.8,231.0,5.953865793502444
10:05:10,2025-06-07,-0.969422,54.303075,10.421311437697733,358.7143723358958,10.8,231.0,3.814676090822407
10:05:11,2025-06-07,-0.969423,54.303101,10.821932203770189,358.7619738831281,10.8,231.0,4.208201118613444
10:05:12,2025-06-07,-0.969424,54.303128,10.829542156529243,357.52510435173457,10.8,231.0,4.4016527784334425
10:05:13,2025-06-07,-0.969426,54.303155,10.442370889690979,356.1482898173612,10.8,231.0,4.224869234945935
10:05:14,2025-06-07,-0.969429,54.303181,11.281133684438807,354.051493287948,10.8,231.0,5.3908941315688
10:05:15,2025-06-07,-0.969434,54.303209,11.658579049802519,355.39863244853956,10.8,231.0,5.55714811014476
10:05:16,2025-06-07,-0.969438,54.303238,10.9806323043059,350.19124352022135,10.8,231.0,5.713188855261687
10:05:17,2025-06-07,-0.969446,54.303265,11.02306441456203,348.9934924503619,10.8,231.0,5.953854631726358
10:05:18,2025-06-07,-0.969455,54.303292,9.361379250566133,349.93009836300325,10.8,231.0,4.136963364564702
10:05:19,2025-06-07,-0.969462,54.303315,11.242118600136367,356.42268421256813,10.8,231.0,4.982397046047876
10:05:20,2025-06-07,-0.969465,54.303343,12.07852199433774,354.44551475019495,10.8,231.0,6.1261694441177585
10:05:21,2025-06-07,-0.96947,54.303373,10.51313404370075,352.331121789684,10.8,231.0,4.897315935161995
10:05:22,2025-06-07,-0.969476,54.303399,10.547035685799507,351.072131809531,10.8,231.0,5.135265031479464
10:05:23,2025-06-07,-0.969483,54.303425,9.216521631035777,0.0,10.8,231.0,2.4198614076975273
10:05:24,2025-06-07,-0.969483,54.303448,8.843793200386438,4.54927449625842,10.8,231.0,1.4028292385471701
10:05:25,2025-06-07,-0.96948,54.30347,9.628654631313864,357.21622494332274,10.8,231.0,3.247645726058103
10:05:26,2025-06-07,-0.969482,54.303494,8.828254269502969,356.96360998816954,10.8,231.0,2.4857241600045867
10:05:27,2025-06-07,-0.969484,54.303516,9.642903895254616,355.82843999389274,10.8,231.0,3.4747960967768687
10:05:28,2025-06-07,-0.969487,54.30354,10.460762893593095,354.87043319591623,10.8,231.0,4.441742352263103
10:05:29,2025-06-07,-0.969491,54.303566,9.361377753397084,349.93016402179364,10.8,231.0,4.136951035451868
10:05:30,2025-06-07,-0.969498,54.303589,10.910383111385274,352.61199563452385,10.8,231.0,5.24940959087499
10:05:31,2025-06-07,-0.969504,54.303616,8.843793224442079,355.4507439929311,10.8,231.0,2.734259756568573
10:05:32,2025-06-07,-0.969507,54.303638,9.719488278933175,351.70066746341445,10.8,231.0,4.20551658450324
10:05:33,2025-06-07,-0.969513,54.303662,10.484361896220971,353.59765525024505,10.8,231.0,4.6660097658468125
10:05:34,2025-06-07,-0.969518,54.303688,7.671138965929108,352.9968866133017,10.8,231.0,1.948508605797918
10:05:35,2025-06-07,-0.969522,54.303707,9.290709833482198,352.77090657184345,10.8,231.0,3.6042487718462226
10:05:36,2025-06-07,-0.969527,54.30373,8.89333483128177,352.44602896912005,10.8,231.0,3.2590269984925433
10:05:37,2025-06-07,-0.969532,54.303752,8.428128129102701,356.81932995462984,10.8,231.0,2.1076303980921196
10:05:38,2025-06-07,-0.969534,54.303773,10.421312555185246,358.7143941270261,10.8,231.0,3.814673958965172
10:05:39,2025-06-07,-0.969535,54.303799,9.243298273605815,355.64777997209706,10.8,231.0,3.103174536879349
10:05:40,2025-06-07,-0.969538,54.303822,8.893334618326755,352.44604565839404,10.8,231.0,3.259024101709132
10:05:41,2025-06-07,-0.969543,54.303844,7.703288250872723,351.2704667368919,10.8,231.0,2.259197064466405
10:05:42,2025-06-07,-0.969548,54.303863,7.742400719980712,349.55984985230117,10.8,231.0,2.5791746075255526
10:05:43,2025-06-07,-0.969554,54.303882,9.219501278671249,358.5467779069416,10.8,231.0,2.6378847015890354
10:05:44,2025-06-07,-0.969555,54.303905,8.818918301030957,358.48075345378345,10.8,231.0,2.247173436073939
10:05:45,2025-06-07,-0.969556,54.303927,8.531751324009814,350.535258130811,10.8,231.0,3.2077934973039595
10:05:46,2025-06-07,-0.969562,54.303948,8.444403189381417,355.235125837183,10.8,231.0,2.368427696020918
10:05:47,2025-06-07,-0.969565,54.303969,6.428602702609377,355.82848492782995,10.8,231.0,0.2604879515250964
10:05:48,2025-06-07,-0.969567,54.303985,7.74240012066563,349.55988010962733,10.8,231.0,2.579168998836077
10:05:49,2025-06-07,-0.969573,54.304004,8.180534611802141,348.4577984080461,10.8,231.0,3.20070694597646
10:05:50,2025-06-07,-0.96958,54.304024,9.228432486284452,357.09543315239466,10.8,231.0,2.865807389411396
10:05:51,2025-06-07,-0.969582,54.304047,8.815804207258019,0.0,10.8,231.0,2.0191439839197693
10:05:52,2025-06-07,-0.969582,54.304069,8.069002258378159,353.34388008361947,10.8,231.0,2.2910072476470233
10:05:53,2025-06-07,-0.969586,54.304089,8.8655014092244,353.94426692612006,10.8,231.0,2.992213213235269
10:05:54,2025-06-07,-0.96959,54.304111,7.628062077639456,356.48535243630437,10.8,231.0,1.3587181344040955
10:05:55,2025-06-07,-0.969592,54.30413,9.228432582700375,357.0954406206151,10.8,231.0,2.8658063483325904
10:05:56,2025-06-07,-0.969594,54.304153,8.099572141757104,351.70076904089706,10.8,231.0,2.585583983940478
10:05:57,2025-06-07,-0.969599,54.304173,9.184967448261204,343.735877195213,10.8,231.0,5.010944167716899
10:05:58,2025-06-07,-0.96961,54.304195,7.742399080527578,349.5599321996256,10.8,231.0,2.5791593347303854
10:05:59,2025-06-07,-0.969616,54.304214,7.628062137879164,3.5146387898692524,10.8,231.0,0.32965372987659336
10:06:00,2025-06-07,-0.969614,54.304233,8.136779112503534,350.0712929760292,10.8,231.0,2.8890857725366574
10:06:01,2025-06-07,-0.96962,54.304253,9.06459292491157,346.5748989414508,10.8,231.0,4.4023342502791705
10:06:02,2025-06-07,-0.969629,54.304275,7.742398689737607,349.5599520462425,10.8,231.0,2.5791556581556447
10:06:03,2025-06-07,-0.969635,54.304294,8.028061190839976,356.66069159858256,10.8,231.0,1.7318346905753579
10:06:04,2025-06-07,-0.969637,54.304314,10.429215214741623,357.4301152024193,10.8,231.0,4.015723079335271
10:06:05,2025-06-07,-0.969639,54.30434,9.243298400186069,355.6478369492625,10.8,231.0,3.1031658281140464
10:06:06,2025-06-07,-0.969642,54.304363,8.069001878496515,353.34392719491956,10.8,231.0,2.2909993652496263
10:06:07,2025-06-07,-0.969646,54.304383,10.116154918090391,352.02842871204217,10.8,231.0,4.549151103561431
10:06:08,2025-06-07,-0.969652,54.304408,7.212931151387021,0.0,10.8,231.0,0.41627092804877197
10:06:09,2025-06-07,-0.969652,54.304426,8.496272183192074,352.09089876636165,10.8,231.0,2.9191812640590626
10:06:10,2025-06-07,-0.969657,54.304447,9.064590892728154,346.57495992413345,10.8,231.0,4.40232184939024
10:06:11,2025-06-07,-0.969666,54.304469,8.62139526519728,347.46819237439524,10.8,231.0,3.8078252909433985
10:06:12,2025-06-07,-0.969674,54.30449,8.893333098816507,352.44616682334555,10.8,231.0,3.2590030974868327
10:06:13,2025-06-07,-0.969679,54.304512,9.26407005613317,354.20578720782083,10.8,231.0,3.34947447737348
10:06:14,2025-06-07,-0.969683,54.304535,8.81891913962463,1.519223305380308,10.8,231.0,1.8021252756151132
10:06:15,2025-06-07,-0.969682,54.304557,9.62009654156816,358.6073273226445,10.8,231.0,3.0294345403956244
10:06:16,2025-06-07,-0.969683,54.304581,8.86550095028256,353.94433876612936,10.8,231.0,2.992201390252779
10:06:17,2025-06-07,-0.969687,54.304603,9.66281683762237,354.4456828912702,10.8,231.0,3.710437841756214
10:06:18,2025-06-07,-0.969691,54.304627,8.828255250970592,356.9636934010416,10.8,231.0,2.485712415473264
10:06:19,2025-06-07,-0.969693,54.304649,7.617255538411353,1.7589555063021862,10.8,231.0,0.566171472811293
10:06:20,2025-06-07,-0.969692,54.304668,9.264069936614971,354.20580901830033,10.8,231.0,3.3494709179956237
10:06:21,2025-06-07,-0.969696,54.304691,8.893332635494206,352.4462032794992,10.8,231.0,3.258996771602379
10:06:22,2025-06-07,-0.969701,54.304713,8.349962508718122,343.7360784883558,10.8,231.0,4.175904233638312
10:06:23,2025-06-07,-0.969711,54.304733,7.742396424666486,349.56006564898536,10.8,231.0,2.5791345851472123
10:06:24,2025-06-07,-0.969717,54.304752,8.818919425561235,358.48078469911525,10.8,231.0,2.2471698868622534
10:06:25,2025-06-07,-0.969718,54.304774,8.418349262181211,358.40847828575573,10.8,231.0,1.8574206957209674
10:06:26,2025-06-07,-0.969719,54.304795,9.29070759596308,352.77109561595785,10.8,231.0,3.6042162397713033
10:06:27,2025-06-07,-0.969724,54.304818,10.94304878112105,351.39804644241406,10.8,231.0,5.478201741174455
10:06:28,2025-06-07,-0.969731,54.304845,10.484360184806796,353.59783771030914,10.8,231.0,4.665979079312857
10:06:29,2025-06-07,-0.969736,54.304871,9.264069778936692,354.2058374002685,10.8,231.0,3.34946628403065
10:06:30,2025-06-07,-0.96974,54.304894,9.228433322350709,357.09549443534104,10.8,231.0,2.8657988913925836
10:06:31,2025-06-07,-0.969742,54.304917,8.815805486783246,0.0,10.8,231.0,2.0191452634449965
10:06:32,2025-06-07,-0.969742,54.304939,9.228433365816064,357.0954976045345,10.8,231.0,2.865798452154169
10:06:33,2025-06-07,-0.969744,54.304962,10.910379536797585,352.61223932929107,10.8,231.0,5.249366896977043
10:06:34,2025-06-07,-0.96975,54.304989,9.361369992114895,349.9305049856218,10.8,231.0,4.136887024370461
10:06:35,2025-06-07,-0.969757,54.305012,9.219502849803515,358.5468177813717,10.8,231.0,2.6378803134953968
10:06:36,2025-06-07,-0.969758,54.305035,9.24329856900973,4.352089851415087,10.8,231.0,1.8293176328783014
10:06:37,2025-06-07,-0.969755,54.305058,9.243298577011235,355.6479125691616,10.8,231.0,3.103154278708196
10:06:38,2025-06-07,-0.969758,54.305081,9.323160457381073,351.3454783317145,10.8,231.0,3.8668624105478164
10:06:39,2025-06-07,-0.969764,54.305104,10.421314704092724,358.71443568101336,10.8,231.0,3.814669911628079
10:06:40,2025-06-07,-0.969765,54.30513,9.228433545318762,2.904488941433783,10.8,231.0,2.0152121724836665
10:06:41,2025-06-07,-0.969763,54.305153,9.243298601662202,4.35207742492878,10.8,231.0,1.8293193687592009
10:06:42,2025-06-07,-0.96976,54.305176,8.41834975976691,358.40849382130017,10.8,231.0,1.8574188672213356
10:06:43,2025-06-07,-0.969761,54.305197,6.449923935859035,353.75666324678855,10.8,231.0,0.6063433459628937
10:06:44,2025-06-07,-0.969764,54.305213,8.069000761423151,353.3440634036654,10.8,231.0,2.2909765568363003
10:06:45,2025-06-07,-0.969768,54.305233,7.671136619115183,352.9971468423871,10.8,231.0,1.9484646591525188
10:06:46,2025-06-07,-0.969772,54.305252,8.41508752385266,0.0,10.8,231.0,1.6184273005144112
10:06:47,2025-06-07,-0.969772,54.305273,8.418349891741602,1.5915024303585596,10.8,231.0,1.3912045885250297
10:06:48,2025-06-07,-0.969771,54.305294,8.099568955918382,8.299004124987619,10.8,231.0,0.16261863228642692
10:06:49,2025-06-07,-0.969766,54.305314,9.228433723775813,2.904475980366044,10.8,231.0,2.0152141692433716
10:06:50,2025-06-07,-0.969764,54.305337,9.228433744488948,2.904474361302391,10.8,231.0,2.0152144170942785
10:06:51,2025-06-07,-0.969762,54.30536,8.815806138112432,0.0,10.8,231.0,2.0191459147741826
10:06:52,2025-06-07,-0.969762,54.305382,9.323159370846293,8.654459340800088,10.8,231.0,1.3409233498405309
10:06:53,2025-06-07,-0.969756,54.305405,9.121953103455553,14.853524501302104,10.8,231.0,0.40082683815570874
10:06:54,2025-06-07,-0.969746,54.305427,8.28723706169859,14.711455566561312,10.8,231.0,-0.4180665605303435
10:06:55,2025-06-07,-0.969737,54.305447,7.646039603142897,354.73643482161685,10.8,231.0,1.6480073024253672
10:06:56,2025-06-07,-0.96974,54.305466,9.361367387318694,349.93061928254065,10.8,231.0,4.136865563718921
10:06:57,2025-06-07,-0.969747,54.305489,8.893330817417477,352.4463480283916,10.8,231.0,3.258971676287855
10:06:58,2025-06-07,-0.969752,54.305511,8.099568350886178,8.29896098417845,10.8,231.0,0.16262354205370233
10:06:59,2025-06-07,-0.969747,54.305531,9.290706081777778,7.228776499706726,10.8,231.0,1.4919422492641514
10:07:00,2025-06-07,-0.969742,54.305554,9.219503598751103,1.453163093140006,10.8,231.0,2.212180300850413
10:07:01,2025-06-07,-0.969741,54.305577,9.228433975875028,2.9044574542207897,10.8,231.0,2.01521702036822
10:07:02,2025-06-07,-0.969739,54.3056,9.264069213636486,5.794060686650653,10.8,231.0,1.6548141756157735
10:07:03,2025-06-07,-0.969735,54.305623,9.361366542193574,10.069343093459679,10.8,231.0,1.2019337882190264
10:07:04,2025-06-07,-0.969728,54.305646,9.361366409029024,10.069337586347899,10.8,231.0,1.2019343351384943
10:07:05,2025-06-07,-0.969721,54.305669,10.484358993590464,6.402035195698147,10.8,231.0,2.7942083380274667
10:07:06,2025-06-07,-0.969716,54.305695,9.628656964712757,2.783624828742745,10.8,231.0,2.432407601288645
10:07:07,2025-06-07,-0.969714,54.305719,10.484358918343924,6.4020274843696825,10.8,231.0,2.794209283359625
10:07:08,2025-06-07,-0.969709,54.305745,9.688356449590179,6.930533720777248,10.8,231.0,1.9285882294840464
10:07:09,2025-06-07,-0.969704,54.305769,10.15137418451216,9.278363145442654,10.8,231.0,2.0903955001425683
10:07:10,2025-06-07,-0.969697,54.305794,9.264069069140026,5.794033564949984,10.8,231.0,1.654817659046329
10:07:11,2025-06-07,-0.969693,54.305817,9.662816095873325,5.554154325734601,10.8,231.0,2.0857186702278776
10:07:12,2025-06-07,-0.969689,54.305841,10.442372460928116,3.851459623440121,10.8,231.0,3.0972922214497487
10:07:13,2025-06-07,-0.969686,54.305867,9.290705390906792,7.228718116322,10.8,231.0,1.4919491714486233
10:07:14,2025-06-07,-0.969681,54.30589,9.21950407147906,1.453151236434337,10.8,231.0,2.2121824742234173
10:07:15,2025-06-07,-0.96968,54.305913,10.819399448901997,0.0,10.8,231.0,4.022739225563748
10:07:16,2025-06-07,-0.96968,54.30594,10.842215436587173,3.7092098290818853,10.8,231.0,3.516815276167426
10:07:17,2025-06-07,-0.969677,54.305967,10.484358561318079,6.401989231540199,10.8,231.0,2.794213989020319
10:07:18,2025-06-07,-0.969672,54.305993,9.323157159156207,8.654332820987293,10.8,231.0,1.3409372024719621
10:07:19,2025-06-07,-0.969666,54.306016,10.513126544467728,7.668391695094726,10.8,231.0,2.6572680805722424
10:07:20,2025-06-07,-0.96966,54.306042,9.719480241045266,8.298854611451588,10.8,231.0,1.7825490301285285
10:07:21,2025-06-07,-0.969654,54.306066,10.94304356824458,8.601696668696945,10.8,231.0,2.9675102412908965
10:07:22,2025-06-07,-0.969647,54.306093,12.132954318403742,7.752550391993623,10.8,231.0,4.266218458264725
10:07:23,2025-06-07,-0.96964,54.306123,10.910376513426243,7.38755460106853,10.8,231.0,3.0909383745580055
10:07:24,2025-06-07,-0.969634,54.30615,10.484358297527548,6.4019610071694615,10.8,231.0,2.7942174606717893
10:07:25,2025-06-07,-0.969629,54.306176,9.66281587628025,5.554106189796755,10.8,231.0,2.08572491623777
10:07:26,2025-06-07,-0.969625,54.3062,12.103499195409126,6.655776819871846,10.8,231.0,4.379841874368693
10:07:27,2025-06-07,-0.969619,54.30623,10.94304288887628,8.601662905889157,10.8,231.0,2.9675138531391605
10:07:28,2025-06-07,-0.969612,54.306257,10.54702291694923,8.927258334725877,10.8,231.0,2.5302400391135045
10:07:29,2025-06-07,-0.969605,54.306283,10.943042667780642,8.601651999140643,10.8,231.0,2.96751501828012
10:07:30,2025-06-07,-0.969598,54.30631,10.98061393458429,9.80803871134151,10.8,231.0,2.8535349117865394
10:07:31,2025-06-07,-0.96959,54.306337,10.980613775381995,9.808032404825894,10.8,231.0,2.8535355354760163
10:07:32,2025-06-07,-0.969582,54.306364,12.132953394887934,7.752499974942964,10.8,231.0,4.266224046005126
10:07:33,2025-06-07,-0.969575,54.306394,11.242121071241813,3.5770489130406986,10.8,231.0,3.935045672081438
10:07:34,2025-06-07,-0.969572,54.306422,13.275517948987128,5.0518986718132055,10.8,231.0,5.766173563449726
10:07:35,2025-06-07,-0.969567,54.306455,10.943041947444295,8.601616592314713,10.8,231.0,2.9675187981171884
10:07:36,2025-06-07,-0.96956,54.306482,10.678962281375014,12.647846240041986,10.8,231.0,2.20947388410608
10:07:37,2025-06-07,-0.96955,54.306508,11.023038441633128,11.005661631573616,10.8,231.0,2.7490725182823734
10:07:38,2025-06-07,-0.969541,54.306535,12.562934901768704,8.562549468829502,10.8,231.0,4.592379001426904
10:07:39,2025-06-07,-0.969533,54.306566,10.980612407803317,9.807978894783787,10.8,231.0,2.853540810645745
10:07:40,2025-06-07,-0.969525,54.306593,13.39083594845863,9.041219503344337,10.8,231.0,5.359674971096489
10:07:41,2025-06-07,-0.969516,54.306626,11.854751587007843,11.375398700047697,10.8,231.0,3.5361652173655465
10:07:42,2025-06-07,-0.969506,54.306655,13.911596494180243,11.635827256581308,10.8,231.0,5.5617890201609566
10:07:43,2025-06-07,-0.969494,54.306689,12.401533255867218,14.188566555777584,10.8,231.0,3.7549256095774552
10:07:44,2025-06-07,-0.969481,54.306719,12.686895496729676,11.696649377301924,10.8,231.0,4.329821275081365
10:07:45,2025-06-07,-0.96947,54.30675,13.786696912298577,8.779472251463687,10.8,231.0,5.788606934394199
10:07:46,2025-06-07,-0.969461,54.306784,12.736572558389533,12.72670379309983,10.8,231.0,4.257868990757528
10:07:47,2025-06-07,-0.969449,54.306815,14.645693819500185,16.7022384834018,10.8,231.0,5.723594469218092
10:07:48,2025-06-07,-0.969431,54.30685,13.953129253639663,18.568337164348975,10.8,231.0,4.837587027596687
10:07:49,2025-06-07,-0.969412,54.306883,14.942630420480103,20.13978871767216,10.8,231.0,5.671680115877942
10:07:50,2025-06-07,-0.96939,54.306918,14.194881142710596,16.26309089370534,10.8,231.0,5.319687934616132
10:07:51,2025-06-07,-0.969373,54.306952,14.260054404402858,10.390753891558234,10.8,231.0,6.061058594047413
10:07:52,2025-06-07,-0.969362,54.306987,14.130906431792132,15.352852976296049,10.8,231.0,5.354594514457485
10:07:53,2025-06-07,-0.969346,54.307021,14.407975664031316,18.942256234977606,10.8,231.0,5.254828752090807
10:07:54,2025-06-07,-0.969326,54.307055,14.942623384122305,20.13971132140142,10.8,231.0,5.671680562811623
10:07:55,2025-06-07,-0.969304,54.30709,14.65173241849437,21.53816471594996,10.8,231.0,5.248350552166983
10:07:56,2025-06-07,-0.969281,54.307124,14.830532759726012,23.219321936091546,10.8,231.0,5.2753601442840825
10:07:57,2025-06-07,-0.969256,54.307158,13.11884808040757,18.71489999625294,10.8,231.0,3.988519817319144
10:07:58,2025-06-07,-0.969238,54.307189,13.953118286243683,18.568194723519184,10.8,231.0,4.837590459416624
10:07:59,2025-06-07,-0.969219,54.307222,15.399793429926282,20.443052931554178,10.8,231.0,6.099651146170832
10:08:00,2025-06-07,-0.969196,54.307258,16.773638763801486,21.253969587225527,10.8,231.0,7.3967202960404865
10:08:01,2025-06-07,-0.96917,54.307297,16.315334313616628,20.998813015979295,10.8,231.0,6.962371825360163
10:08:02,2025-06-07,-0.969145,54.307335,15.775788073872137,19.934536459402352,11.6,232.0,5.945459931860292
10:08:03,2025-06-07,-0.969122,54.307372,16.531270315055476,18.987198790559717,11.6,232.0,6.804103515980975
10:08:04,2025-06-07,-0.969099,54.307411,16.152973155553788,19.44976012058646,11.6,232.0,6.3751012741225725
10:08:05,2025-06-07,-0.969076,54.307449,18.50681962647838,17.65300860606044,11.6,232.0,8.929443902676823
10:08:06,2025-06-07,-0.969052,54.307493,18.691726206080407,15.230695763391623,11.6,232.0,9.39952093891737
10:08:07,2025-06-07,-0.969031,54.307538,19.271891872679838,16.930258541148532,11.6,232.0,9.777833940497635
10:08:08,2025-06-07,-0.969007,54.307584,21.2597133462183,15.960346761367418,11.6,232.0,11.879837270913756
10:08:09,2025-06-07,-0.968982,54.307635,21.854809972454113,13.613744969482127,11.6,232.0,12.762237610410054
10:08:10,2025-06-07,-0.96896,54.307688,22.046057773657445,11.005346649630269,11.6,232.0,13.29071651499094
10:08:11,2025-06-07,-0.968942,54.307742,21.526983137459005,9.376184203388107,11.6,232.0,12.991521359419007
10:08:12,2025-06-07,-0.968927,54.307795,20.266184756049746,8.625542093714444,11.6,232.0,11.834366339229172
10:08:13,2025-06-07,-0.968914,54.307845,21.39393333888026,6.904279986970323,11.6,232.0,13.205209352329815
10:08:14,2025-06-07,-0.968903,54.307898,21.765313027729437,6.1664488703166285,11.6,232.0,13.6830689803497
10:08:15,2025-06-07,-0.968893,54.307952,21.342539733909778,5.657980333119383,11.6,232.0,13.334456364871969
10:08:16,2025-06-07,-0.968884,54.308005,21.28457416184373,3.778802579241585,11.6,232.0,13.55599731448606
10:08:17,2025-06-07,-0.968878,54.308058,20.048260638107283,2.004853189413325,11.6,232.0,12.591171701767385
10:08:18,2025-06-07,-0.968875,54.308108,20.84263911798795,1.285469719379364,11.6,232.0,13.497697695035892
10:08:19,2025-06-07,-0.968873,54.30816,20.44202393112403,1.310664676978547,11.6,232.0,13.09313509788652
10:08:20,2025-06-07,-0.968871,54.308211,20.838687428203908,0.6428141432969596,11.6,232.0,13.594911850138551
10:08:21,2025-06-07,-0.96887,54.308263,20.041413025653338,358.6631347613857,11.6,232.0,13.114946943808107
10:08:22,2025-06-07,-0.968872,54.308313,21.65022326932994,358.1435580589166,11.6,232.0,14.80842209077159
10:08:23,2025-06-07,-0.968875,54.308367,20.041413345261383,358.6631381379135,11.6,232.0,13.114946715055
10:08:24,2025-06-07,-0.968877,54.308417,21.258762031226865,357.47879306999164,11.6,232.0,14.5261036249169
10:08:25,2025-06-07,-0.968881,54.30847,19.6477945331561,357.9542862677084,11.6,232.0,12.836975325022273
10:08:26,2025-06-07,-0.968884,54.308519,20.085201260324748,355.9952357990007,11.6,232.0,13.599363251943899
10:08:27,2025-06-07,-0.96889,54.308569,20.102962671677723,355.3305227600256,11.6,232.0,13.729133946002385
10:08:28,2025-06-07,-0.968897,54.308619,19.70360722892451,355.2356672696944,11.6,232.0,13.345832682807261
10:08:29,2025-06-07,-0.968904,54.308668,20.45813515220727,357.3800732082347,11.6,232.0,13.741762463871275
10:08:30,2025-06-07,-0.968908,54.308719,20.522447126779646,354.7710632934741,11.6,232.0,14.243557125706333
10:08:31,2025-06-07,-0.968916,54.30877,18.683066064860345,350.63739179769294,11.6,232.0,13.123595122420713
10:08:32,2025-06-07,-0.968929,54.308816,20.266176798572985,351.37466865472453,11.6,232.0,14.57616186651274
10:08:33,2025-06-07,-0.968942,54.308866,19.907370845635363,350.53637961433583,11.6,232.0,14.365857546305936
10:08:34,2025-06-07,-0.968956,54.308915,20.383688511936217,349.4250451590146,11.6,232.0,15.040869763995042
10:08:35,2025-06-07,-0.968972,54.308965,19.14033444445194,344.40963098236153,11.6,232.0,14.718115395481433
10:08:36,2025-06-07,-0.968994,54.309011,19.140333038203703,344.40964756063903,11.6,232.0,14.718110886294614
10:08:37,2025-06-07,-0.969016,54.309057,20.424682870704256,344.05256020030254,11.6,232.0,16.069381827989904
10:08:38,2025-06-07,-0.96904,54.309106,19.64570391462116,339.80633321129426,11.6,232.0,16.098417568394705
10:08:39,2025-06-07,-0.969069,54.309152,19.188839991925715,340.0485373537504,11.6,232.0,15.594898316664331
10:08:40,2025-06-07,-0.969097,54.309197,17.980029859588623,339.44147223891287,11.6,232.0,14.503145400530645
10:08:41,2025-06-07,-0.969124,54.309239,17.691055437759452,338.27637283960166,11.6,232.0,14.439913131296697
10:08:42,2025-06-07,-0.969152,54.30928,16.400828370242134,338.23936895614025,11.6,232.0,13.156878218905437
10:08:43,2025-06-07,-0.969178,54.309318,17.18550913257789,332.4355716841979,11.6,232.0,15.08440398741486
10:08:44,2025-06-07,-0.969212,54.309356,17.18550581669642,332.43559337723514,11.6,232.0,15.084396352246468
10:08:45,2025-06-07,-0.969246,54.309394,15.90370938087587,331.9244887197545,11.6,232.0,13.904447885088715
10:08:46,2025-06-07,-0.969278,54.309429,16.25818987848536,332.5894685187273,11.6,232.0,14.126450047096203
10:08:47,2025-06-07,-0.96931,54.309465,14.2233159779216,324.85018942385074,11.6,232.0,13.64650973807231
10:08:48,2025-06-07,-0.969345,54.309494,13.760863954680627,324.68541351585554,11.6,232.0,13.217379018980846
10:08:49,2025-06-07,-0.969379,54.309522,9.673989435324986,335.7334983449223,11.6,232.0,6.920078350776707
10:08:50,2025-06-07,-0.969396,54.309544,8.949453806581856,340.14251769769885,11.6,232.0,5.3374261229972495
10:08:51,2025-06-07,-0.969409,54.309565,7.578812140748363,309.446030445265,11.6,232.0,10.100178122028666
10:08:52,2025-06-07,-0.969434,54.309577,8.726688160565725,313.5992972477063,11.6,232.0,10.421392043411323
10:08:53,2025-06-07,-0.969461,54.309592,7.479980417372482,323.53635336862015,11.6,232.0,7.168970363388156
10:08:54,2025-06-07,-0.96948,54.309607,0.03601761273617483,335.59338364538183,11.6,232.0,-2.690328905095172
10:10:44,2025-06-07,-0.969487,54.309616,1.7502430019526425,336.3680429102479,11.6,232.0,-1.1282925322637396
10:10:45,2025-06-07,-0.96949,54.30962,7.8913734864407425,329.74051754310966,11.6,232.0,6.329004982109046
10:10:46,2025-06-07,-0.969507,54.309637,7.165905918465243,316.697873425618,11.6,232.0,8.237833433815638
10:10:47,2025-06-07,-0.969528,54.30965,7.768038379289403,320.75922557403527,11.6,232.0,8.019223693851476
10:10:48,2025-06-07,-0.969549,54.309665,7.479975784195106,323.5364019483992,11.6,232.0,7.1689558983722685
10:10:49,2025-06-07,-0.969568,54.30968,9.283965349019892,329.74055603692955,11.6,232.0,7.721589122311114
10:10:50,2025-06-07,-0.969588,54.3097,8.012201415247507,328.29549210277867,11.6,232.0,6.740190559658157
10:10:51,2025-06-07,-0.969606,54.309717,10.121202839630477,326.3067691964165,11.6,232.0,9.2500829929584
10:10:52,2025-06-07,-0.96963,54.309738,9.146112925579505,322.12170758234254,11.6,232.0,9.121472246886572
10:10:53,2025-06-07,-0.969654,54.309756,8.726668382495838,313.59942167746925,11.6,232.0,10.421347343807101
10:10:54,2025-06-07,-0.969681,54.309771,8.528317404372062,318.8107131479626,11.6,232.0,9.173681268333047
10:10:55,2025-06-07,-0.969705,54.309787,7.30989039714515,320.1911015040271,11.6,232.0,7.676055882499278
10:10:56,2025-06-07,-0.969725,54.309801,7.161928446712905,321.62923115851345,11.6,232.0,7.236993112567688
10:10:57,2025-06-07,-0.969744,54.309815,10.362504789944394,317.34995054492754,11.6,232.0,11.30291223881077
10:10:58,2025-06-07,-0.969774,54.309834,10.236665362067367,314.86433305799005,11.6,232.0,11.677607907055766
10:10:59,2025-06-07,-0.969805,54.309852,9.68866031735468,311.49885728596274,11.6,232.0,11.802819890454911
10:11:00,2025-06-07,-0.969836,54.309868,10.071746933320085,315.8036096313288,11.6,232.0,11.323812932059441
10:11:01,2025-06-07,-0.969866,54.309886,10.404236432023502,313.9550677409292,11.6,232.0,12.027652279355896
10:11:02,2025-06-07,-0.969898,54.309904,12.251329116416963,313.448555358879,11.6,232.0,13.976218578033748
10:11:03,2025-06-07,-0.969936,54.309925,11.894391280353371,309.8642208551265,11.6,232.0,14.33304898313315
10:11:04,2025-06-07,-0.969975,54.309944,11.098730393864612,310.5980674854417,11.6,232.0,13.39193907539396
10:11:05,2025-06-07,-0.970011,54.309962,10.130537381396683,312.3213323602595,11.6,232.0,12.08075688331298
10:11:06,2025-06-07,-0.970043,54.309979,15.678275999347472,311.7115119625608,11.6,232.0,17.750088520705958
10:11:07,2025-06-07,-0.970093,54.310005,13.924606869567004,309.34434146965214,11.6,232.0,16.466064416992495
10:11:08,2025-06-07,-0.970139,54.310027,17.179722444636564,312.63056612469427,11.6,232.0,19.068198071279976
10:11:09,2025-06-07,-0.970193,54.310056,14.271338929015542,312.4330605203256,11.6,232.0,16.199256429781336
10:11:10,2025-06-07,-0.970238,54.31008,16.668769330169052,314.26544408542304,11.6,232.0,18.229941843267333
10:11:11,2025-06-07,-0.970289,54.310109,12.978924647051125,315.309940802028,11.6,232.0,14.330306324954732
10:11:12,2025-06-07,-0.970328,54.310132,19.858421116442557,314.9968807306474,11.6,232.0,21.272732312217776
10:11:13,2025-06-07,-0.970388,54.310167,16.623494973038557,316.3821635012811,11.6,232.0,17.75905046608882
10:11:14,2025-06-07,-0.970437,54.310197,22.11077839422486,316.5285419637675,11.6,232.0,23.21683703464946
10:11:15,2025-06-07,-0.970502,54.310237,18.437137480690144,321.54810519877145,11.6,232.0,18.528626337150886
10:11:16,2025-06-07,-0.970551,54.310273,24.61163446687463,324.5589618896761,11.6,232.0,24.0937238874896
10:11:17,2025-06-07,-0.970612,54.310323,21.235724011412945,330.28609371876524,11.6,232.0,19.563978080151173
10:11:18,2025-06-07,-0.970657,54.310369,19.379025635895005,330.33834775405836,11.6,232.0,17.696811582770696
10:11:19,2025-06-07,-0.970698,54.310411,14.552444169523028,325.7598060465609,11.6,232.0,13.791786817815655
10:11:20,2025-06-07,-0.970733,54.310441,9.283922588522223,329.74101714441434,11.6,232.0,7.7214538575160585
10:11:21,2025-06-07,-0.970753,54.310461,4.528206509518183,332.29812453573095,11.6,232.0,2.454474399485824
10:11:22,2025-06-07,-0.970762,54.310471,2.891768351597688,345.96238479502375,11.6,232.0,-1.8194185804973473
10:11:23,2025-06-07,-0.970765,54.310478,0.4686252987022303,89.99999921908363,11.6,232.0,-8.672299540473619
10:11:24,2025-06-07,-0.970763,54.310478,0.1400189839160095,336.36848582807846,11.6,232.0,-2.738603417761314
10:11:49,2025-06-07,-0.970769,54.310486,15.021623119553812,335.14256354013213,11.6,232.0,12.384075599961827
10:11:50,2025-06-07,-0.970796,54.31052,8.200381885636714,338.2399535056077,11.6,232.0,4.956318109470098
10:11:51,2025-06-07,-0.970809,54.310539,8.200381386314067,338.2399626065646,11.6,232.0,4.956315841104494
10:11:52,2025-06-07,-0.970822,54.310558,17.64909543749125,332.36542594229206,11.6,232.0,15.56195853823114
10:11:53,2025-06-07,-0.970857,54.310597,19.778931887835373,326.2268004074371,11.6,232.0,18.92395750376941
10:11:54,2025-06-07,-0.970904,54.310638,19.644498689459795,319.06814121748755,11.6,232.0,20.237818514600118
10:11:55,2025-06-07,-0.970959,54.310675,20.260881724804396,312.3218454018986,11.6,232.0,22.210998835623638
10:11:56,2025-06-07,-0.971023,54.310709,26.77550386813322,311.2505563819323,11.6,232.0,28.939072018510583
10:11:57,2025-06-07,-0.971109,54.310753,25.444480831965507,306.82214637880014,11.6,232.0,28.481548217369426
10:11:58,2025-06-07,-0.971196,54.310791,37.17330295461144,305.66103847109525,11.6,232.0,40.43660704641311
10:11:59,2025-06-07,-0.971325,54.310845,33.53050663255719,305.90725969833545,11.6,232.0,36.74594444586491
10:12:00,2025-06-07,-0.971441,54.310894,37.22122505139434,301.17344497648696,11.6,232.0,41.34549125926174
10:12:01,2025-06-07,-0.971577,54.310942,41.49235555191574,298.2986694688877,11.6,232.0,46.15519641824143
10:12:02,2025-06-07,-0.971733,54.310991,40.259336672512575,299.2467209622418,11.6,232.0,44.74579603992322
10:12:03,2025-06-07,-0.971883,54.31104,38.27747363579261,297.48132270366233,11.6,232.0,43.09135589672904
10:12:04,2025-06-07,-0.972028,54.311084,43.215232600663626,295.88866912285005,11.6,232.0,48.32058697241099
10:12:05,2025-06-07,-0.972194,54.311131,39.01091300707678,292.383820159573,11.6,232.0,44.74348667137326
10:12:06,2025-06-07,-0.972348,54.311168,39.75292135266655,293.19690071843814,11.6,232.0,45.34181382455654
10:12:07,2025-06-07,-0.972504,54.311207,47.90732458425845,293.1969353897418,11.6,232.0,53.49621090510481
10:12:08,2025-06-07,-0.972692,54.311254,40.03001739323688,292.4045855060165,11.6,232.0,45.75893581141995
10:12:09,2025-06-07,-0.97285,54.311292,50.09572185891427,296.1525706685664,11.6,232.0,55.15304615290496
10:12:10,2025-06-07,-0.973042,54.311347,41.86963198179088,300.5378730761623,11.6,232.0,46.11391110717445
10:12:11,2025-06-07,-0.973196,54.3114,58.45560958786944,300.54013696118363,11.6,232.0,62.6994621494797
10:12:12,2025-06-07,-0.973411,54.311474,53.60549917516838,299.6188929270637,11.6,232.0,58.02237888622437
10:12:13,2025-06-07,-0.97361,54.31154,53.408868614066215,299.2445665280903,11.6,232.0,57.8957302168952
10:12:14,2025-06-07,-0.973809,54.311605,46.12707786274006,299.1658865546916,11.6,232.0,50.628624759181434
10:12:15,2025-06-07,-0.973981,54.311661,65.55398540153917,301.7743034652523,11.6,232.0,69.56432659247203
10:12:16,2025-06-07,-0.974219,54.311747,51.38662661454529,301.55691855232266,11.6,232.0,55.43823637320808
10:12:17,2025-06-07,-0.974406,54.311814,52.39526485813598,301.39495236407834,11.6,232.0,56.47758455602562
10:12:18,2025-06-07,-0.974597,54.311882,48.989858829631025,302.7335559235438,11.6,232.0,52.81741325417641
10:12:19,2025-06-07,-0.974773,54.311948,58.80941141743921,304.50183314381957,11.6,232.0,62.29724473217669
10:12:20,2025-06-07,-0.97498,54.312031,50.792109711444795,305.7816358755806,11.6,232.0,54.03197671587315
10:12:21,2025-06-07,-0.975156,54.312105,59.96516419107092,306.0821763952193,11.6,232.0,63.146561451085454
10:12:22,2025-06-07,-0.975363,54.312193,54.880752350087064,307.8948536589604,11.6,232.0,57.70769700339579
10:12:23,2025-06-07,-0.975548,54.312277,60.246543403930055,310.7446321399282,11.6,232.0,62.51065701470759
10:12:24,2025-06-07,-0.975743,54.312375,55.75566939445565,312.0087165570365,11.6,232.0,57.76825030404137
10:12:25,2025-06-07,-0.97592,54.312468,55.581546553308414,312.1702547707711,11.6,232.0,57.56191076661316
10:12:26,2025-06-07,-0.976096,54.312561,59.45392045974998,311.9211991152425,11.6,232.0,61.4839489200405
10:12:27,2025-06-07,-0.976285,54.31266,49.498960469847745,311.6579586567988,11.6,232.0,51.58144005613562
10:12:28,2025-06-07,-0.976443,54.312742,54.00212427515746,312.5397225925139,11.6,232.0,55.908744172796006
10:12:29,2025-06-07,-0.976613,54.312833,48.35905815660326,312.2245432692427,11.6,232.0,50.32859168793241
10:12:30,2025-06-07,-0.976766,54.312914,47.30020105837939,312.07640273896413,11.6,232.0,49.299284771597215
10:12:31,2025-06-07,-0.976916,54.312993,41.2351680149587,312.9288848644055,11.6,232.0,43.06402698853156
10:12:32,2025-06-07,-0.977045,54.313063,53.725815257949435,311.0876387044018,11.6,232.0,55.92177984018859
10:12:33,2025-06-07,-0.977218,54.313151,42.011500050395306,311.2235677395652,11.6,232.0,44.18043614993037
10:12:34,2025-06-07,-0.977353,54.31322,37.09476801164269,309.6591644789462,11.6,232.0,39.573997574547754
10:12:35,2025-06-07,-0.977475,54.313279,42.812187662873,312.43534833010017,11.6,232.0,44.73964841821037
10:12:36,2025-06-07,-0.97761,54.313351,42.02664252864384,309.7697284212984,11.6,232.0,44.4840001423717
10:12:37,2025-06-07,-0.977748,54.313418,33.87633323473526,308.02302467152697,11.6,232.0,36.678103931287936
10:12:38,2025-06-07,-0.977862,54.31347,30.076774539314947,305.95169381052483,11.6,232.0,33.28356785314637
10:12:39,2025-06-07,-0.977966,54.313514,37.09767200230241,304.2338216214067,11.6,232.0,40.637217250350425
10:12:40,2025-06-07,-0.978097,54.313566,29.157011959815755,310.3012535024851,11.6,232.0,31.50909607641354
10:12:41,2025-06-07,-0.978192,54.313613,22.050515518716036,308.2248813794403,11.6,232.0,24.812611336058428
10:12:42,2025-06-07,-0.978266,54.313647,29.195326352108104,308.2081970477306,11.6,232.0,31.96070277661402
10:12:43,2025-06-07,-0.978364,54.313692,22.458800138363042,311.3778851270711,11.6,232.0,24.59703657943387
10:12:44,2025-06-07,-0.978436,54.313729,28.541293952770314,312.43563375667384,11.6,232.0,30.46869772444696
10:12:45,2025-06-07,-0.978526,54.313777,20.87634432770791,312.2731123203023,11.6,232.0,22.836186721267445
10:12:46,2025-06-07,-0.978592,54.313812,25.930869713790827,308.2438491166678,11.6,232.0,28.689235657983986
10:12:47,2025-06-07,-0.978679,54.313852,18.68397534544191,313.4043029607086,11.6,232.0,20.41772394994702
10:12:48,2025-06-07,-0.978737,54.313884,23.715338673185766,308.76026122540975,11.6,232.0,26.37204099987129
10:12:49,2025-06-07,-0.978816,54.313921,20.53163068557325,313.15191079436863,11.6,232.0,22.315887204843616
10:12:50,2025-06-07,-0.97888,54.313956,20.963094297312843,310.60084597281525,11.6,232.0,23.255751550370448
10:12:51,2025-06-07,-0.978948,54.31399,18.238989574373445,312.9939175551563,11.6,232.0,20.054845638326498
10:12:52,2025-06-07,-0.979005,54.314021,21.25443156203014,314.29856514104904,11.6,232.0,22.808959191974655
10:12:53,2025-06-07,-0.97907,54.314058,17.39952742621251,315.62236491157125,11.6,232.0,18.68806720043398
10:12:54,2025-06-07,-0.979122,54.314089,18.49681414586723,310.6009328463324,11.6,232.0,20.789454157611168
10:12:55,2025-06-07,-0.979182,54.314119,20.191898323617913,314.0604662888324,11.6,232.0,21.79418263969265
10:12:56,2025-06-07,-0.979244,54.314154,17.51808492855334,321.1179313215486,11.6,232.0,17.696659905410165
10:12:57,2025-06-07,-0.979291,54.314188,16.021980769762592,323.225423400689,11.6,232.0,15.773902676291288
10:12:58,2025-06-07,-0.979332,54.31422,19.715929529426603,324.45077217708047,11.6,232.0,19.21990191163648
10:12:59,2025-06-07,-0.979381,54.31426,14.470058933759951,320.90589030699505,11.6,232.0,14.691556943280693
10:13:00,2025-06-07,-0.97942,54.314288,19.25376379848598,324.3233752602224,11.6,232.0,18.78350634356627
10:13:01,2025-06-07,-0.979468,54.314327,15.811841517643554,326.8135022484788,11.6,232.0,14.83845450839838
10:13:02,2025-06-07,-0.979505,54.31436,16.02390931268494,328.29840548621434,11.6,232.0,14.751312177363094
10:13:03,2025-06-07,-0.979541,54.314394,14.045261115313181,328.91921599068974,11.6,232.0,12.647811605612423
10:13:04,2025-06-07,-0.979572,54.314424,16.365976270761568,329.0361206120195,11.6,232.0,14.945033764168711
10:13:05,2025-06-07,-0.979608,54.314459,12.656965289011664,332.48789783780774,11.6,232.0,10.545442393810735
10:13:06,2025-06-07,-0.979633,54.314487,20.080665491606744,336.6761902752939,11.6,232.0,17.141736277354784
10:13:07,2025-06-07,-0.979667,54.314533,15.121527547110716,334.34068420065745,11.6,232.0,12.642327912376258
10:13:08,2025-06-07,-0.979695,54.314567,16.029188502989527,337.7107615084547,11.6,232.0,12.888125915056332
10:13:09,2025-06-07,-0.979721,54.314604,13.271610513125182,334.9830915646839,11.6,232.0,10.665513909870242
10:13:10,2025-06-07,-0.979745,54.314634,17.077706514915775,333.13419284253604,11.6,232.0,14.837658983976246
10:13:11,2025-06-07,-0.979778,54.314672,12.567868837736881,326.056437882548,11.6,232.0,11.747295658901276
10:13:12,2025-06-07,-0.979808,54.314698,16.24644518277414,329.7436074826637,11.6,232.0,14.683456797326853
10:13:13,2025-06-07,-0.979843,54.314733,11.16095083757047,333.89519864718113,11.6,232.0,8.769933477743855
10:13:14,2025-06-07,-0.979864,54.314758,17.778954048170526,337.57894402216976,11.6,232.0,14.663590258488316
10:13:15,2025-06-07,-0.979893,54.314799,14.739157224063263,337.6199485787006,11.6,232.0,11.615797518177763
10:13:16,2025-06-07,-0.979917,54.314833,15.224610413963635,333.547517947722,11.6,232.0,12.90251590563232
10:13:17,2025-06-07,-0.979946,54.314867,14.158969297003006,331.378889123333,11.6,232.0,12.26860494193459
10:13:18,2025-06-07,-0.979975,54.314898,14.462837625754574,336.1585831596354,11.6,232.0,11.625401664764077
10:13:19,2025-06-07,-0.98,54.314931,11.829767560128024,341.5651745167547,11.6,232.0,7.945172238056786
10:13:20,2025-06-07,-0.980016,54.314959,16.801138863081423,347.95306490472734,11.6,232.0,11.724575961215496
10:13:21,2025-06-07,-0.980031,54.315,12.84802910467473,345.2414013525338,11.6,232.0,8.270599915134536
10:13:22,2025-06-07,-0.980045,54.315031,16.870713918874763,334.5515090658558,11.6,232.0,14.349834176224721
10:13:23,2025-06-07,-0.980076,54.315069,13.163103238759984,325.3419300287977,11.6,232.0,12.486885704167713
10:13:24,2025-06-07,-0.980108,54.315096,16.624043242796425,322.7618151408313,11.6,232.0,16.469812070283318
10:13:25,2025-06-07,-0.980151,54.315129,12.416336220684403,330.67613545282956,11.6,232.0,10.666486838354293
10:13:26,2025-06-07,-0.980177,54.315156,19.794381511899992,342.1155870623455,11.6,232.0,15.80496567578267
10:13:27,2025-06-07,-0.980203,54.315203,13.079942456438296,336.8401244541203,11.6,232.0,10.108918378161693
10:13:28,2025-06-07,-0.980225,54.315233,17.880017101743498,328.4489955847189,11.6,232.0,16.57712022404821
10:13:29,2025-06-07,-0.980265,54.315271,13.829361262407438,327.23190694936306,11.6,232.0,12.7715902582027
10:13:30,2025-06-07,-0.980297,54.3153,20.785757518159055,332.5292281036634,11.6,232.0,18.666007317263027
10:13:31,2025-06-07,-0.980338,54.315346,16.309208810396985,335.43015903637865,11.6,232.0,13.614993787508125
10:13:32,2025-06-07,-0.980367,54.315383,16.30920636258123,335.43017852067754,11.6,232.0,13.614987502810829
10:13:33,2025-06-07,-0.980396,54.31542,12.447001500485436,334.3982389002597,11.6,232.0,9.956419938118142
10:13:34,2025-06-07,-0.980419,54.315448,18.521069672035583,335.37687248997264,11.6,232.0,15.837349091307207
10:13:35,2025-06-07,-0.980452,54.31549,16.58024402676917,336.7412166425439,11.6,232.0,13.62858112398524
10:13:36,2025-06-07,-0.98048,54.315528,17.041051086389892,336.551156200045,11.6,232.0,14.126617101139704
10:13:37,2025-06-07,-0.980509,54.315567,16.04700032883808,334.0756142135817,11.6,232.0,13.620252635069626
10:13:38,2025-06-07,-0.980539,54.315603,16.014968700205035,331.18978129093654,11.6,232.0,14.162389200555364
10:13:39,2025-06-07,-0.980572,54.315638,14.298373128427286,333.79472172264354,11.6,232.0,11.927264984671039
10:13:40,2025-06-07,-0.980599,54.31567,20.36960674319011,334.8644595491195,11.6,232.0,17.786919746000812
10:13:41,2025-06-07,-0.980636,54.315716,16.30918425205263,335.4303538584437,11.6,232.0,13.614930864482748
10:13:42,2025-06-07,-0.980665,54.315753,16.580228088784768,336.74134949868005,11.6,232.0,13.62853917353816
10:13:43,2025-06-07,-0.980693,54.315791,14.830064713241642,336.78504966454886,11.6,232.0,11.86982042037049
10:13:44,2025-06-07,-0.980718,54.315825,16.948986929320498,337.276494261918,11.6,232.0,13.892650067705567
10:13:45,2025-06-07,-0.980746,54.315864,15.482952105122127,338.7500765328223,11.6,232.0,12.139860557491659
10:13:46,2025-06-07,-0.98077,54.3159,17.065354300916102,339.96955969908646,11.6,232.0,13.486618926889074
10:13:47,2025-06-07,-0.980795,54.31594,15.021282081439772,335.14545980095613,11.6,232.0,12.383163552128375
10:13:48,2025-06-07,-0.980822,54.315974,15.121431064920866,334.3414673601861,11.6,232.0,12.642076536964675
10:13:49,2025-06-07,-0.98085,54.316008,13.635566994610016,335.69616989392796,11.6,232.0,10.888997880895229
10:13:50,2025-06-07,-0.980874,54.316039,16.4081430450774,334.68787764777954,11.6,232.0,13.860321356350488
10:13:51,2025-06-07,-0.980904,54.316076,13.540637913172532,336.59797980948633,11.6,232.0,10.617029156408911
10:13:52,2025-06-07,-0.980927,54.316107,19.907289017893685,334.98390243466326,11.6,232.0,17.301032444334034
10:13:53,2025-06-07,-0.980963,54.316152,13.271523912594665,334.98391756279847,11.6,232.0,10.665264354526474
10:13:54,2025-06-07,-0.980987,54.316182,20.27107669879145,338.33959789046133,11.6,232.0,17.00764897374777
10:13:55,2025-06-07,-0.981019,54.316229,13.344503282301106,330.6119395421052,11.6,232.0,11.607503256639864
10:13:56,2025-06-07,-0.981047,54.316258,17.43581998970713,333.7304304534219,11.6,232.0,15.077454807082887
10:13:57,2025-06-07,-0.98108,54.316297,13.47671400548756,333.181801006108,11.6,232.0,11.22721000895131
10:13:58,2025-06-07,-0.981106,54.316327,17.597375000573578,335.67395863565133,11.6,232.0,14.855175076157181
10:13:59,2025-06-07,-0.981137,54.316367,14.924111978346794,335.96028139641396,11.6,232.0,12.125621157112935
10:14:00,2025-06-07,-0.981163,54.316401,15.58412922426588,334.20494176805835,11.6,232.0,13.131783688500207
10:14:01,2025-06-07,-0.981192,54.316436,14.924107964072272,335.9603171401924,11.6,232.0,12.125610119964794
10:14:02,2025-06-07,-0.981218,54.31647,16.580184635185713,336.741711710705,11.6,232.0,13.62842480100118
10:14:03,2025-06-07,-0.981246,54.316508,16.48889622906233,337.48820779586686,11.6,232.0,13.391231730850052
10:14:04,2025-06-07,-0.981273,54.316546,15.483418685982553,334.98413076769543,11.6,232.0,12.877117066448474
10:14:05,2025-06-07,-0.981301,54.316581,14.866955784055687,332.86023520198495,11.6,232.0,12.681354637018238
10:14:06,2025-06-07,-0.98133,54.316614,15.794016127554753,332.67723778212957,11.6,232.0,13.644811829281519
10:14:07,2025-06-07,-0.981361,54.316649,15.483411967125237,334.9841857351738,11.6,232.0,12.877099503508763
10:14:08,2025-06-07,-0.981389,54.316684,16.21292390428186,336.18240887546096,11.6,232.0,13.370811010053636
10:14:09,2025-06-07,-0.981417,54.316721,12.068640410020217,329.74482710135294,11.6,232.0,10.505407354826314
10:14:10,2025-06-07,-0.981443,54.316747,17.43578047672491,333.73070070303777,11.6,232.0,15.077361722586687
10:14:11,2025-06-07,-0.981476,54.316786,14.761349842108752,333.66810874914904,11.6,232.0,12.415340074127537
10:14:12,2025-06-07,-0.981504,54.316819,14.975449888326585,332.06412012368645,11.6,232.0,12.948347867382742
10:14:13,2025-06-07,-0.981534,54.316852,14.830007421781408,336.7855848774127,11.6,232.0,11.869658358549918
10:14:14,2025-06-07,-0.981559,54.316886,14.739053061937467,337.6209717028906,11.6,232.0,11.615493866582767
10:14:15,2025-06-07,-0.981583,54.31692,15.024638642224215,339.0275733639422,11.6,232.0,11.627788733600243
10:14:16,2025-06-07,-0.981606,54.316955,16.67423162090418,336.00375233585237,11.6,232.0,13.867200512903102
10:14:17,2025-06-07,-0.981635,54.316993,16.119541034870316,336.94291370165166,11.6,232.0,13.128405373560286
10:14:18,2025-06-07,-0.981662,54.31703,15.945676701205157,334.8321097504149,11.6,232.0,13.369375201789744
10:14:19,2025-06-07,-0.981691,54.317066,16.309094639652226,335.43106472985136,11.6,232.0,13.614701266381426
10:14:20,2025-06-07,-0.98172,54.317103,14.924069139068093,335.96066268425557,11.6,232.0,12.125503403137591
10:14:21,2025-06-07,-0.981746,54.317137,14.109263008785655,339.6356026256534,11.6,232.0,10.594902314100946
10:14:22,2025-06-07,-0.981767,54.31717,18.698901647281065,337.1924402602267,11.6,232.0,15.658984189423393
10:14:23,2025-06-07,-0.981798,54.317213,11.885448666775734,335.59737867908984,11.6,232.0,9.158315985017143
10:14:24,2025-06-07,-0.981819,54.31724,18.72135866203268,334.0765338699048,11.6,232.0,16.29442889660706
10:14:25,2025-06-07,-0.981854,54.317282,15.02119816869574,335.1461725082197,11.6,232.0,12.382939127252948
10:14:26,2025-06-07,-0.981881,54.317316,17.040937919621335,336.5520651202037,11.6,232.0,14.126325819031239
10:14:27,2025-06-07,-0.98191,54.317355,14.369426178847242,337.0126477528171,11.6,232.0,11.364651939375356
10:14:28,2025-06-07,-0.981934,54.317388,17.69527264834094,334.98458302474376,11.6,232.0,15.088881806799247
10:14:29,2025-06-07,-0.981966,54.317428,16.212877710368858,336.18279161949164,11.6,232.0,13.370689688376135
10:14:30,2025-06-07,-0.981994,54.317465,15.58405504955317,334.2055222591754,11.6,232.0,13.131594645074305
10:14:31,2025-06-07,-0.982023,54.3175,14.559140187906754,335.31819651777363,11.6,232.0,11.886978147001221
10:14:32,2025-06-07,-0.982049,54.317533,15.024611259634094,339.0278586493603,11.6,232.0,11.627706124581167
10:14:33,2025-06-07,-0.982072,54.317568,12.90239308114027,338.7508750097161,11.6,232.0,9.559146734644402
10:14:34,2025-06-07,-0.982092,54.317598,13.276552593246521,339.3778300329495,11.6,232.0,9.811962762229662
10:14:35,2025-06-07,-0.982112,54.317629,12.347270066479615,335.3780146236962,11.6,232.0,9.663324525493367
10:14:36,2025-06-07,-0.982134,54.317657,11.14022041198203,329.74539296327583,11.6,232.0,9.576873838521198
10:14:37,2025-06-07,-0.982158,54.317681,10.135424814075735,335.46387128274415,11.6,232.0,7.434571584323702
10:14:38,2025-06-07,-0.982176,54.317704,13.909095964286886,337.25464317737715,11.6,232.0,10.857026938943331
10:14:39,2025-06-07,-0.982199,54.317736,12.529868161646334,338.0866293194411,11.6,232.0,9.315619103755155
10:14:40,2025-06-07,-0.982219,54.317765,12.086892329779515,333.5783313442155,11.6,232.0,9.758686004772844
10:14:41,2025-06-07,-0.982242,54.317792,9.579602690648175,337.0128605372945,11.6,232.0,6.574786841612537
10:14:42,2025-06-07,-0.982258,54.317814,15.65909435348415,337.1560764799548,11.6,232.0,12.626282353620459
10:14:43,2025-06-07,-0.982284,54.31785,13.44904251927476,337.5130807184729,11.6,232.0,10.346525456369442
10:14:44,2025-06-07,-0.982306,54.317881,18.330254210582247,336.70708635759524,11.6,232.0,15.385274345426085
10:14:45,2025-06-07,-0.982337,54.317923,14.462669749245414,336.1601404703845,11.6,232.0,11.624928076739568
10:14:46,2025-06-07,-0.982362,54.317956,14.196137949111185,334.6427901586027,11.6,232.0,11.657222475531935
10:14:47,2025-06-07,-0.982388,54.317988,13.584094589772917,332.30245094205884,11.6,232.0,11.50950067947866
10:14:48,2025-06-07,-0.982415,54.318018,15.021152149237125,335.14656338716424,11.6,232.0,12.382816045144798
10:14:49,2025-06-07,-0.982442,54.318052,11.952018294701434,330.7140748158784,11.6,232.0,10.194576058391053
10:14:50,2025-06-07,-0.982467,54.318078,16.24611281735466,329.74565591393474,11.6,232.0,14.682713493085698
10:14:51,2025-06-07,-0.982502,54.318113,12.068538730849097,329.745670740121,11.6,232.0,10.5051364322843
10:14:52,2025-06-07,-0.982528,54.318139,16.04681390993342,334.0770224151295,11.6,232.0,13.619787423588733
10:14:53,2025-06-07,-0.982558,54.318175,14.462655766466769,336.1602702031381,11.6,232.0,11.624888626565017
10:14:54,2025-06-07,-0.982583,54.318208,14.511560561756985,332.13907650126436,11.6,232.0,12.469518255847673
10:14:55,2025-06-07,-0.982612,54.31824,15.086701518310218,331.2802688913059,11.6,232.0,13.216039521413856
10:14:56,2025-06-07,-0.982643,54.318273,16.487525969207656,328.34151921852833,11.6,232.0,15.206253153168838
10:14:57,2025-06-07,-0.98268,54.318308,16.487522169113117,328.34154099114204,11.6,232.0,15.206244972002404
10:14:58,2025-06-07,-0.982717,54.318343,17.870891003687692,331.0412295113117,11.6,232.0,16.048007195912696
10:14:59,2025-06-07,-0.982754,54.318382,17.057394976194857,330.424408696411,11.6,232.0,15.357943271561737
10:15:00,2025-06-07,-0.98279,54.318419,19.751546547200775,333.2637163944614,11.6,232.0,17.485775239455585
10:15:01,2025-06-07,-0.982828,54.318463,18.825035366574852,333.43709040233097,11.6,232.0,16.524849592063617
10:15:02,2025-06-07,-0.982864,54.318505,21.605025848954135,332.9616716640487,11.6,232.0,19.399259311955486
10:15:03,2025-06-07,-0.982906,54.318553,21.93401073548351,331.3291647954052,11.6,232.0,20.053579614427914
10:15:04,2025-06-07,-0.982951,54.318601,28.55929897770048,332.1782071195085,11.6,232.0,26.509458554385244
10:15:05,2025-06-07,-0.983008,54.318664,27.879845935668172,333.06878018326665,11.6,232.0,25.652793919277695
10:15:06,2025-06-07,-0.983062,54.318726,27.268563698855367,337.83566307485285,11.6,232.0,24.1031659605014
10:15:07,2025-06-07,-0.983106,54.318789,23.58614518168035,342.10557018297135,11.6,232.0,19.59863369933636
10:15:08,2025-06-07,-0.983137,54.318845,34.207063928393204,349.76623567889067,11.6,232.0,28.80302671424297
10:15:09,2025-06-07,-0.983163,54.318929,28.86700763426731,358.14403739920857,11.6,232.0,22.02512808695582
10:15:10,2025-06-07,-0.983167,54.319001,28.059158933721633,358.56805708784776,11.6,232.0,21.148143363017173
10:15:11,2025-06-07,-0.98317,54.319071,24.448371933095448,358.90443157637475,11.6,232.0,17.482779855919464
10:15:12,2025-06-07,-0.983172,54.319132,32.858989448153494,0.0,11.6,232.0,25.71731633437586
10:15:13,2025-06-07,-0.983172,54.319214,24.86226694710481,357.84496565805136,11.6,232.0,18.069376353618694
10:15:14,2025-06-07,-0.983176,54.319276,28.589619413601117,354.3699538212333,11.6,232.0,22.379165573292347
10:15:15,2025-06-07,-0.983188,54.319347,23.580452421129806,350.298653746646,11.6,232.0,18.081269180627885
10:15:16,2025-06-07,-0.983205,54.319405,21.076515645682036,345.87725618154565,11.6,232.0,16.381083449139624
10:15:17,2025-06-07,-0.983227,54.319456,26.69185056100739,341.090993729355,11.6,232.0,22.89784599323465
10:15:18,2025-06-07,-0.983264,54.319519,17.97949997819347,339.44619737262605,11.6,232.0,14.501702871858777
10:15:19,2025-06-07,-0.983291,54.319561,28.37028488288647,336.69762237557467,11.6,232.0,25.427158341475444
10:15:20,2025-06-07,-0.983339,54.319626,20.655167316824066,330.8673491635981,11.6,232.0,18.86705796568639
10:15:21,2025-06-07,-0.983382,54.319671,19.271677866815825,328.54531288507445,11.6,232.0,17.949406005448388
10:15:22,2025-06-07,-0.983425,54.319712,15.90129602404441,329.0187225626589,11.6,232.0,14.483849433960977
10:15:23,2025-06-07,-0.98346,54.319746,15.901292607691563,329.0187434499138,11.6,232.0,14.48384182050177
10:15:24,2025-06-07,-0.983495,54.31978,13.828924259436056,327.23476453065456,11.6,232.0,12.770577126134137
10:15:25,2025-06-07,-0.983527,54.319809,14.010821573165712,320.6179645438106,11.6,232.0,14.29059884248539
10:15:26,2025-06-07,-0.983565,54.319836,13.8631601001519,321.3652998777927,11.6,232.0,13.991657712037476
10:15:27,2025-06-07,-0.983602,54.319863,14.036122761343458,323.13360050480617,11.6,232.0,13.806631024349729
10:15:28,2025-06-07,-0.983638,54.319891,14.508892917389165,328.94896715012226,11.6,232.0,13.105464098575192
10:15:29,2025-06-07,-0.98367,54.319922,15.793755125293279,332.6791163119225,11.6,232.0,13.644177089170338
10:15:30,2025-06-07,-0.983701,54.319957,14.975205020121097,332.0659287711665,11.6,232.0,12.94774245909996
10:15:31,2025-06-07,-0.983731,54.31999,14.756404724288117,327.3928886467516,11.6,232.0,13.666181660259067
10:15:32,2025-06-07,-0.983765,54.320021,14.551383417015877,325.76603001460126,11.6,232.0,13.78946868855469
10:15:33,2025-06-07,-0.9838,54.320051,15.477608510641733,326.0046578702258,11.6,232.0,14.66749269105362
10:15:34,2025-06-07,-0.983837,54.320083,15.437128412753133,328.9970625166976,11.6,232.0,14.024034315738612
10:15:35,2025-06-07,-0.983871,54.320116,14.551372925465087,325.76609155590376,11.6,232.0,13.789445764368736
10:15:36,2025-06-07,-0.983906,54.320146,15.147268180339886,325.15655740555695,11.6,232.0,14.508520502926624
10:15:37,2025-06-07,-0.983943,54.320177,14.884132398895256,326.63456352138667,11.6,232.0,13.94684991862415
10:15:38,2025-06-07,-0.983978,54.320208,14.292618989483007,327.3165944793481,11.6,232.0,13.217774895465844
10:15:39,2025-06-07,-0.984011,54.320238,16.128943231113897,330.464570499382,11.6,232.0,14.421448592913263
10:15:40,2025-06-07,-0.984045,54.320273,14.420661727257196,326.534482039855,11.6,232.0,13.503576731188955
10:15:41,2025-06-07,-0.984079,54.320303,16.128937170653526,330.4646093255964,11.6,232.0,14.421434757393921
10:15:42,2025-06-07,-0.984113,54.320338,15.901233063916271,329.01910730861294,11.6,232.0,14.48370916261755
10:15:43,2025-06-07,-0.984148,54.320372,15.43710015245016,328.9972402157741,11.6,232.0,14.0239703467481
10:15:44,2025-06-07,-0.984182,54.320405,13.230610874251568,331.49683390164887,11.6,232.0,11.316690860777818
10:15:45,2025-06-07,-0.984209,54.320434,18.257528714547135,326.5754109179189,11.6,232.0,17.33218350339864
10:15:46,2025-06-07,-0.984252,54.320472,16.14778298309308,327.5961439092165,11.6,232.0,15.016598319667587
10:15:47,2025-06-07,-0.984289,54.320506,16.02325962089842,328.3022318027429,11.6,232.0,14.749892495179779
10:15:48,2025-06-07,-0.984325,54.32054,15.31753536028206,329.7471466894545,11.6,232.0,13.753836970591353
10:15:49,2025-06-07,-0.984358,54.320573,15.22013203759702,327.4650306422799,11.6,232.0,14.115368753837272
10:15:50,2025-06-07,-0.984393,54.320605,16.147768233393343,327.59622771709724,11.6,232.0,15.016566683245081
10:15:51,2025-06-07,-0.98443,54.320639,16.40400397995393,326.2166925564572,11.6,232.0,15.551070460399984
10:15:52,2025-06-07,-0.984469,54.320673,16.147760688656373,327.59627056523107,11.6,232.0,15.016550504899046
10:15:53,2025-06-07,-0.984506,54.320707,16.951293183870966,328.38148311897555,11.6,232.0,15.661979168603228
10:15:54,2025-06-07,-0.984544,54.320743,15.317516537779099,329.7472697222569,11.6,232.0,13.753793466447226
10:15:55,2025-06-07,-0.984577,54.320776,15.438938508259591,331.99670247324934,11.6,232.0,13.42527711945105
10:15:56,2025-06-07,-0.984608,54.32081,15.902754622538387,331.9310890530997,11.6,232.0,13.902176845054056
10:15:57,2025-06-07,-0.98464,54.320845,16.611589857921455,327.6564727517049,11.6,232.0,15.468249968026132
10:15:58,2025-06-07,-0.984678,54.32088,16.072703193263205,325.42192640940135,11.6,232.0,15.380317942757081
10:15:59,2025-06-07,-0.984717,54.320913,16.072699100291914,325.4219478981623,11.6,232.0,15.380309506966949
10:16:00,2025-06-07,-0.984756,54.320946,16.119312102036723,336.9448974262794,11.6,232.0,13.127788402754987
10:16:01,2025-06-07,-0.984783,54.320983,16.50948260568298,333.9569418776746,11.6,232.0,14.106234644455615
10:16:02,2025-06-07,-0.984814,54.32102,15.42003533247876,323.73038280180344,11.6,232.0,15.069758410014297
10:16:03,2025-06-07,-0.984853,54.321051,17.665113236497078,320.5319349438693,11.6,232.0,17.962302514562083
10:16:04,2025-06-07,-0.984901,54.321085,16.29213914524328,319.7473725501526,11.6,232.0,16.748084546205142
10:16:05,2025-06-07,-0.984946,54.321116,17.267538503328904,324.37637490229497,11.6,232.0,16.786559860238867
10:16:06,2025-06-07,-0.984989,54.321151,17.4152810940024,328.41815950193217,11.6,232.0,16.118587917958017
10:16:07,2025-06-07,-0.985028,54.321188,16.738246897985952,326.980309841092,11.6,232.0,15.7312116061474
10:16:08,2025-06-07,-0.985067,54.321223,18.12923778565927,327.19282112353153,11.6,232.0,17.079347304265795
10:16:09,2025-06-07,-0.985109,54.321261,17.40520586164206,323.75057177069664,11.6,232.0,17.050843402754943
10:16:10,2025-06-07,-0.985153,54.321296,16.66938811250972,324.8806168599569,11.6,232.0,16.08642929104523
10:16:11,2025-06-07,-0.985194,54.32133,18.129224157503693,327.192888992076,11.6,232.0,17.07931999196273
10:16:12,2025-06-07,-0.985236,54.321368,15.282370483612231,324.43763550080826,11.6,232.0,14.789000073898142
10:16:13,2025-06-07,-0.985274,54.321399,19.068894581599263,323.0543090614068,11.6,232.0,18.855453119709928
10:16:14,2025-06-07,-0.985323,54.321437,18.519994027250245,325.36813220557883,11.6,232.0,17.838480739481867
10:16:15,2025-06-07,-0.985368,54.321475,17.131898013667143,325.01246330079323,11.6,232.0,16.522281096363034
10:16:16,2025-06-07,-0.98541,54.32151,16.943618887877005,323.5867129758384,11.6,232.0,16.62241690545727
10:16:17,2025-06-07,-0.985453,54.321544,17.66550648492262,327.12591373040533,11.6,232.0,16.629107070219934
10:16:18,2025-06-07,-0.985494,54.321581,17.405159099169847,323.75078429495375,11.6,232.0,17.050753633089485
10:16:19,2025-06-07,-0.985538,54.321616,16.669345756039277,324.8808265664555,11.6,232.0,16.08634453142763
10:16:20,2025-06-07,-0.985579,54.32165,17.72963950449739,324.51716492050156,11.6,232.0,17.220182762626166
10:16:21,2025-06-07,-0.985623,54.321686,17.330534818193556,326.4063851784249,11.6,232.0,16.439305175764616
10:16:22,2025-06-07,-0.985664,54.321722,17.267453297791533,324.3767745041642,11.6,232.0,16.786393821616066
10:16:23,2025-06-07,-0.985707,54.321757,16.805382201546998,324.22863459003156,11.6,232.0,16.35429063772198
10:16:24,2025-06-07,-0.985749,54.321791,18.654266897274486,324.7772487521475,11.6,232.0,18.09221028959037
10:16:25,2025-06-07,-0.985795,54.321829,15.83512109274879,319.45613007274886,11.6,232.0,16.349979209678867
10:16:26,2025-06-07,-0.985839,54.321859,17.729609538156733,324.5173025017279,11.6,232.0,17.220124968716977
10:16:27,2025-06-07,-0.985883,54.321895,17.08385824886181,322.9556439268541,11.6,232.0,16.8903892766506
10:16:28,2025-06-07,-0.985927,54.321929,17.544839446831755,323.1349875765118,11.6,232.0,17.315066940836203
10:16:29,2025-06-07,-0.985972,54.321964,18.328597926718356,324.05429195538494,11.6,232.0,17.912778793107123
10:16:30,2025-06-07,-0.986018,54.322001,18.005977848539366,323.3051707063473,11.6,232.0,17.74175819775331
10:16:31,2025-06-07,-0.986064,54.322037,18.057137317883033,325.256036289113,11.6,232.0,17.398280855145394
10:16:32,2025-06-07,-0.986108,54.322074,18.790506939466127,324.19480905389844,11.6,232.0,18.34625853080821
10:16:33,2025-06-07,-0.986155,54.322112,18.328575486776806,324.0543899207532,11.6,232.0,17.912736532021803
10:16:34,2025-06-07,-0.986201,54.322149,17.686534669670927,322.5288829677672,11.6,232.0,17.579459500188577
10:16:35,2025-06-07,-0.986247,54.322184,17.539177148458656,327.76796535247246,11.6,232.0,16.37337675881678
10:16:36,2025-06-07,-0.986287,54.322221,18.44941343019311,330.375494921146,11.6,232.0,16.75975848501518
10:16:37,2025-06-07,-0.986326,54.322261,19.28791776207843,333.35045474151946,11.6,232.0,17.004926416445073
10:16:38,2025-06-07,-0.986363,54.322304,16.829289846967036,329.0604689739113,11.6,232.0,15.403455067107608
10:16:39,2025-06-07,-0.9864,54.32234,18.466956149231763,327.86759433633927,11.6,232.0,17.28108895126686
10:16:40,2025-06-07,-0.986442,54.322379,17.75754338889132,329.09647042222304,11.6,232.0,16.32447537382589
10:16:41,2025-06-07,-0.986481,54.322417,16.611411103159924,327.65746234205693,11.6,232.0,15.467871838320876
10:16:42,2025-06-07,-0.986519,54.322452,17.521122734213176,330.4088679083861,11.6,232.0,15.824783502729828
10:16:43,2025-06-07,-0.986556,54.32249,18.520536590371055,335.3805867376208,11.6,232.0,15.83608443712107
10:16:44,2025-06-07,-0.986589,54.322532,17.135333696705437,335.837484120856,11.6,232.0,14.360976275087621
10:16:45,2025-06-07,-0.986619,54.322571,18.238409623695336,337.3840660530802,11.6,232.0,15.161068911311297
10:16:46,2025-06-07,-0.986649,54.322613,16.972300812564484,333.84283677037934,11.6,232.0,14.591657895686094
10:16:47,2025-06-07,-0.986681,54.322651,16.40767515125134,334.6914364195461,11.6,232.0,13.85915055886218
10:16:48,2025-06-07,-0.986711,54.322688,18.7208979885437,334.0795169263295,11.6,232.0,16.293377648079137
10:16:49,2025-06-07,-0.986746,54.32273,16.308718668678416,335.43404741256745,11.6,232.0,13.613737946258265
10:16:50,2025-06-07,-0.986775,54.322767,19.353281995788045,338.7533282327984,11.6,232.0,16.00956005267925
10:16:51,2025-06-07,-0.986805,54.322812,17.97933094802888,339.44770500430286,11.6,232.0,14.501242651537456
10:16:52,2025-06-07,-0.986832,54.322854,18.436417463305776,343.04546444607166,11.6,232.0,14.270757277522286
10:16:53,2025-06-07,-0.986855,54.322898,18.124849174938923,341.9691077354703,11.6,232.0,14.16329329482279
10:16:54,2025-06-07,-0.986879,54.322941,18.436414384895013,343.04549824657147,11.6,232.0,14.270747812393747
10:16:55,2025-06-07,-0.986902,54.322985,15.241524113053684,341.2112509450467,11.6,232.0,11.424519940506197
10:16:56,2025-06-07,-0.986923,54.323021,21.082168953315016,341.9129666667913,11.6,232.0,17.131297820128484
10:16:57,2025-06-07,-0.986951,54.323071,19.204294482818856,343.7429595258463,11.6,232.0,14.907152166847425
10:16:58,2025-06-07,-0.986974,54.323117,17.534354478337804,343.7429751801127,11.6,232.0,13.23720921851409
10:16:59,2025-06-07,-0.986995,54.323159,18.96277636818261,346.45595132436654,11.6,232.0,14.160451222684774
10:17:00,2025-06-07,-0.987014,54.323205,16.961899996620126,345.6382896597342,11.6,232.0,12.310748561921425
10:17:01,2025-06-07,-0.987032,54.323246,17.15009096760599,343.36817464255824,11.6,232.0,12.923519997928402
10:17:02,2025-06-07,-0.987053,54.323287,17.601498206463255,343.0125489813488,11.6,232.0,13.442058195870628
10:17:03,2025-06-07,-0.987075,54.323329,17.294895159298257,346.7178450213589,11.6,232.0,12.444355015709878
10:17:04,2025-06-07,-0.987092,54.323371,13.96061769072242,347.4291785743616,11.6,232.0,8.97963438833968
10:17:05,2025-06-07,-0.987105,54.323405,20.821039057324885,348.998752869975,11.6,232.0,15.554974233338164
10:17:06,2025-06-07,-0.987122,54.323456,17.103484285910227,349.7673480225387,11.6,232.0,11.699247800553207
10:17:07,2025-06-07,-0.987135,54.323498,18.250147121215164,351.16006311129456,11.6,232.0,12.598034504782209
10:17:08,2025-06-07,-0.987147,54.323543,16.992447746326775,352.0945298038886,11.6,232.0,11.17588136489384
10:17:09,2025-06-07,-0.987157,54.323585,17.389429417209843,352.2761407328085,11.6,232.0,11.541080124042576
10:17:10,2025-06-07,-0.987167,54.323628,16.536027670089826,353.5078835113135,11.6,232.0,10.473683493606384
10:17:11,2025-06-07,-0.987175,54.323669,16.992447111663026,352.0945537114344,11.6,232.0,11.175876542425012
10:17:12,2025-06-07,-0.987185,54.323711,16.992446899258436,352.0945616815238,11.6,232.0,11.17587493392666
10:17:13,2025-06-07,-0.987195,54.323753,17.06333477448334,350.5397394912178,11.6,232.0,11.521223889083036
10:17:14,2025-06-07,-0.987207,54.323795,16.51112333734945,354.31372750480267,11.6,232.0,10.310287071940468
10:17:15,2025-06-07,-0.987214,54.323836,17.67052175657242,356.20837947205246,11.6,232.0,11.148951507006148
10:17:16,2025-06-07,-0.987219,54.32388,17.67052179724546,356.2083835155685,11.6,232.0,11.14895087066282
10:17:17,2025-06-07,-0.987224,54.323924,17.308784007518177,354.5766074300584,11.6,232.0,11.063033291462819
10:17:18,2025-06-07,-0.987231,54.323967,16.489509481336185,355.12182877187007,11.6,232.0,10.151024967817207
10:17:19,2025-06-07,-0.987237,54.324008,17.256402047047178,356.89468002139296,11.6,232.0,10.62039330733938
10:17:20,2025-06-07,-0.987241,54.324051,16.471198920316468,355.9318646248897,11.6,232.0,9.996002036579592
10:17:21,2025-06-07,-0.987246,54.324092,15.713846624082196,354.02422554855673,11.6,232.0,9.562624320319529
10:17:22,2025-06-07,-0.987253,54.324131,16.856287662541458,356.82090314064874,11.6,232.0,10.232535604678755
10:17:23,2025-06-07,-0.987257,54.324173,16.42950848193122,0.0,11.6,232.0,9.287835368153585
10:17:24,2025-06-07,-0.987257,54.324214,15.234553942645219,358.2418809024508,11.6,232.0,8.376687706244489
10:17:25,2025-06-07,-0.987259,54.324252,15.629824503945157,359.1432761816598,11.6,232.0,8.625625717357728
10:17:26,2025-06-07,-0.98726,54.324291,15.227349620351157,0.0,11.6,232.0,8.085676506573524
10:17:27,2025-06-07,-0.98726,54.324329,15.635089278239988,358.2869384933771,11.6,232.0,8.769867786622573
10:17:28,2025-06-07,-0.987262,54.324368,16.035633683519908,358.3297420845267,11.6,232.0,9.163428814633594
10:17:29,2025-06-07,-0.987264,54.324408,14.056451159722085,356.18682884567886,11.6,232.0,7.538489648660667
10:17:30,2025-06-07,-0.987268,54.324443,15.234554442172286,1.7581093164228037,11.6,232.0,7.815799810857898
10:17:31,2025-06-07,-0.987266,54.324481,17.256402821694138,3.105284341167703,11.6,232.0,9.630043796967797
10:17:32,2025-06-07,-0.987262,54.324524,14.87281397825954,355.4938408931794,11.6,232.0,8.471384809260922
10:17:33,2025-06-07,-0.987267,54.324561,14.219439968713791,350.5399203554511,11.6,232.0,8.677296915429313
10:17:34,2025-06-07,-0.987277,54.324596,15.372581044449266,352.13581359368726,11.6,232.0,9.548784628884103
10:17:35,2025-06-07,-0.987286,54.324634,14.975747696212508,351.9260416834169,11.6,232.0,9.18871992754352
10:17:36,2025-06-07,-0.987295,54.324671,13.696764255772525,354.12403146673785,11.6,232.0,7.528419716362517
10:17:37,2025-06-07,-0.987301,54.324705,14.579126773889179,351.70485859280313,11.6,232.0,8.830951800994363
10:17:38,2025-06-07,-0.98731,54.324741,14.94457456160591,352.81321118959005,11.6,232.0,9.002580015327718
10:17:39,2025-06-07,-0.987318,54.324778,15.740009740630565,353.1782052790176,11.6,232.0,9.734671178321001
10:17:40,2025-06-07,-0.987326,54.324817,13.75272860009702,352.18661727742045,11.6,232.0,7.920039080637873
10:17:41,2025-06-07,-0.987334,54.324851,15.443794128418462,350.4178061541016,11.6,232.0,9.923382435008829
10:17:42,2025-06-07,-0.987345,54.324889,15.048838595138836,350.1638305506067,11.6,232.0,9.573704424591376
10:17:43,2025-06-07,-0.987356,54.324926,14.403448750534396,346.8691505286792,11.6,232.0,9.52509917354107
10:17:44,2025-06-07,-0.98737,54.324961,14.070202682222058,345.5714093260921,11.6,232.0,9.431458771384543
10:17:45,2025-06-07,-0.987385,54.324995,14.149815961545757,352.4072474485427,11.6,232.0,8.27855877379362
10:17:46,2025-06-07,-0.987393,54.32503,13.696763811086596,354.12408239064143,11.6,232.0,7.528410540183307
10:17:47,2025-06-07,-0.987399,54.325064,14.304068244380586,348.69286175219395,11.6,232.0,9.09325899831327
10:17:48,2025-06-07,-0.987411,54.325099,13.810256193081738,343.2782292137498,11.6,232.0,9.600648814927471
10:17:49,2025-06-07,-0.987428,54.325132,14.458571133091572,345.9671977746147,11.6,232.0,9.746493774115166
10:17:50,2025-06-07,-0.987443,54.325167,12.205025085031497,350.07624478867956,11.6,232.0,6.7455302661020164
10:17:51,2025-06-07,-0.987452,54.325197,13.911382325756822,348.3692721343803,11.6,232.0,8.759187308420262
10:17:52,2025-06-07,-0.987464,54.325231,10.616233771769746,340.7145528988782,11.6,232.0,6.894332384548946
10:17:53,2025-06-07,-0.987479,54.325256,10.470533636725252,343.12980713866443,11.6,232.0,6.288941133708645
10:17:54,2025-06-07,-0.987492,54.325281,10.28817371122875,346.8692567624643,11.6,232.0,5.40980462075875
10:17:55,2025-06-07,-0.987502,54.325306,9.56991662957603,344.41551202605035,11.6,232.0,5.146596855140217
10:17:56,2025-06-07,-0.987513,54.325329,9.06437241260332,346.5815247126478,11.6,232.0,4.238916446755019
10:17:57,2025-06-07,-0.987522,54.325351,7.96582354961567,342.93677787791626,11.6,232.0,3.8207075401404014
10:17:58,2025-06-07,-0.987532,54.32537,8.289822951882616,336.74619771744807,11.6,232.0,5.33718479431335
10:17:59,2025-06-07,-0.987546,54.325389,7.741251152203019,338.75454806181494,11.6,232.0,4.397292727970636
10:18:00,2025-06-07,-0.987558,54.325407,8.675139720450828,345.9672831567285,11.6,232.0,3.963046565628355
10:18:01,2025-06-07,-0.987567,54.325428,8.199990565364535,338.2471004660308,11.6,232.0,4.954537589059836
10:18:02,2025-06-07,-0.98758,54.325447,8.47538327290203,328.38441713555625,11.6,232.0,7.185478924214678
10:18:03,2025-06-07,-0.987599,54.325465,9.925704363161751,323.90889263426067,11.6,232.0,9.539304901652757
10:18:04,2025-06-07,-0.987624,54.325485,8.592049492189973,332.4447936731371,11.6,232.0,6.489108189804057
10:18:05,2025-06-07,-0.987641,54.325504,9.642911761081843,355.8306606060618,11.6,232.0,3.184725216940791
10:18:06,2025-06-07,-0.987644,54.325528,10.086217649086151,6.652679970775978,11.6,232.0,1.9336515702769521
10:18:07,2025-06-07,-0.987639,54.325553,8.230536538874407,13.130661006802086,11.6,232.0,-0.8009808171401502
10:18:08,2025-06-07,-0.987631,54.325573,6.876362820608013,7.813244110318294,11.6,232.0,-1.4416693695664273
10:18:09,2025-06-07,-0.987627,54.32559,4.0344870255167695,353.34732754774654,11.6,232.0,-2.0001199115824218
10:18:10,2025-06-07,-0.987629,54.3256,0.057834251082543066,345.9673416600423,11.6,232.0,-4.65426972695315
10:19:00,2025-06-07,-0.987632,54.325607,0.0,0.0,11.6,232.0,-7.1416731137776335
10:19:04,2025-06-07,-0.987632,54.325607,0.23390622094215052,280.62255015644973,11.6,232.0,7.901698659612478
10:24:30,2025-06-07,-0.987952,54.325642,8.197927649900915,270.0000142223811,11.6,232.0,17.33885061897982
10:24:31,2025-06-07,-0.987987,54.325642,8.353157077096318,281.08779069166405,11.6,232.0,15.950018718685742
10:24:32,2025-06-07,-0.988022,54.325646,8.053924904235428,278.6036606968195,11.6,232.0,16.02360152115452
10:24:33,2025-06-07,-0.988056,54.325649,7.729473328933421,270.00001340830767,11.6,232.0,16.87039639948312
10:24:34,2025-06-07,-0.988089,54.325649,11.58848500760634,262.0315867435713,11.6,232.0,21.63118066755877
10:24:35,2025-06-07,-0.988138,54.325645,11.484091117869799,272.0042541546534,11.6,232.0,20.369653008002683
10:24:36,2025-06-07,-0.988187,54.325646,13.679368490852813,276.7443938007367,11.6,232.0,21.91831788012385
10:24:37,2025-06-07,-0.988245,54.32565,15.418220663253965,283.55727733912465,11.6,232.0,22.630311508676918
10:24:38,2025-06-07,-0.988309,54.325659,17.561811350321886,283.2189581946503,11.6,232.0,24.82742387672683
10:24:39,2025-06-07,-0.988382,54.325669,18.37919138951298,276.2727736625234,11.6,232.0,26.68507596432147
10:24:40,2025-06-07,-0.98846,54.325674,20.286444280732184,276.8220979169601,11.6,232.0,28.514311746399798
10:24:41,2025-06-07,-0.988546,54.32568,20.709063979388013,275.56472521881074,11.6,232.0,29.114381013864197
10:24:42,2025-06-07,-0.988634,54.325685,21.322723153377016,278.66645861915384,11.6,232.0,29.283156790251397
10:24:43,2025-06-07,-0.988724,54.325693,21.7306109137482,277.43341593840114,11.6,232.0,29.87076785199978
10:24:44,2025-06-07,-0.988816,54.3257,22.249416862515947,278.30293218010115,11.6,232.0,30.263223635487442
10:24:45,2025-06-07,-0.98891,54.325708,21.785952979839013,278.48083312452667,11.6,232.0,29.773680419752647
10:24:46,2025-06-07,-0.989002,54.325716,23.833761317889106,280.681792049855,11.6,232.0,31.492549701153507
10:24:47,2025-06-07,-0.989102,54.325727,23.64096174879771,277.81110784059047,11.6,232.0,31.72646454879353
10:24:48,2025-06-07,-0.989202,54.325735,24.52465096686189,280.37753642871576,11.6,232.0,32.22959537802727
10:24:49,2025-06-07,-0.989305,54.325746,24.625018851013728,278.4406614654877,11.6,232.0,32.618641982873804
10:24:50,2025-06-07,-0.989409,54.325755,24.98560434073544,280.1840513643291,11.6,232.0,32.71978778734317
10:24:51,2025-06-07,-0.989514,54.325766,25.67755312814637,279.9068481871983,11.6,232.0,33.45347312408409
10:24:52,2025-06-07,-0.989622,54.325777,25.731081827688968,277.1731845478254,11.6,232.0,33.90869003313677
10:24:53,2025-06-07,-0.989731,54.325785,26.439998030597398,280.50222011883045,11.6,232.0,34.12605394257826
10:24:54,2025-06-07,-0.989842,54.325797,27.1414396677893,282.82332166666407,11.6,232.0,34.46931994512376
10:24:55,2025-06-07,-0.989955,54.325812,26.43998129653958,280.50222686478446,11.6,232.0,34.12603618558133
10:24:56,2025-06-07,-0.990066,54.325824,27.688473186628407,283.4185045360371,11.6,232.0,34.92254824673751
10:24:57,2025-06-07,-0.990181,54.32584,27.991274566349453,285.8178345055396,11.6,232.0,34.839386253586525
10:24:58,2025-06-07,-0.990296,54.325859,28.442336354677444,285.5606584748282,11.6,232.0,35.33240480649505
10:24:59,2025-06-07,-0.990413,54.325878,28.442324191768463,285.5606653045513,11.6,232.0,35.33239153119616
10:25:00,2025-06-07,-0.99053,54.325897,28.668057679503402,285.43511579879663,11.6,232.0,35.57855731476606
10:25:01,2025-06-07,-0.990648,54.325916,28.442299864676244,285.5606789937633,11.6,232.0,35.33236497447573
10:25:02,2025-06-07,-0.990765,54.325935,28.55216613183247,286.33699795473433,11.6,232.0,35.31515982933229
10:25:03,2025-06-07,-0.990882,54.325955,29.706786096038403,288.92952253317105,11.6,232.0,36.03656089237089
10:25:04,2025-06-07,-0.991002,54.325979,30.195551871935777,290.2268907317123,11.6,232.0,36.30361139923167
10:25:05,2025-06-07,-0.991123,54.326005,29.23365257101418,287.58940395825493,11.6,232.0,35.789039777905565
10:25:06,2025-06-07,-0.991242,54.326027,30.35229366255433,286.92146612697877,11.6,232.0,37.01879844503738
10:25:07,2025-06-07,-0.991366,54.326049,30.35511209537314,285.34229520987566,11.6,232.0,37.280696297796496
10:25:08,2025-06-07,-0.991491,54.326069,30.576467660146097,286.79376047465206,11.6,232.0,37.26411474066063
10:25:09,2025-06-07,-0.991616,54.326091,30.581058741443623,285.22621985121776,11.6,232.0,37.52548113539179
10:25:10,2025-06-07,-0.991742,54.326111,29.70668555270252,288.9295892227205,11.6,232.0,36.036449034484136
10:25:11,2025-06-07,-0.991862,54.326135,28.880486773678996,291.19065297869133,11.6,232.0,34.82180940656093
10:25:12,2025-06-07,-0.991977,54.326161,29.756195331004058,290.5387421004656,11.6,232.0,35.81048948077761
10:25:13,2025-06-07,-0.992096,54.326187,28.776887447122355,286.205938942854,11.6,232.0,35.56142122741231
10:25:14,2025-06-07,-0.992214,54.326207,28.341654605409158,288.1617313586169,11.6,232.0,34.801120606821655
10:25:15,2025-06-07,-0.992329,54.326229,29.042673084907335,289.3792330639731,11.6,232.0,35.29595581787051
10:25:16,2025-06-07,-0.992446,54.326253,30.33597230566742,290.93862154244135,11.6,232.0,36.32106219533601
10:25:17,2025-06-07,-0.992567,54.32628,29.680448830247258,287.31629551330775,11.6,232.0,36.28137865011568
10:25:18,2025-06-07,-0.992688,54.326302,29.48505127555333,289.0772865666938,11.6,232.0,35.789735409087406
10:25:19,2025-06-07,-0.992807,54.326326,30.263488717655775,291.8070654747479,11.6,232.0,36.097283740859964
10:25:20,2025-06-07,-0.992927,54.326354,29.71054609264394,293.91617938540276,11.6,232.0,35.171394158880275
10:25:21,2025-06-07,-0.993043,54.326384,29.92487035205815,293.7344591386667,11.6,232.0,35.41814990173622
10:25:22,2025-06-07,-0.99316,54.326414,28.810073004670844,292.10364879156776,11.6,232.0,34.59189037340676
10:25:23,2025-06-07,-0.993274,54.326441,30.139473547219023,293.55533727854214,11.6,232.0,35.66466677148824
10:25:24,2025-06-07,-0.993392,54.326471,30.301516435075207,294.25126101172697,11.6,232.0,35.702418930286626
10:25:25,2025-06-07,-0.99351,54.326502,30.08801614643768,294.4344036866242,11.6,232.0,35.45607650427298
10:25:26,2025-06-07,-0.993627,54.326533,32.21922521282211,296.6515359109661,11.6,232.0,37.18544546811693
10:25:27,2025-06-07,-0.99375,54.326569,31.98480310547212,297.6705437242183,11.6,232.0,36.7638043374572
10:25:28,2025-06-07,-0.993871,54.326606,32.25251796910357,295.8275726433495,11.6,232.0,37.3689764964761
10:25:29,2025-06-07,-0.993995,54.326641,32.81777608517744,296.91133109646967,11.6,232.0,37.736411851590624
10:25:30,2025-06-07,-0.99412,54.326678,33.026876373347896,296.7275272136193,11.6,232.0,37.97918846525891
10:25:31,2025-06-07,-0.994246,54.326715,33.270398150409214,295.74733582463864,11.6,232.0,38.40143071032653
10:25:32,2025-06-07,-0.994374,54.326751,33.00068290808466,297.53291154120154,11.6,232.0,37.80506046551966
10:25:33,2025-06-07,-0.994499,54.326789,32.04164909496218,296.01005933507156,11.6,232.0,37.124923840068185
10:25:34,2025-06-07,-0.994622,54.326824,32.58576449956316,297.9135080342437,11.6,232.0,37.319901278322156
10:25:35,2025-06-07,-0.994745,54.326862,31.966208516484905,298.5028213703496,11.6,232.0,36.59117387694367
10:25:36,2025-06-07,-0.994865,54.3269,31.750412285721392,299.5426501517723,11.6,232.0,36.18156128988633
10:25:37,2025-06-07,-0.994983,54.326939,30.941505171791093,299.5371915989821,11.6,232.0,35.37367547619332
10:25:38,2025-06-07,-0.995098,54.326977,29.72568640741265,299.97623071371186,11.6,232.0,34.07558439156313
10:25:39,2025-06-07,-0.995208,54.327014,29.32059005376126,300.43334961645235,11.6,232.0,33.58455638116033
10:25:40,2025-06-07,-0.995316,54.327051,29.527817226979682,299.3015398399203,11.6,232.0,34.00403971211616
10:25:41,2025-06-07,-0.995426,54.327087,27.71666776535792,298.55156154284236,11.6,232.0,32.332581850989136
10:25:42,2025-06-07,-0.99553,54.32712,27.584492241645865,295.8883755374415,11.6,232.0,32.68989998580958
10:25:43,2025-06-07,-0.995636,54.32715,26.818577814168172,294.7818066961277,11.6,232.0,32.12418956221657
10:25:44,2025-06-07,-0.99574,54.327178,27.29893850862936,299.99625071726405,11.6,232.0,31.645078783187806
10:25:45,2025-06-07,-0.995841,54.327212,26.491200807612937,301.00873452319746,11.6,232.0,30.64661805302017
10:25:46,2025-06-07,-0.995938,54.327246,26.512099622919873,297.9947641953696,11.6,232.0,31.23121304990138
10:25:47,2025-06-07,-0.996038,54.327277,26.899053940862384,301.4847124273905,11.6,232.0,30.964358507613678
10:25:48,2025-06-07,-0.996136,54.327312,26.69229191403627,300.7499472425613,11.6,232.0,30.896583113065255
10:25:49,2025-06-07,-0.996234,54.327346,26.491137627575704,301.0088169505773,11.6,232.0,30.646539292385103
10:25:50,2025-06-07,-0.996331,54.32738,26.290531538250683,301.2716373489812,11.6,232.0,30.396210777984557
10:25:51,2025-06-07,-0.996427,54.327414,25.49673881289739,298.18602921686954,11.6,232.0,30.180452074371548
10:25:52,2025-06-07,-0.996523,54.327444,26.74422054137629,296.7645232460245,11.6,232.0,31.68975835047497
10:25:53,2025-06-07,-0.996625,54.327474,26.605852257973652,294.99331322843386,11.6,232.0,31.873348256313378
10:25:54,2025-06-07,-0.996728,54.327502,27.501986305118354,299.7526348546469,11.6,232.0,31.89381653411369
10:25:55,2025-06-07,-0.99683,54.327536,27.134694026109756,297.2988302335571,11.6,232.0,31.982167242093958
10:25:56,2025-06-07,-0.996933,54.327567,28.107619153196733,299.9894705290946,11.6,232.0,32.455032113254696
10:25:57,2025-06-07,-0.997037,54.327602,27.705633554916908,299.5124601150007,11.6,232.0,32.142430638507264
10:25:58,2025-06-07,-0.99714,54.327636,27.100941445308624,299.26151501595837,11.6,232.0,31.584638573990787
10:25:59,2025-06-07,-0.997241,54.327669,26.098984063501476,298.4774668133115,11.6,232.0,30.7286565591991
10:26:00,2025-06-07,-0.997339,54.3277,25.084481346406616,298.69131047346224,11.6,232.0,29.674424914709924
10:26:01,2025-06-07,-0.997433,54.32773,26.087826849108307,299.49763596016055,11.6,232.0,30.52739684727935
10:26:02,2025-06-07,-0.99753,54.327762,24.473406614046212,301.65672817200976,11.6,232.0,28.50607562123774
10:26:03,2025-06-07,-0.997619,54.327794,22.247814590852293,299.15444554747546,11.6,232.0,26.751496197987485
10:26:04,2025-06-07,-0.997702,54.327821,21.03099590361112,301.0187612940052,11.6,232.0,25.184517804476236
10:26:05,2025-06-07,-0.997779,54.327848,20.6251988295457,300.3982318805165,11.6,232.0,24.895776470999927
10:26:06,2025-06-07,-0.997855,54.327874,21.030976070068053,301.0187938947656,11.6,232.0,25.184491808255764
10:26:07,2025-06-07,-0.997932,54.327901,20.233336980142123,302.3851520036549,11.6,232.0,24.127406976059802
10:26:08,2025-06-07,-0.998005,54.327928,19.822282544561094,301.76778478531736,11.6,232.0,23.833862090733763
10:26:09,2025-06-07,-0.998077,54.327954,19.29092920277719,305.62728882693455,11.6,232.0,22.56078966833478
10:26:10,2025-06-07,-0.998144,54.327982,18.315890473978993,311.0869297792078,11.6,232.0,20.511995988480535
10:26:11,2025-06-07,-0.998203,54.328012,15.850218381510429,311.1610609620398,11.6,232.0,18.03158501646644
10:26:12,2025-06-07,-0.998254,54.328038,14.178135252086838,310.61052428495685,11.6,232.0,16.468871670854593
10:26:13,2025-06-07,-0.9983,54.328061,14.987465685722176,314.1057075496266,11.6,232.0,16.5806778383558
10:26:14,2025-06-07,-0.998346,54.328087,11.891314794629778,309.87666506785126,11.6,232.0,14.327509311000258
10:26:15,2025-06-07,-0.998385,54.328106,12.976137150650926,315.322471592242,11.6,232.0,14.32499910958967
10:26:16,2025-06-07,-0.998424,54.328129,11.360489899730197,312.1469451278265,11.6,232.0,13.345503896119977
10:26:17,2025-06-07,-0.99846,54.328148,12.491497583037313,317.6119349402843,11.6,232.0,13.379029085084774
10:26:18,2025-06-07,-0.998496,54.328171,12.334614190191619,318.41449982566166,11.6,232.0,13.060054377686145
10:26:19,2025-06-07,-0.998531,54.328194,11.58942113389949,322.7426974340851,11.6,232.0,11.439060164138633
10:26:20,2025-06-07,-0.998561,54.328217,12.050223560804415,323.0120818831662,11.6,232.0,11.845329946963629
10:26:21,2025-06-07,-0.998592,54.328241,14.009676804150102,320.6237242556874,11.6,232.0,14.288288310415426
10:26:22,2025-06-07,-0.99863,54.328268,14.92167071553677,318.8234901041517,11.6,232.0,15.564451770483315
10:26:23,2025-06-07,-0.998672,54.328296,16.80448082911536,324.23295440410305,11.6,232.0,16.352515346349094
10:26:24,2025-06-07,-0.998714,54.32833,18.592027789649734,327.26108803997516,11.6,232.0,17.52837358587334
10:26:25,2025-06-07,-0.998757,54.328369,18.789535063337688,324.1989693468522,11.6,232.0,18.3444449883657
10:26:26,2025-06-07,-0.998804,54.328407,21.374333053062582,323.78421546843424,11.6,232.0,21.013162392395728
10:26:27,2025-06-07,-0.998858,54.32845,21.776262092890178,320.6767358011557,11.6,232.0,22.044143955858697
10:26:28,2025-06-07,-0.998917,54.328492,24.935371914582152,325.10511775610667,11.6,232.0,24.30702307101005
10:26:29,2025-06-07,-0.998978,54.328543,25.801482522255757,327.05964744864406,11.6,232.0,24.77844629498581
10:26:30,2025-06-07,-0.999038,54.328597,24.561357328370242,323.1394575544801,11.6,232.0,24.330680016966852
10:26:31,2025-06-07,-0.999101,54.328646,25.305835884879567,322.4131846333397,11.6,232.0,25.222183995596392
10:26:32,2025-06-07,-0.999167,54.328696,25.80613305231373,323.91106198120605,11.6,232.0,25.419294632750407
10:26:33,2025-06-07,-0.999232,54.328748,24.88284088591429,323.6935150905152,11.6,232.0,24.540024801916182
10:26:34,2025-06-07,-0.999295,54.328798,24.206792998704028,325.9242731152134,11.6,232.0,23.41291278701255
10:26:35,2025-06-07,-0.999353,54.328848,23.876166211969558,325.3851197003712,11.6,232.0,23.191219637470923
10:26:36,2025-06-07,-0.999411,54.328897,24.2827823506945,324.0226690906036,11.6,232.0,23.87336147345122
10:26:37,2025-06-07,-0.999472,54.328946,23.6112755147844,321.38792650954895,11.6,232.0,23.735192450853805
10:26:38,2025-06-07,-0.999535,54.328992,23.321412634925274,322.28592685901725,11.6,232.0,23.263524639924327
10:26:39,2025-06-07,-0.999596,54.329038,22.62297190693996,324.62921505332207,11.6,232.0,22.090852575293976
10:26:40,2025-06-07,-0.999652,54.329084,22.160716416561318,324.52206670418417,11.6,232.0,21.650268227851534
10:26:41,2025-06-07,-0.999707,54.329129,22.622955345677408,324.6292748922045,11.6,232.0,22.09082391191291
10:26:42,2025-06-07,-0.999763,54.329175,22.297651605920983,324.0327741223724,11.6,232.0,21.886186163264817
10:26:43,2025-06-07,-0.999819,54.32922,21.194003882373607,322.6340073785899,11.6,232.0,21.06564651351328
10:26:44,2025-06-07,-0.999874,54.329262,22.222967669346282,326.1043429584572,11.6,232.0,21.392720300184457
10:26:45,2025-06-07,-0.999927,54.329308,20.77444417072071,324.1720614232743,11.6,232.0,20.334797862551895
10:26:46,2025-06-07,-0.999979,54.32935,21.05245553302671,323.1399550438985,11.6,232.0,20.8216775207403
10:26:47,2025-06-07,-1.000033,54.329392,20.312541053365738,324.04477844753535,11.6,232.0,19.898646775208135
10:26:48,2025-06-07,-1.000084,54.329433,20.833527278703198,325.86075694116937,11.6,232.0,20.05247677162821
10:26:49,2025-06-07,-1.000134,54.329476,19.907480164437576,325.6794218718597,11.6,232.0,19.1630629635644
10:26:50,2025-06-07,-1.000182,54.329517,20.11030734281899,326.87389047311854,11.6,232.0,19.12473790567567
10:26:51,2025-06-07,-1.000229,54.329559,18.653110388181666,324.78234682074446,11.6,232.0,18.090022849267264
10:26:52,2025-06-07,-1.000275,54.329597,19.646754388667635,326.80595460994084,11.6,232.0,18.674890079754046
10:26:53,2025-06-07,-1.000321,54.329638,16.99739617439711,325.6636440771839,11.6,232.0,16.256166761110272
10:26:54,2025-06-07,-1.000362,54.329673,15.682957855024878,327.5382996122168,11.6,232.0,14.563429002671523
10:26:55,2025-06-07,-1.000398,54.329706,14.166388337347627,328.11862641996413,11.6,232.0,12.929975455734656
10:26:56,2025-06-07,-1.00043,54.329736,13.029668620717844,326.1974055033988,11.6,232.0,12.180629401358782
10:26:57,2025-06-07,-1.000461,54.329763,11.728852606286493,332.71369068603894,11.6,232.0,9.572396331468646
10:26:58,2025-06-07,-1.000484,54.329789,11.265356087715038,332.8356317772361,11.6,232.0,9.084647092863648
10:26:59,2025-06-07,-1.000506,54.329814,9.897195373487715,320.3534393799989,11.6,232.0,10.230509178418624
10:27:00,2025-06-07,-1.000533,54.329833,9.686036555862865,311.512667332648,11.6,232.0,11.797446939200064
10:27:01,2025-06-07,-1.000564,54.329849,10.813985773037732,317.8917038226905,11.6,232.0,11.64503144913027
10:27:02,2025-06-07,-1.000595,54.329869,10.795326147452005,328.6807280656582,11.6,232.0,9.445820788099088
10:27:03,2025-06-07,-1.000619,54.329892,10.919098726575196,327.63254115158486,11.6,232.0,9.780580492485067
10:27:04,2025-06-07,-1.000644,54.329915,11.448773743346843,323.6754053558197,11.6,232.0,11.10962253910862
10:27:05,2025-06-07,-1.000673,54.329938,11.420617088105722,320.59128585475406,11.6,232.0,11.705794074847173
10:27:06,2025-06-07,-1.000704,54.32996,11.589240795706138,322.7438829215306,11.6,232.0,11.438639834495076
10:27:07,2025-06-07,-1.000734,54.329983,11.509913843672303,326.73491607237554,11.6,232.0,10.552382046026251
10:27:08,2025-06-07,-1.000761,54.330007,11.728838335501633,332.7138291901962,11.6,232.0,9.572354508193296
10:27:09,2025-06-07,-1.000784,54.330033,10.559005099571417,330.84887149013485,11.6,232.0,8.774592085339679
10:27:10,2025-06-07,-1.000806,54.330056,12.08619630584057,333.5851528758637,11.6,232.0,9.756637025549283
10:27:11,2025-06-07,-1.000829,54.330083,11.879041905302085,320.94794360946946,11.6,232.0,12.092027372562422
10:27:12,2025-06-07,-1.000861,54.330106,13.309700196057957,313.8914560926376,11.6,232.0,14.945866995485229
10:27:13,2025-06-07,-1.000902,54.330129,14.921380576900576,318.8247748911285,11.6,232.0,15.563901915686063
10:27:14,2025-06-07,-1.000944,54.330157,16.402847496664418,326.22281968344436,11.6,232.0,15.54867685280762
10:27:15,2025-06-07,-1.000983,54.330191,15.558726776751747,323.0420721191472,11.6,232.0,15.34776236950489
10:27:16,2025-06-07,-1.001023,54.330222,16.80421534209602,324.2342269242453,11.6,232.0,16.351992422939713
10:27:17,2025-06-07,-1.001065,54.330256,15.09786093250298,322.8362253148853,11.6,232.0,14.928566276527679
10:27:18,2025-06-07,-1.001104,54.330286,15.097856963809665,322.8362454418021,11.6,232.0,14.928558233409158
10:27:19,2025-06-07,-1.001143,54.330316,15.991591454595731,321.03298749107734,11.6,232.0,16.18736176542225
10:27:20,2025-06-07,-1.001186,54.330347,15.880480093322541,323.9121400558977,11.6,232.0,15.493423530173345
10:27:21,2025-06-07,-1.001226,54.330379,17.40567340100447,331.08286435448645,11.6,232.0,15.574465490007277
10:27:22,2025-06-07,-1.001262,54.330417,16.273566702159812,326.90728886384255,11.6,232.0,15.281260104794288
10:27:23,2025-06-07,-1.0013,54.330451,17.54354642712737,323.1406852411841,11.6,232.0,17.3126206096957
10:27:24,2025-06-07,-1.001345,54.330486,18.748923473502433,322.32379801972223,11.6,232.0,18.683368260405583
10:27:25,2025-06-07,-1.001394,54.330523,18.145765220648013,322.71871828967625,11.6,232.0,18.00025863030551
10:27:26,2025-06-07,-1.001441,54.330559,23.178356910436303,322.7443049354471,11.6,232.0,23.027670516255235
10:27:27,2025-06-07,-1.001501,54.330605,21.05222703661475,323.14079421401834,11.6,232.0,20.821279161112518
10:27:28,2025-06-07,-1.001555,54.330647,20.59124268292454,322.99206606351095,11.6,232.0,20.390400815988848
10:27:29,2025-06-07,-1.001608,54.330688,20.55334739928256,319.5613352035654,11.6,232.0,21.046926009679986
10:27:30,2025-06-07,-1.001665,54.330727,21.33686927414433,322.1358940489788,11.6,232.0,21.30935643631246
10:27:31,2025-06-07,-1.001721,54.330769,21.481608598394224,321.6434670172858,11.6,232.0,21.55379115606154
10:27:32,2025-06-07,-1.001778,54.330811,20.55332177000418,319.56141981009836,11.6,232.0,21.04688326662852
10:27:33,2025-06-07,-1.001835,54.33085,21.02220534959948,321.4650091023918,11.6,232.0,21.13051706622811
10:27:34,2025-06-07,-1.001891,54.330891,20.733215196474344,322.4761442613422,11.6,232.0,20.636816999171185
10:27:35,2025-06-07,-1.001945,54.330932,20.104070252831992,321.0835658912213,11.6,232.0,20.28960193560823
10:27:36,2025-06-07,-1.001999,54.330971,20.774159920376814,324.17316098805594,11.6,232.0,20.334291156335834
10:27:37,2025-06-07,-1.002051,54.331013,20.096644397765527,319.32731875363083,11.6,232.0,20.637554398588627
10:27:38,2025-06-07,-1.002107,54.331051,20.876862171421887,321.9672097477392,11.6,232.0,20.88350082628782
10:27:39,2025-06-07,-1.002162,54.331092,20.56298475241765,321.2786839145127,11.6,232.0,20.709017246278
10:27:40,2025-06-07,-1.002217,54.331132,20.591155702704416,322.9923908555903,11.6,232.0,20.39024808881118
10:27:41,2025-06-07,-1.00227,54.331173,19.49819904611544,321.4127801081212,11.6,232.0,19.61708444313483
10:27:42,2025-06-07,-1.002322,54.331211,20.637702308162897,324.69969024542917,11.6,232.0,20.09133012267123
10:27:43,2025-06-07,-1.002373,54.331253,19.498184447048327,321.4128344500167,11.6,232.0,19.617058842683498
10:27:44,2025-06-07,-1.002425,54.331291,18.89303831921458,321.76299191687485,11.6,232.0,18.941022410660633
10:27:45,2025-06-07,-1.002475,54.331328,18.465812011742916,323.4730198097411,11.6,232.0,18.16761993359411
10:27:46,2025-06-07,-1.002522,54.331365,20.272820843507592,322.3102546117523,11.6,232.0,20.210007562338408
10:27:47,2025-06-07,-1.002575,54.331405,18.789066354412107,324.2009760807728,11.6,232.0,18.34357029917097
10:27:48,2025-06-07,-1.002622,54.331443,18.927208392761774,323.6268394689188,11.6,232.0,18.597885667503018
10:27:49,2025-06-07,-1.00267,54.331481,19.528269153888075,323.21980191601557,11.6,232.0,19.281328916943586
10:27:50,2025-06-07,-1.00272,54.33152,19.209076977945085,322.50355113871797,11.6,232.0,19.107130236605766
10:27:51,2025-06-07,-1.00277,54.331558,19.669577076002135,322.674248044441,11.6,232.0,19.53307318574683
10:27:52,2025-06-07,-1.002821,54.331597,19.3527154115268,321.95427497711626,11.6,232.0,19.361972816062647
10:27:53,2025-06-07,-1.002872,54.331635,20.31216383237303,324.04626368844276,11.6,232.0,19.897969046635076
10:27:54,2025-06-07,-1.002923,54.331676,19.209050272158876,322.5036561049102,11.6,232.0,19.10708228037482
10:27:55,2025-06-07,-1.002973,54.331714,19.209043772568023,322.5036816787471,11.6,232.0,19.1070706033512
10:27:56,2025-06-07,-1.003023,54.331752,20.637612817853963,324.7000457299422,11.6,232.0,20.091168741498795
10:27:57,2025-06-07,-1.003074,54.331794,20.272742656517213,322.31054379250963,11.6,232.0,20.20987082919354
10:27:58,2025-06-07,-1.003127,54.331834,20.591029798595063,322.99286097317844,11.6,232.0,20.390027019827578
10:27:59,2025-06-07,-1.00318,54.331875,19.49807089935142,321.4132569400643,11.6,232.0,19.616859762903193
10:28:00,2025-06-07,-1.003232,54.331913,19.209009706787587,322.5038155771322,11.6,232.0,19.107009429793408
10:28:01,2025-06-07,-1.003282,54.331951,19.669508737820014,322.67451205856923,11.6,232.0,19.532951399443792
10:28:02,2025-06-07,-1.003333,54.33199,20.450687525449286,323.5161508556377,11.6,232.0,20.143766184637567
10:28:03,2025-06-07,-1.003385,54.332031,19.498042420022752,321.41336290232937,11.6,232.0,19.616809831770457
10:28:04,2025-06-07,-1.003437,54.332069,19.957367197865285,321.60673935378054,11.6,232.0,20.036985412624993
10:28:05,2025-06-07,-1.00349,54.332108,20.312084286622174,324.0465769136357,11.6,232.0,19.897826126322162
10:28:06,2025-06-07,-1.003541,54.332149,19.812552132818045,322.1368514453297,11.6,232.0,19.78484546279981
10:28:07,2025-06-07,-1.003593,54.332188,20.773951900351904,324.1739656958698,11.6,232.0,20.333920333837913
10:28:08,2025-06-07,-1.003645,54.33223,19.81253759226332,322.1369061273267,11.6,232.0,19.78481985145836
10:28:09,2025-06-07,-1.003697,54.332269,21.629101885959702,326.54218037462095,11.6,232.0,20.710463185718265
10:28:10,2025-06-07,-1.003748,54.332314,20.773930361573786,324.1740490136002,11.6,232.0,20.333881938843998
10:28:11,2025-06-07,-1.0038,54.332356,20.63751290905384,324.7004426088627,11.6,232.0,20.09098857052571
10:28:12,2025-06-07,-1.003851,54.332398,20.59092865714007,322.99323869701516,11.6,232.0,20.38984941657298
10:28:13,2025-06-07,-1.003904,54.332439,20.56272388201993,321.27959983733695,11.6,232.0,20.70857095447633
10:28:14,2025-06-07,-1.003959,54.332479,22.02481361130021,325.01967221405783,11.6,232.0,21.413739212119474
10:28:15,2025-06-07,-1.004013,54.332524,20.773894470826214,324.1741878757924,11.6,232.0,20.333817954545452
10:28:16,2025-06-07,-1.004065,54.332566,21.051869995277702,323.14210551709687,11.6,232.0,20.82065668840545
10:28:17,2025-06-07,-1.004119,54.332608,20.590890998396183,322.99337933294004,11.6,232.0,20.389783289212563
10:28:18,2025-06-07,-1.004172,54.332649,20.91201461926738,323.6547960411222,11.6,232.0,20.577034177753145
10:28:19,2025-06-07,-1.004225,54.332691,20.41679928338639,321.791806574436,11.6,232.0,20.458949655413235
10:28:20,2025-06-07,-1.004279,54.332731,21.75922202331099,326.02880888150327,11.6,232.0,20.944228644219116
10:28:21,2025-06-07,-1.004331,54.332776,20.590860868093664,322.9934918438105,11.6,232.0,20.389730383586407
10:28:22,2025-06-07,-1.004384,54.332817,22.487333884879757,325.1175226748771,11.6,232.0,21.856477265873714
10:28:23,2025-06-07,-1.004439,54.332863,20.25183143349981,320.5700627725538,11.6,232.0,20.541303888805253
10:28:24,2025-06-07,-1.004494,54.332902,20.710129489462204,320.7751133130621,11.6,232.0,20.958098945678138
10:28:25,2025-06-07,-1.00455,54.332942,20.251815889427615,320.57011677233015,11.6,232.0,20.541277415440355
10:28:26,2025-06-07,-1.004605,54.332981,22.086490529768785,321.3391369225331,11.6,232.0,22.22028470772799
10:28:27,2025-06-07,-1.004664,54.333024,21.92464114000217,320.2070432141275,11.6,232.0,22.28758068977568
10:28:28,2025-06-07,-1.004724,54.333066,22.22770788016819,319.280605496901,11.6,232.0,22.77806489408531
10:28:29,2025-06-07,-1.004786,54.333108,22.536432470259808,318.37925644418135,11.6,232.0,23.268993864650618
10:28:30,2025-06-07,-1.00485,54.33315,22.880538754411365,315.9598596426332,11.6,232.0,24.101150855164384
10:28:31,2025-06-07,-1.004918,54.333191,22.85057521805571,317.50244736511206,11.6,232.0,23.76020676597741
10:28:32,2025-06-07,-1.004984,54.333233,22.991586507766954,318.6075724264991,11.6,232.0,23.678010033976285
10:28:33,2025-06-07,-1.005049,54.333276,23.151228775883705,321.223728715383,11.6,232.0,23.308386449503292
10:28:34,2025-06-07,-1.005111,54.333321,22.081570157130066,318.14176447193415,11.6,232.0,22.86211134117733
10:28:35,2025-06-07,-1.005174,54.333362,22.430027953046075,315.6771528596419,11.6,232.0,23.70754351698718
10:28:36,2025-06-07,-1.005241,54.333402,23.78295766488651,316.49355067133155,11.6,232.0,24.896068095231456
10:28:37,2025-06-07,-1.005311,54.333445,25.72935056824345,319.80717348354017,11.6,232.0,26.17319789014466
10:28:38,2025-06-07,-1.005382,54.333494,26.658914455332937,317.50266454636466,11.6,232.0,27.568502168522
10:28:39,2025-06-07,-1.005459,54.333543,27.43035072686269,316.98809967384193,11.6,232.0,28.44375747125966
10:28:40,2025-06-07,-1.005539,54.333593,26.7993025898177,318.4508000634225,11.6,232.0,27.51740773723581
10:28:41,2025-06-07,-1.005615,54.333643,27.722726577861962,321.37470404751593,11.6,232.0,27.849320353633175
10:28:42,2025-06-07,-1.005689,54.333697,25.881235119865966,319.4118495869765,11.6,232.0,26.405049194609415
10:28:43,2025-06-07,-1.005761,54.333746,26.490529657127883,319.20805573385985,11.6,232.0,27.055557978968572
10:28:44,2025-06-07,-1.005835,54.333796,26.337917863406187,319.5932703549231,11.6,232.0,26.82503671997524
10:28:45,2025-06-07,-1.005908,54.333846,25.733483517872813,318.4353846334491,11.6,232.0,26.45470363334771
10:28:46,2025-06-07,-1.005981,54.333894,25.2785463216442,318.228836659442,11.6,232.0,26.041498086700255
10:28:47,2025-06-07,-1.006053,54.333941,25.578488075058626,318.8274259455904,11.6,232.0,26.220473509439948
10:28:48,2025-06-07,-1.006125,54.333989,24.823937621150836,318.0147489292065,11.6,232.0,25.63013392209403
10:28:49,2025-06-07,-1.006196,54.334035,24.96855048584668,319.0294755905997,11.6,232.0,25.569688101728758
10:28:50,2025-06-07,-1.006266,54.334082,25.42903751741529,320.612648764975,11.6,232.0,25.70989069543591
10:28:51,2025-06-07,-1.006335,54.334131,24.51266932647938,318.827555225815,11.6,232.0,25.15462862713319
10:28:52,2025-06-07,-1.006404,54.334177,24.057117729263517,318.6179448253881,11.6,232.0,24.741444946977232
10:28:53,2025-06-07,-1.006472,54.334222,22.85031582986361,317.503162912368,11.6,232.0,23.75980295540534
10:28:54,2025-06-07,-1.006538,54.334264,23.90555496288666,320.51552192528624,11.6,232.0,24.206066088075026
10:28:55,2025-06-07,-1.006603,54.33431,24.20645620863095,319.66106190214316,11.6,232.0,24.679861879984475
10:28:56,2025-06-07,-1.00667,54.334356,24.206444963687495,319.661093527333,11.6,232.0,24.679844237596374
10:28:57,2025-06-07,-1.006737,54.334402,23.597913783917612,319.8963473782317,11.6,232.0,24.023719810598216
10:28:58,2025-06-07,-1.006802,54.334447,21.1616636397907,319.3044084416212,11.6,232.0,21.70720693209487
10:28:59,2025-06-07,-1.006861,54.334487,19.812132345453723,322.13842998411053,11.6,232.0,19.78410608824815
10:29:00,2025-06-07,-1.006913,54.334526,18.288115957671387,322.1384536766212,11.6,232.0,18.26008490373691
10:29:01,2025-06-07,-1.006961,54.334562,17.05221616036051,318.82783948005937,11.6,232.0,17.694117999600735
10:29:02,2025-06-07,-1.007009,54.334594,16.449845839518343,321.281058066841,11.6,232.0,16.5953977047529
10:29:03,2025-06-07,-1.007053,54.334626,15.103234690695018,315.82085327982264,11.6,232.0,16.351829910792404
10:29:04,2025-06-07,-1.007098,54.334653,14.465243467185239,318.47924244427657,11.6,232.0,15.177601177872376
10:29:05,2025-06-07,-1.007139,54.33468,15.418265041393491,323.73945865144884,11.6,232.0,15.06615148112265
10:29:06,2025-06-07,-1.007178,54.334711,15.385111221136706,321.4510051221099,11.6,232.0,15.496258031452717
10:29:07,2025-06-07,-1.007219,54.334741,13.854900150860637,318.8279573381623,11.6,232.0,14.496778165321997
10:29:08,2025-06-07,-1.007258,54.334767,14.76734533457414,319.51100521955044,11.6,232.0,15.271104242480114
10:29:09,2025-06-07,-1.007299,54.334795,15.240059891252091,322.1386300353453,11.6,232.0,15.211993132153363
10:29:10,2025-06-07,-1.007339,54.334825,14.767336628008584,319.51104511954037,11.6,232.0,15.271087465455574
10:29:11,2025-06-07,-1.00738,54.334853,15.074050092769898,320.50099536629904,11.6,232.0,15.377501242088801
10:29:12,2025-06-07,-1.007421,54.334882,14.467203949158591,320.9199477580543,11.6,232.0,14.685856424788225
10:29:13,2025-06-07,-1.00746,54.33491,15.224264637168066,319.8218819179983,11.6,232.0,15.665136282041956
10:29:14,2025-06-07,-1.007502,54.334939,15.392782358065421,316.8617285224292,11.6,232.0,16.431673669994915
10:29:15,2025-06-07,-1.007547,54.334967,15.986385165582867,318.8281172205908,11.6,232.0,16.628230860127992
10:29:16,2025-06-07,-1.007592,54.334997,14.780202290613293,317.12168217407,11.6,232.0,15.766664837553689
10:29:17,2025-06-07,-1.007635,54.335024,15.990874678001587,321.0361948782389,11.6,232.0,16.18599571919571
10:29:18,2025-06-07,-1.007678,54.335055,15.38506175045548,321.4512387425226,11.6,232.0,15.49616126457513
10:29:19,2025-06-07,-1.007719,54.335085,15.532271363364291,320.7765942852264,11.6,232.0,15.77994105306328
10:29:20,2025-06-07,-1.007761,54.335115,14.16794436333124,317.4041409224753,11.6,232.0,15.097416219905734
10:29:21,2025-06-07,-1.007802,54.335141,14.465168666074408,318.47957994878357,11.6,232.0,15.177458175162496
10:29:22,2025-06-07,-1.007843,54.335168,14.310807618846987,319.18065854007665,11.6,232.0,14.881376078174043
10:29:23,2025-06-07,-1.007883,54.335195,14.327656122065912,316.7156534748088,11.6,232.0,15.395999271445271
10:29:24,2025-06-07,-1.007925,54.335221,13.589425783935795,315.1139859486452,11.6,232.0,14.980202011126213
10:29:25,2025-06-07,-1.007966,54.335245,14.167924004925055,317.40423118515685,11.6,232.0,15.097377645837222
10:29:26,2025-06-07,-1.008007,54.335271,14.158626527743213,319.8969272657794,11.6,232.0,14.5843152305399
10:29:27,2025-06-07,-1.008046,54.335298,14.32763938196555,316.7157251090204,11.6,232.0,15.395968090049974
10:29:28,2025-06-07,-1.008088,54.335324,13.589408946677617,315.11405771495646,11.6,232.0,14.980170748997063
10:29:29,2025-06-07,-1.008129,54.335348,14.01027773406666,318.1084037673495,11.6,232.0,14.797557625743785
10:29:30,2025-06-07,-1.008169,54.335374,14.008708399663888,320.62859786638506,11.6,232.0,14.286333487149424
10:29:31,2025-06-07,-1.008207,54.335401,15.239976195960862,322.1390392092165,11.6,232.0,15.21182659650265
10:29:32,2025-06-07,-1.008247,54.335431,14.158603878296928,319.8970371145769,11.6,232.0,14.584270356283884
10:29:33,2025-06-07,-1.008286,54.335458,14.310764871822604,319.1808584440357,11.6,232.0,14.881292907939757
10:29:34,2025-06-07,-1.008326,54.335485,13.854792443739148,318.82847108713855,11.6,232.0,14.496566604844784
10:29:35,2025-06-07,-1.008365,54.335511,14.310757065018098,319.1808949850938,11.6,232.0,14.881277712051924
10:29:36,2025-06-07,-1.008405,54.335538,13.861118678274222,321.3759675538645,11.6,232.0,13.987456662035877
10:29:37,2025-06-07,-1.008442,54.335565,14.465103675322077,318.47987316945665,11.6,232.0,15.1773339314961
10:29:38,2025-06-07,-1.008483,54.335592,14.010240970913712,318.1085727811157,11.6,232.0,14.79748672326454
10:29:39,2025-06-07,-1.008523,54.335618,14.465095553235182,318.47990982443076,11.6,232.0,15.177318402310679
10:29:40,2025-06-07,-1.008564,54.335645,14.767213592975772,319.511609380197,11.6,232.0,15.270850298977201
10:29:41,2025-06-07,-1.008605,54.335673,14.780044092666769,321.9006626575795,11.6,232.0,14.800155741457896
10:29:42,2025-06-07,-1.008644,54.335702,14.15856551641171,319.8972231783546,11.6,232.0,14.584194349631098
10:29:43,2025-06-07,-1.008683,54.335729,14.767200990266593,319.51166718526815,11.6,232.0,15.270826004193076
10:29:44,2025-06-07,-1.008724,54.335757,15.239927024214188,322.1392795823643,11.6,232.0,15.211728759386311
10:29:45,2025-06-07,-1.008764,54.335787,15.097128307476043,322.8399352692965,11.6,232.0,14.927082621184978
10:29:46,2025-06-07,-1.008803,54.335817,14.008648258556535,320.62890059219245,11.6,232.0,14.286212074273902
10:29:47,2025-06-07,-1.008841,54.335844,14.158545414373245,319.8973206702766,11.6,232.0,14.584154522844896
10:29:48,2025-06-07,-1.00888,54.335871,14.043342312049726,328.93244130496356,11.6,232.0,12.64323476714909
10:29:49,2025-06-07,-1.008911,54.335901,13.69341608099375,331.4466041049241,11.6,232.0,11.789526860672131
10:29:50,2025-06-07,-1.008939,54.335931,12.08586362339669,333.58841416584426,11.6,232.0,9.755657523569752
10:29:51,2025-06-07,-1.008962,54.335958,11.422951779770589,335.8444613525883,11.6,232.0,8.647222777382096
10:29:52,2025-06-07,-1.008982,54.335984,10.338229732646955,333.11575631499284,11.6,232.0,8.101844686674687
10:29:53,2025-06-07,-1.009002,54.336007,9.982635378102756,332.07517434075265,11.6,232.0,7.953329814885314
10:29:54,2025-06-07,-1.009022,54.336029,9.06367670541613,327.2021990443007,11.6,232.0,8.011895393685942
10:29:55,2025-06-07,-1.009043,54.336048,9.063675501677524,327.2022110994359,11.6,232.0,8.011891759339747
10:29:56,2025-06-07,-1.009064,54.336067,8.702561702433561,331.08620579029747,11.6,232.0,6.87068577609754
10:29:57,2025-06-07,-1.009082,54.336086,8.485625272641226,333.8502513434553,11.6,232.0,6.103513187582951
10:29:58,2025-06-07,-1.009098,54.336105,8.750340790064847,336.381598153955,11.6,232.0,5.869146805463075
10:29:59,2025-06-07,-1.009113,54.336125,9.211512598646586,336.04861505558875,11.6,232.0,6.395669469498474
10:30:00,2025-06-07,-1.009129,54.336146,7.939856851074325,323.9159726578086,11.6,232.0,7.552024779202177
10:30:01,2025-06-07,-1.009149,54.336162,8.818353552943723,329.75660720550104,11.6,232.0,7.252757307817122
10:30:02,2025-06-07,-1.009168,54.336181,8.846935821613247,334.99460141045813,11.6,232.0,6.23856857826158
10:30:03,2025-06-07,-1.009184,54.336201,8.289494817328846,336.7516708733402,11.6,232.0,5.335785085168647
10:30:04,2025-06-07,-1.009198,54.33622,8.48562004336871,333.85032521522277,11.6,232.0,6.103493321114035
10:30:05,2025-06-07,-1.009214,54.336239,8.938781020110776,328.4620275907687,11.6,232.0,7.633262435146911
10:30:06,2025-06-07,-1.009234,54.336258,8.818348427197925,329.7566654019438,11.6,232.0,7.252740507529945
10:30:07,2025-06-07,-1.009253,54.336277,10.03952923875253,336.6872108424055,11.6,232.0,7.098441672001053
10:30:08,2025-06-07,-1.00927,54.3363,9.949000934817185,337.92333859971393,11.6,232.0,6.766529946807825
10:30:09,2025-06-07,-1.009286,54.336323,10.13465782358311,335.4736800638521,11.6,232.0,7.431873343070659
10:30:10,2025-06-07,-1.009304,54.336346,10.446377078337655,331.9723907519867,11.6,232.0,8.437563249137211
10:30:11,2025-06-07,-1.009325,54.336369,10.330834998673044,328.63658981130294,11.6,232.0,8.990205512176958
10:30:12,2025-06-07,-1.009348,54.336391,9.991061670338418,327.43968759722117,11.6,232.0,8.891406079113125
10:30:13,2025-06-07,-1.009371,54.336412,11.884532210656443,335.6074394804921,11.6,232.0,9.155419769770761
10:30:14,2025-06-07,-1.009392,54.336439,11.153333038578857,339.13274578372454,11.6,232.0,7.736129248015331
10:30:15,2025-06-07,-1.009409,54.336465,11.61148394783501,338.7597638720717,11.6,232.0,8.26651438204326
10:30:16,2025-06-07,-1.009427,54.336492,12.085831859625856,333.588725606541,11.6,232.0,9.755563991406579
10:30:17,2025-06-07,-1.00945,54.336519,12.301677514817628,331.6382222692732,11.6,232.0,10.359530440784933
10:30:18,2025-06-07,-1.009475,54.336546,11.837813605036217,331.71198254904994,11.6,232.0,9.880945562497464
10:30:19,2025-06-07,-1.009499,54.336572,11.98331090978309,334.5897006378569,11.6,232.0,9.454884322573175
10:30:20,2025-06-07,-1.009521,54.336599,12.085825807661289,333.5887850107939,11.6,232.0,9.755546157735882
10:30:21,2025-06-07,-1.009544,54.336626,13.938707139179003,333.0788632408004,11.6,232.0,11.709651734933718
10:30:22,2025-06-07,-1.009571,54.336657,13.693359807760258,331.4470463910997,11.6,232.0,11.789382257348974
10:30:23,2025-06-07,-1.009599,54.336687,12.565802442608192,326.07064168529143,11.6,232.0,11.742360816764
10:30:24,2025-06-07,-1.009629,54.336713,12.899996408551951,327.0648212873003,11.6,232.0,11.875916781035588
10:30:25,2025-06-07,-1.009659,54.33674,12.436404193864616,326.964395426733,11.6,232.0,11.432578780027475
10:30:26,2025-06-07,-1.009688,54.336766,12.878865322295171,330.6554185765764,11.6,232.0,11.133162359382045
10:30:27,2025-06-07,-1.009715,54.336794,11.48668947562047,330.76432979179486,11.6,232.0,9.719190832677691
10:30:28,2025-06-07,-1.009739,54.336819,9.46317505504112,323.63040023946985,11.6,232.0,9.133131713825566
10:30:29,2025-06-07,-1.009763,54.336838,10.558599167675476,330.8529050468777,11.6,232.0,8.773379251129555
10:30:30,2025-06-07,-1.009785,54.336861,9.771636367392658,334.49815938404504,11.6,232.0,7.261300661546462
10:30:31,2025-06-07,-1.009803,54.336883,8.8183150663899,329.75704438663485,11.6,232.0,7.2526311202510625
10:30:32,2025-06-07,-1.009822,54.336902,8.948589599702665,333.63859100553776,11.6,232.0,6.608432758717209
10:30:33,2025-06-07,-1.009839,54.336922,10.134633176748784,335.47399530041923,11.6,232.0,7.431786630626999
10:30:34,2025-06-07,-1.009857,54.336945,8.938739750372338,328.4624661879721,11.6,232.0,7.6331329320105
10:30:35,2025-06-07,-1.009877,54.336964,10.094559073237933,330.90335987427625,11.6,232.0,8.299246551284273
10:30:36,2025-06-07,-1.009898,54.336986,9.402746008891059,328.52639221726326,11.6,232.0,8.084279895698232
10:30:37,2025-06-07,-1.009919,54.337006,8.70251622906879,331.08675957598433,11.6,232.0,6.870529591247258
10:30:38,2025-06-07,-1.009937,54.337025,10.039501646904625,336.68758968736324,11.6,232.0,7.098339886181222
10:30:39,2025-06-07,-1.009954,54.337048,9.948976387123647,337.92370163592983,11.6,232.0,6.766434719730357
10:30:40,2025-06-07,-1.00997,54.337071,10.234228601909768,334.2835416526512,11.6,232.0,7.766331863227968
10:30:41,2025-06-07,-1.009989,54.337094,10.44633607549109,331.9728231058429,11.6,232.0,8.437436035284582
10:30:42,2025-06-07,-1.01001,54.337117,10.674787200133531,329.7571891050258,11.6,232.0,9.109074222685663
10:30:43,2025-06-07,-1.010033,54.33714,10.848565417659385,324.4156150631437,11.6,232.0,10.359649228091012
10:30:44,2025-06-07,-1.01006,54.337162,9.866754005074506,328.5843914767525,11.6,232.0,8.536622239659712
10:30:45,2025-06-07,-1.010082,54.337183,11.058622951866214,334.99513926591686,11.6,232.0,8.450149604004295
10:30:46,2025-06-07,-1.010102,54.337208,10.338168401829646,333.11644424446075,11.6,232.0,8.101646691941243
10:30:47,2025-06-07,-1.010122,54.337231,8.485580607002456,333.8508825605925,11.6,232.0,6.103343450619988
10:30:48,2025-06-07,-1.010138,54.33725,8.199680289693122,338.2527694541666,11.6,232.0,4.953125432033165
10:30:49,2025-06-07,-1.010151,54.337269,9.489797617283974,338.3217568574418,11.6,232.0,6.229836226407304
10:30:50,2025-06-07,-1.010166,54.337291,8.948573350476499,333.63880668696765,11.6,232.0,6.6083737408354475
10:30:51,2025-06-07,-1.010183,54.337311,9.326612482921108,340.9908093372833,11.6,232.0,5.551781289818887
10:30:52,2025-06-07,-1.010196,54.337333,7.000240279688857,336.38222408602496,11.6,232.0,4.118923541368828
10:30:53,2025-06-07,-1.010208,54.337349,8.384822182441827,335.2847000914839,11.6,232.0,5.719259837098241
10:30:54,2025-06-07,-1.010223,54.337368,8.12795416858555,332.60535743068766,11.6,232.0,5.993052364341837
10:30:55,2025-06-07,-1.010239,54.337386,7.000238884567125,336.3822511811042,11.6,232.0,4.118916832544503
10:30:56,2025-06-07,-1.010251,54.337402,8.485573938697694,333.8509768473755,11.6,232.0,6.103318100063998
10:30:57,2025-06-07,-1.010267,54.337421,9.055161050578919,332.3135840419847,11.6,232.0,6.978349532328536
10:30:58,2025-06-07,-1.010285,54.337441,9.771611546633897,334.4984734710563,11.6,232.0,7.261213758219286
10:30:59,2025-06-07,-1.010303,54.337463,9.166495373701876,331.01971643411366,11.6,232.0,7.347913078237947
10:31:00,2025-06-07,-1.010322,54.337483,10.234209834534505,334.2837661024475,11.6,232.0,7.766268694480635
10:31:01,2025-06-07,-1.010341,54.337506,11.528514080639248,339.842834104389,11.6,232.0,7.974192558830671
10:31:02,2025-06-07,-1.010358,54.337533,10.039482905730942,336.6878469617029,11.6,232.0,7.098270759811776
10:31:03,2025-06-07,-1.010375,54.337556,9.672912433236522,335.7481248513238,11.6,232.0,6.916124843268395
10:31:04,2025-06-07,-1.010392,54.337578,10.134606193958641,335.4743405449695,11.6,232.0,7.431691674175095
10:31:05,2025-06-07,-1.01041,54.337601,10.039480398645715,336.68788139310334,11.6,232.0,7.098261509606752
10:31:06,2025-06-07,-1.010427,54.337624,9.948957482388941,337.92398120934786,11.6,232.0,6.766361385039438
10:31:07,2025-06-07,-1.010443,54.337647,9.863164186045836,339.182092559404,11.6,232.0,6.436414342425852
10:31:08,2025-06-07,-1.010458,54.33767,10.321281142022974,338.7603293737742,11.6,232.0,6.976201949239759
10:31:09,2025-06-07,-1.010474,54.337694,11.238993117985974,338.0200197491995,11.6,232.0,8.037703836149149
10:31:10,2025-06-07,-1.010492,54.33772,11.983251087831272,334.59032070016787,11.6,232.0,9.454701982483684
10:31:11,2025-06-07,-1.010514,54.337747,11.520851083744962,334.7847607311851,11.6,232.0,8.953897244991724
10:31:12,2025-06-07,-1.010535,54.337773,10.696927595559982,334.08776755590293,11.6,232.0,8.267773858689901
10:31:13,2025-06-07,-1.010555,54.337797,11.422869004897404,335.8454182159975,11.6,232.0,8.64695190598128
10:31:14,2025-06-07,-1.010575,54.337823,11.789507683102794,336.64264536491066,11.6,232.0,8.857148830559591
10:31:15,2025-06-07,-1.010595,54.33785,12.591889518188509,342.72767292943894,11.6,232.0,8.486340879505509
10:31:16,2025-06-07,-1.010611,54.33788,11.611433790024396,338.7604297053779,11.6,232.0,8.266335147197859
10:31:17,2025-06-07,-1.010629,54.337907,11.611432833489205,338.7604424037041,11.6,232.0,8.266331728996429
10:31:18,2025-06-07,-1.010647,54.337934,11.328876925570386,336.9240231494041,11.6,232.0,8.341436639975512
10:31:19,2025-06-07,-1.010666,54.33796,9.863155132413118,339.18223745590825,11.6,232.0,6.436377262540681
10:31:20,2025-06-07,-1.010681,54.337983,11.305183560665222,343.1800641018581,11.6,232.0,7.114101833763723
10:31:21,2025-06-07,-1.010695,54.33801,11.23898150312528,338.02017260735147,11.6,232.0,8.037662475746176
10:31:22,2025-06-07,-1.010713,54.338036,10.234184644119022,334.28406737784013,11.6,232.0,7.7661839048689725
10:31:23,2025-06-07,-1.010732,54.338059,10.695647054224263,339.5384081290968,11.6,232.0,7.20004442270749
10:31:24,2025-06-07,-1.010748,54.338084,12.283763370116253,341.1316687981313,11.6,232.0,8.481977680398009
10:31:25,2025-06-07,-1.010765,54.338113,11.422854783311342,335.8455826448636,11.6,232.0,8.646905361679275
10:31:26,2025-06-07,-1.010785,54.338139,12.346235049300075,335.38883447235173,11.6,232.0,9.660158430795477
10:31:27,2025-06-07,-1.010807,54.338167,13.275767791506745,339.3872737201174,11.6,232.0,9.809353324909338
10:31:28,2025-06-07,-1.010827,54.338198,12.663522626763275,341.7181892820762,11.6,232.0,8.74975079574203
10:31:29,2025-06-07,-1.010844,54.338228,13.275765462095519,339.38730173581416,11.6,232.0,9.809345582663758
10:31:30,2025-06-07,-1.010864,54.338259,12.98840574637583,337.79968527094115,11.6,232.0,9.830016192779752
10:31:31,2025-06-07,-1.010885,54.338289,11.8844426152377,335.6084232906416,11.6,232.0,9.155136585231759
10:31:32,2025-06-07,-1.010906,54.338316,13.275762106087187,339.38734214249433,11.6,232.0,9.809334419795315
10:31:33,2025-06-07,-1.010926,54.338347,12.901574646873907,338.76065097890177,11.6,232.0,9.556433108530598
10:31:34,2025-06-07,-1.010946,54.338377,13.360155340620347,338.4492895877841,11.6,232.0,10.075422582577556
10:31:35,2025-06-07,-1.010967,54.338408,14.737978996610599,337.63152497316224,11.6,232.0,11.612362175379818
10:31:36,2025-06-07,-1.010991,54.338442,13.36015260960271,338.44932053585194,11.6,232.0,10.075413842320609
10:31:37,2025-06-07,-1.011012,54.338473,12.901569687922443,338.7607102681943,11.6,232.0,9.556416655917703
10:31:38,2025-06-07,-1.011032,54.338503,12.818431501964426,339.7343360471694,11.6,232.0,9.285026093957782
10:31:39,2025-06-07,-1.011051,54.338533,12.663513087340364,341.7183283416985,11.6,232.0,8.749714753409204
10:31:40,2025-06-07,-1.011068,54.338563,11.528480614678037,339.8433106102898,11.6,232.0,7.974067260740112
10:31:41,2025-06-07,-1.011085,54.33859,13.04452848122801,342.2705994941064,11.6,232.0,9.025658117624843
10:31:42,2025-06-07,-1.011102,54.338621,12.818427300621353,339.73438947755903,11.6,232.0,9.285011589249528
10:31:43,2025-06-07,-1.011121,54.338651,11.789471673596164,336.6430653626036,11.6,232.0,8.857030550886785
10:31:44,2025-06-07,-1.011141,54.338678,10.854304109751467,343.7487946069356,11.6,232.0,6.55606450385268
10:31:45,2025-06-07,-1.011154,54.338704,10.460752181443691,354.87479250999195,11.6,232.0,4.164214140483454
10:31:46,2025-06-07,-1.011158,54.33873,9.216575900543155,0.0,11.6,232.0,2.074902786765522
10:31:47,2025-06-07,-1.011158,54.338753,9.18440999120391,343.7488211327465,11.6,232.0,4.886165397214842
10:31:48,2025-06-07,-1.011169,54.338775,10.064488794688973,322.84193111712307,11.6,232.0,9.894039076174385
10:31:49,2025-06-07,-1.011195,54.338795,11.13879522174631,329.7582073031052,11.6,232.0,9.572877988418904
10:31:50,2025-06-07,-1.011219,54.338819,10.854301420632096,343.7488473991504,11.6,232.0,6.556051887334288
10:31:51,2025-06-07,-1.011232,54.338845,9.184408507847222,343.748855579814,11.6,232.0,4.886157436203374
10:31:52,2025-06-07,-1.011243,54.338867,8.384769739776516,335.2855035756116,11.6,232.0,5.719049075807716
10:31:53,2025-06-07,-1.011258,54.338886,8.289413472967544,336.7530278444287,11.6,232.0,5.335438067227224
10:31:54,2025-06-07,-1.011272,54.338905,9.86312781182849,339.1826749481515,11.6,232.0,6.436265321220379
10:31:55,2025-06-07,-1.011287,54.338928,7.2034328227621245,341.0713768611602,11.6,232.0,3.413181636550249
10:31:56,2025-06-07,-1.011297,54.338945,5.535921944524364,340.2639224035885,11.6,232.0,1.9005449752178327
10:31:57,2025-06-07,-1.011305,54.338958,6.382695652116246,331.57125048998046,11.6,232.0,4.453917496256242
10:31:58,2025-06-07,-1.011318,54.338972,5.569391847424708,329.75830613378116,11.6,232.0,4.003454788171249
10:31:59,2025-06-07,-1.01133,54.338984,6.450774929703653,338.7609431353018,11.6,232.0,3.105576754747771
10:32:00,2025-06-07,-1.01134,54.338999,4.626400464253724,342.3596720613826,11.6,232.0,0.59061836276745
10:32:01,2025-06-07,-1.011346,54.33901,3.1372010103234755,333.44851589615246,11.6,232.0,0.8347480295999068
10:32:02,2025-06-07,-1.011352,54.339017,4.063943505976361,332.6062903842666,11.6,232.0,1.928856044410554
10:32:03,2025-06-07,-1.01136,54.339026,4.789438237858014,337.0234874895467,11.6,232.0,1.7825443630555422
10:32:04,2025-06-07,-1.011368,54.339037,5.9145581661986775,341.5752400529708,11.6,232.0,2.0280427168900577
10:32:05,2025-06-07,-1.011376,54.339051,8.843797175842164,4.54535560362433,11.6,232.0,1.000183090767357
10:32:06,2025-06-07,-1.011373,54.339073,8.828285059524788,3.0337700289668987,11.6,232.0,1.2128416816256964
10:32:07,2025-06-07,-1.011371,54.339095,8.843797182199392,4.545350760005306,11.6,232.0,1.0001838195964803
10:32:08,2025-06-07,-1.011368,54.339117,8.46709611912367,6.33645110107625,11.6,232.0,0.3601987615447211
10:32:09,2025-06-07,-1.011364,54.339138,6.479579768887147,351.7077249547871,11.6,232.0,0.7309007446589497
10:32:10,2025-06-07,-1.011368,54.339154,6.38268891157971,331.57136485920665,11.6,232.0,4.453887923063491
10:32:11,2025-06-07,-1.011381,54.339168,7.307771674748079,320.21122762651396,11.6,232.0,7.66986446974478
10:32:12,2025-06-07,-1.011401,54.339182,7.492695480187948,314.11343776061733,11.6,232.0,9.084357405467902
10:32:13,2025-06-07,-1.011424,54.339195,9.325838614407155,324.78865685913297,11.6,232.0,8.761475065953704
10:32:14,2025-06-07,-1.011447,54.339214,9.89628322892975,320.3598743000508,11.6,232.0,10.228294767407721
10:32:15,2025-06-07,-1.011474,54.339233,8.894567227424899,312.58041868684694,11.6,232.0,10.79305944270522
10:32:16,2025-06-07,-1.011502,54.339248,8.681813065151161,317.6691962718111,11.6,232.0,9.557785082670877
10:32:17,2025-06-07,-1.011527,54.339264,8.599842580787133,327.0664365585807,11.6,232.0,7.575437205655444
10:32:18,2025-06-07,-1.011547,54.339282,7.765822385595416,320.7794457419611,11.6,232.0,8.012914905807978
10:32:19,2025-06-07,-1.011568,54.339297,8.841374759728536,316.5487554885806,11.6,232.0,9.943359583373862
10:32:20,2025-06-07,-1.011594,54.339313,8.8945578991358,312.58047424675993,11.6,232.0,10.793039017527988
10:32:21,2025-06-07,-1.011622,54.339328,8.555230151334976,314.70064470978775,11.6,232.0,10.029050142230844
10:32:22,2025-06-07,-1.011648,54.339343,8.390222399793325,315.8241262868895,11.6,232.0,9.638158820600173
10:32:23,2025-06-07,-1.011673,54.339358,6.779778052975708,310.6183046851863,11.6,232.0,9.068970264650332
10:32:24,2025-06-07,-1.011695,54.339369,6.550962656382451,317.29125262643356,11.6,232.0,7.503214367742637
10:32:25,2025-06-07,-1.011714,54.339381,7.803828186432537,325.3054594288578,11.6,232.0,7.134982003432118
10:32:26,2025-06-07,-1.011733,54.339397,6.878783516913143,324.7050466754934,11.6,232.0,6.331328084260133
10:32:27,2025-06-07,-1.01175,54.339411,6.431173236086753,313.33253395928506,11.6,232.0,8.179287489903638
10:32:28,2025-06-07,-1.01177,54.339422,7.575550020368622,309.46643628493143,11.6,232.0,10.092883285461603
10:32:29,2025-06-07,-1.011795,54.339434,9.618465882636642,315.15804488993524,11.6,232.0,11.000385949719256
10:32:30,2025-06-07,-1.011824,54.339451,9.748344815661516,321.41838659746924,11.6,232.0,9.866095192023854
10:32:31,2025-06-07,-1.01185,54.33947,9.438688502215784,319.89980202210563,11.6,232.0,9.863795578536607
10:32:32,2025-06-07,-1.011876,54.339488,9.954586283946401,313.24860900856817,11.6,232.0,11.719495903237839
10:32:33,2025-06-07,-1.011907,54.339505,12.077670134931445,314.23249270470905,11.6,232.0,13.645452972614965
10:32:34,2025-06-07,-1.011944,54.339526,11.020994764770947,308.2424080413796,11.6,232.0,13.77964409697851
10:32:35,2025-06-07,-1.011981,54.339543,12.197235968213679,316.34955095121603,11.6,232.0,13.339362242084555
10:32:36,2025-06-07,-1.012017,54.339565,11.132620779555511,316.1120412206637,11.6,232.0,12.322589249897804
10:32:37,2025-06-07,-1.01205,54.339585,12.333118860122163,318.42239532269997,11.6,232.0,13.056963661609535
10:32:38,2025-06-07,-1.012085,54.339608,14.008133583350812,320.6314912795498,11.6,232.0,14.285173043076167
10:32:39,2025-06-07,-1.012123,54.339635,16.159884673273204,322.5782445101902,11.6,232.0,16.04281632182963
10:32:40,2025-06-07,-1.012165,54.339667,17.402516044596553,323.7627991738483,11.6,232.0,17.04567921121575
10:32:41,2025-06-07,-1.012209,54.339702,17.97283606632298,321.3572352605212,11.6,232.0,18.10296632459321
10:32:42,2025-06-07,-1.012257,54.339737,19.249764707681624,324.3401688078373,11.6,232.0,18.776110076701855
10:32:43,2025-06-07,-1.012305,54.339776,20.5723720434681,326.9453489534996,11.6,232.0,19.572388334008185
10:32:44,2025-06-07,-1.012353,54.339819,21.004210039114973,329.2079766703981,11.6,232.0,19.548742335889017
10:32:45,2025-06-07,-1.012399,54.339864,21.35614036612078,331.9263067529554,11.6,232.0,19.35651630359931
10:32:46,2025-06-07,-1.012442,54.339911,22.62432846547189,330.2703000336376,11.6,232.0,20.95574677864939
10:32:47,2025-06-07,-1.01249,54.33996,22.434159882207684,323.55659467446213,11.6,232.0,22.119053302683632
10:32:48,2025-06-07,-1.012547,54.340005,24.35747000788315,319.2456832465601,11.6,232.0,24.91488925278584
10:32:49,2025-06-07,-1.012615,54.340051,28.406311278187243,314.9224000727075,11.6,232.0,29.83558799593127
10:32:50,2025-06-07,-1.012701,54.340101,29.183792955234292,308.22610857255177,11.6,232.0,31.945647462770452
10:32:51,2025-06-07,-1.012799,54.340146,30.535267935674717,301.72207008196756,11.6,232.0,34.55553045548609
10:32:52,2025-06-07,-1.01291,54.340186,30.98494287608882,296.96660286609733,11.6,232.0,35.893441900417045
10:32:53,2025-06-07,-1.013028,54.340221,31.403204271589285,296.57935254270956,11.6,232.0,36.382627660461665
10:32:54,2025-06-07,-1.013148,54.340256,31.562323221094285,298.0730640838478,11.6,232.0,36.26695089791653
10:32:55,2025-06-07,-1.013267,54.340293,31.226249852084027,295.92059915586026,11.6,232.0,36.32579869751757
10:32:56,2025-06-07,-1.013387,54.340327,32.66612657826424,295.47728484421253,11.6,232.0,37.84613648971737
10:32:57,2025-06-07,-1.013513,54.340362,32.24380454868738,295.83508972488863,11.6,232.0,37.358897176035214
10:32:58,2025-06-07,-1.013637,54.340397,32.99210058506386,297.5407061919396,11.6,232.0,37.79504172076534
10:32:59,2025-06-07,-1.013762,54.340435,32.78454342439104,297.72983854410825,11.6,232.0,37.55260349732492
10:33:00,2025-06-07,-1.013886,54.340473,31.958065344751315,298.5107753857692,11.6,232.0,36.581553836212706
10:33:01,2025-06-07,-1.014006,54.340511,31.75238456824009,298.71235998471053,11.6,232.0,36.338413989212206
10:33:02,2025-06-07,-1.014125,54.340549,28.952009471365965,297.2308334313006,11.6,232.0,33.811986139996684
10:33:03,2025-06-07,-1.014235,54.340582,27.728079077617387,297.5996435305211,11.6,232.0,32.52015618768088
10:33:04,2025-06-07,-1.01434,54.340614,27.09445456651176,299.2692269229552,11.6,232.0,31.57671166514774
10:33:05,2025-06-07,-1.014441,54.340647,24.87319150444694,298.95776871837273,11.6,232.0,29.41354174299793
10:33:06,2025-06-07,-1.014534,54.340677,24.31493993146089,296.473841776509,11.6,232.0,29.313648177343154
10:33:07,2025-06-07,-1.014627,54.340704,23.065298463163817,298.0289441837988,11.6,232.0,27.778089556391475
10:33:08,2025-06-07,-1.014714,54.340731,23.05086774583002,301.4930552601597,11.6,232.0,27.11459031794012
10:33:09,2025-06-07,-1.014798,54.340761,21.83452516718343,299.76058463826206,11.6,232.0,26.224865669528544
10:33:10,2025-06-07,-1.014879,54.340788,22.257097654648415,302.7518236568786,11.6,232.0,26.081160566614777
10:33:11,2025-06-07,-1.014959,54.340818,21.227236694509628,300.70120454499926,11.6,232.0,25.44072375552141
10:33:12,2025-06-07,-1.015037,54.340845,20.62600410928486,301.69685434868836,11.6,232.0,24.65105496811806
10:33:13,2025-06-07,-1.015112,54.340872,20.418644884352684,300.7384852840733,11.6,232.0,24.625098785549778
10:33:14,2025-06-07,-1.015187,54.340898,20.62034687488804,300.40616883035597,11.6,232.0,24.889430435304785
10:33:15,2025-06-07,-1.015263,54.340924,20.456746078357476,296.831115597224,11.6,232.0,25.39008507709818
10:33:16,2025-06-07,-1.015341,54.340947,21.473491464890426,296.65956855925816,11.6,232.0,26.438241972518753
10:33:17,2025-06-07,-1.015423,54.340971,22.447256790020905,298.8711955335827,11.6,232.0,27.003730890507377
10:33:18,2025-06-07,-1.015507,54.340998,22.442433833601985,301.2435581005904,11.6,232.0,26.553429466059495
10:33:19,2025-06-07,-1.015589,54.341027,22.858640688240293,298.30477449689795,11.6,232.0,27.520349768821106
10:33:20,2025-06-07,-1.015675,54.341054,23.2558098784195,298.902177097826,11.6,232.0,27.806514996825346
10:33:21,2025-06-07,-1.015762,54.341082,24.89706311589001,303.2375311932168,11.6,232.0,28.628151266963908
10:33:22,2025-06-07,-1.015851,54.341116,23.479707122451924,297.49245754720755,11.6,232.0,28.29153823498106
10:33:23,2025-06-07,-1.01594,54.341143,24.461456694021756,300.57703716247977,11.6,232.0,28.69835554437711
10:33:24,2025-06-07,-1.01603,54.341174,25.290260214344357,302.65647977955985,11.6,232.0,29.132541916985343
10:33:25,2025-06-07,-1.016121,54.341208,25.093305654949187,302.94478294947027,11.6,232.0,28.880464579834097
10:33:26,2025-06-07,-1.016211,54.341242,24.6633988932091,300.30056345453806,11.6,232.0,28.95235528566228
10:33:27,2025-06-07,-1.016302,54.341273,25.704222178367687,303.1283529468215,11.6,232.0,29.45623296872345
10:33:28,2025-06-07,-1.016394,54.341308,24.506371625560963,303.8373480575678,11.6,232.0,28.12227277316708
10:33:29,2025-06-07,-1.016481,54.341342,24.538897403186265,304.91998307143047,11.6,232.0,27.94589808178727
10:33:30,2025-06-07,-1.016567,54.341377,23.161954285342706,306.0937674898442,11.6,232.0,26.341094750430557
10:33:31,2025-06-07,-1.016647,54.341411,22.22588613796829,307.87040628755636,11.6,232.0,25.0576308755228
10:33:32,2025-06-07,-1.016722,54.341445,21.571389906433048,310.6197698292994,11.6,232.0,23.860291320382757
10:33:33,2025-06-07,-1.016792,54.34148,23.49203023813983,315.82564255649277,11.6,232.0,24.739661458916085
10:33:34,2025-06-07,-1.016862,54.341522,24.270180594154713,315.29769569683447,11.6,232.0,25.624024482404778
10:33:35,2025-06-07,-1.016935,54.341565,24.0552448638946,318.6230516977842,11.6,232.0,24.738539951470358
10:33:36,2025-06-07,-1.017003,54.34161,25.879145795597122,319.41729795332304,11.6,232.0,26.401857926772145
10:33:37,2025-06-07,-1.017075,54.341659,26.864994253051456,323.718176550952,11.6,232.0,26.517187467088863
10:33:38,2025-06-07,-1.017143,54.341713,28.04042159703487,326.0434229191963,11.6,232.0,27.222476824288435
10:33:39,2025-06-07,-1.01721,54.341771,29.382675349039364,327.79071737474897,11.6,232.0,28.212292039723653
10:33:40,2025-06-07,-1.017277,54.341833,30.527386761915704,328.6229774100722,11.6,232.0,29.18949478826843
10:33:41,2025-06-07,-1.017345,54.341898,31.692332152929197,332.31618372635205,11.6,232.0,29.615002813489262
10:33:42,2025-06-07,-1.017408,54.341968,32.328733311567184,336.5743629923223,11.6,232.0,29.409751867703534
10:33:43,2025-06-07,-1.017463,54.342042,33.9705134318318,340.7218793132135,11.6,232.0,30.247207205874826
10:33:44,2025-06-07,-1.017511,54.342122,34.96014571652895,342.09556244292196,11.6,232.0,30.974536972150563
10:33:45,2025-06-07,-1.017557,54.342205,36.87146452473545,343.0530016303032,11.6,232.0,32.70438019860435
10:33:46,2025-06-07,-1.017603,54.342293,37.76822233164538,344.941203921804,11.6,232.0,33.246701083312544
10:33:47,2025-06-07,-1.017645,54.342384,37.4863632396878,349.587907903779,11.6,232.0,32.11429890590148
10:33:48,2025-06-07,-1.017674,54.342476,37.589988119698845,352.5012056495886,11.6,232.0,31.7023327924623
10:33:49,2025-06-07,-1.017695,54.342569,38.84428327287235,352.0493938895993,11.6,232.0,33.03562500399917
10:33:50,2025-06-07,-1.017718,54.342665,37.29209728902089,351.3532770913764,11.6,232.0,31.605856830550817
10:33:51,2025-06-07,-1.017742,54.342757,36.213534224175866,354.8186702233158,11.6,232.0,29.92654202751052
10:33:52,2025-06-07,-1.017756,54.342847,32.49974802119817,357.11605472278256,11.6,232.0,25.827028037225546
10:33:53,2025-06-07,-1.017763,54.342928,30.899009463116165,356.9665179749004,11.6,232.0,24.251076731583957
10:33:54,2025-06-07,-1.01777,54.343005,26.94449031754609,349.00387148376353,11.6,232.0,21.677502149551717
10:33:55,2025-06-07,-1.017792,54.343071,23.786830373444243,331.2200443196937,11.6,232.0,21.92820277583772
10:33:56,2025-06-07,-1.017841,54.343123,21.252289773010975,303.2083216921558,11.6,232.0,24.988976888549548
10:33:57,2025-06-07,-1.017917,54.343152,19.436673386145916,268.8159927594594,11.6,232.0,28.723217369681986
10:33:58,2025-06-07,-1.018,54.343151,19.895115502936438,244.92719250997123,11.6,232.0,31.201115012926643
10:33:59,2025-06-07,-1.018077,54.34313,20.586380219684354,223.86208017116974,11.6,232.0,32.069570410017604
10:34:00,2025-06-07,-1.018138,54.343093,22.300018849951734,212.31508088382498,11.6,232.0,33.222106027042926
10:34:01,2025-06-07,-1.018189,54.343046,24.276151638971704,206.90171370637185,11.6,232.0,34.780896880444516
10:34:02,2025-06-07,-1.018236,54.342992,24.364686077584768,209.2895972568809,11.6,232.0,35.06531497423988
10:34:03,2025-06-07,-1.018287,54.342939,23.27817308203829,214.21918253528125,11.6,232.0,34.32406063589147
10:34:04,2025-06-07,-1.018343,54.342891,23.63654744439111,217.11019825934477,11.6,232.0,34.84704069446029
10:34:05,2025-06-07,-1.018404,54.342844,25.593617148238955,213.85864271987217,11.6,232.0,36.61699543184804
10:34:06,2025-06-07,-1.018465,54.342791,21.47922391657715,218.34845573284318,11.6,232.0,32.75151312178893
10:34:07,2025-06-07,-1.018522,54.342749,22.858449783945822,217.8560647383369,11.6,232.0,34.10679488516976
10:34:08,2025-06-07,-1.018582,54.342704,21.62496379014431,222.09944371178767,11.6,232.0,33.05221260946788
10:34:09,2025-06-07,-1.018644,54.342664,21.32964731135183,222.82190594787488,11.6,232.0,32.781136228504515
10:34:10,2025-06-07,-1.018706,54.342625,18.325470662215167,215.93209038314768,11.6,232.0,29.472308804775096
10:34:11,2025-06-07,-1.018752,54.342588,16.363068262851545,210.94662308195748,11.6,232.0,27.18872377431788
10:34:12,2025-06-07,-1.018788,54.342553,16.802520317123047,215.7576808344766,11.6,232.0,27.939533675443364
10:34:13,2025-06-07,-1.01883,54.342519,17.36722476840699,218.26221678108752,11.6,232.0,28.635380411399055
10:34:14,2025-06-07,-1.018876,54.342485,17.811333747901315,220.03424817276658,11.6,232.0,29.159285512190614
10:34:15,2025-06-07,-1.018925,54.342451,18.119703634153762,219.21843619596282,11.6,232.0,29.432262501312234
10:34:16,2025-06-07,-1.018974,54.342416,20.44502792123572,212.50396823083784,11.6,232.0,31.37993737239234
10:34:17,2025-06-07,-1.019021,54.342373,19.147548244335884,210.84392739926778,11.6,232.0,29.965717253965785
10:34:18,2025-06-07,-1.019063,54.342332,18.38479307478346,214.0187654396715,11.6,232.0,29.418222094701225
10:34:19,2025-06-07,-1.019107,54.342294,17.636055573565194,210.23971486037624,11.6,232.0,28.409474597542907
10:34:20,2025-06-07,-1.019145,54.342256,14.85141836685931,210.23973365547698,11.6,232.0,25.62483880152423
10:34:21,2025-06-07,-1.019177,54.342224,20.303596380357092,209.6699314512349,11.6,232.0,31.033717649383725
10:34:22,2025-06-07,-1.01922,54.34218,17.07297399025829,212.27333139501772,11.6,232.0,27.992211056257815
10:34:23,2025-06-07,-1.019259,54.342144,17.29126152087914,210.90894003711023,11.6,232.0,28.11417398148766
10:34:24,2025-06-07,-1.019297,54.342107,16.484943584321183,211.64369995058289,11.6,232.0,27.360495460618793
10:34:25,2025-06-07,-1.019334,54.342072,17.66295424076028,212.861105838702,11.6,232.0,28.62178243816917
10:34:26,2025-06-07,-1.019375,54.342035,16.48495140678248,211.64374476763678,11.6,232.0,27.36050643938566
10:34:27,2025-06-07,-1.019412,54.342,18.447293774050316,209.6127205295155,11.6,232.0,29.17300889891174
10:34:28,2025-06-07,-1.019451,54.34196,18.573559832357226,207.7476963901747,11.6,232.0,29.14980797632122
10:34:29,2025-06-07,-1.019488,54.341919,17.896762545506288,206.3586646034231,11.6,232.0,28.354401138154984
10:34:30,2025-06-07,-1.019522,54.341879,18.590269532177473,212.73038375918995,11.6,232.0,29.540392170849426
10:34:31,2025-06-07,-1.019565,54.34184,18.054357305488526,214.7311037372255,11.6,232.0,29.1314535786681
10:34:32,2025-06-07,-1.019609,54.341803,17.972487446111202,218.64139931781176,11.6,232.0,29.25862711294809
10:34:33,2025-06-07,-1.019657,54.341768,16.138297830901404,219.60477739084874,11.6,232.0,27.467903916909464
10:34:34,2025-06-07,-1.019701,54.341737,15.680571589377116,219.8808405851414,11.6,232.0,27.022043395324097
10:34:35,2025-06-07,-1.019744,54.341707,14.779230991402265,218.09530553771768,11.6,232.0,26.039313819410047
10:34:36,2025-06-07,-1.019783,54.341678,14.175342296073529,217.60806386652814,11.6,232.0,25.41131286396424
10:34:37,2025-06-07,-1.01982,54.34165,12.795784257809377,218.40786025617726,11.6,232.0,24.07090595729391
10:34:38,2025-06-07,-1.019854,54.341625,11.731450951916901,218.15733173418997,11.6,232.0,22.994544894524374
10:34:39,2025-06-07,-1.019885,54.341602,11.63920353424604,214.2200299460159,11.6,232.0,22.685143478888335
10:34:40,2025-06-07,-1.019913,54.341578,12.066826716456566,210.24014055713968,11.6,232.0,22.840277691294485
10:34:41,2025-06-07,-1.019939,54.341552,12.309706977185947,212.12039933960912,11.6,232.0,23.218454331279453
10:34:42,2025-06-07,-1.019967,54.341526,11.508958477823729,213.25774448523077,11.6,232.0,22.49385187564596
10:34:43,2025-06-07,-1.019994,54.341502,12.186627701636636,211.18964525385564,11.6,232.0,23.02986092337435
10:34:44,2025-06-07,-1.020021,54.341476,11.508962625588863,213.25777643642127,11.6,232.0,22.493858101902685
10:34:45,2025-06-07,-1.020048,54.341452,11.722588885888923,211.2272650397949,11.6,232.0,22.568525705546968
10:34:46,2025-06-07,-1.020074,54.341427,13.363182199014982,212.83875499464386,11.6,232.0,24.3205259628135
10:34:47,2025-06-07,-1.020105,54.341399,14.042851146017542,211.06419710060788,11.6,232.0,24.877035084965975
10:34:48,2025-06-07,-1.020136,54.341369,13.160422161327888,214.64097707665442,11.6,232.0,24.232088026763513
10:34:49,2025-06-07,-1.020168,54.341342,13.111920953484566,217.31923457790657,11.6,232.0,24.333214437060068
10:34:50,2025-06-07,-1.020202,54.341316,11.533319421379709,228.6238578343807,11.6,232.0,23.113186883890563
10:34:51,2025-06-07,-1.020239,54.341297,12.007503378166133,233.01659256080072,11.6,232.0,23.605677527770396
10:34:52,2025-06-07,-1.02028,54.341279,11.525327135701826,238.5066696678101,11.6,232.0,23.05060772189101
10:34:53,2025-06-07,-1.020322,54.341264,11.491644238866478,249.54893704559515,11.6,232.0,22.55177752798692
10:34:54,2025-06-07,-1.020368,54.341254,11.035442496471962,257.38798208850534,11.6,232.0,21.51517531581395
10:34:55,2025-06-07,-1.020414,54.341248,11.479749641619561,272.0050141777041,11.6,232.0,20.365212614629478
10:34:56,2025-06-07,-1.020463,54.341249,11.91222007673756,285.64568634566393,11.6,232.0,18.78843204823433
10:34:57,2025-06-07,-1.020512,54.341257,11.369062179069175,295.0718522012739,11.6,232.0,16.622386306932874
10:34:58,2025-06-07,-1.020556,54.341269,11.525326121655823,301.49336756190246,11.6,232.0,15.588989472437087
10:34:59,2025-06-07,-1.020598,54.341284,11.335805565414239,297.411635285111,11.6,232.0,16.162520806038096
10:35:00,2025-06-07,-1.020641,54.341297,12.069836863296727,309.17362342895944,11.6,232.0,14.645006609841605
10:35:01,2025-06-07,-1.020681,54.341316,10.737337601573673,304.10314175346315,11.6,232.0,14.302069078490018
10:35:02,2025-06-07,-1.020719,54.341331,11.392473861829279,306.78686047334736,11.6,232.0,14.436435395601087
10:35:03,2025-06-07,-1.020758,54.341348,11.4537083290879,309.0958496660078,11.6,232.0,14.044228729752177
10:35:04,2025-06-07,-1.020796,54.341366,11.185843744320394,312.96020107946697,11.6,232.0,13.00844151526611
10:35:05,2025-06-07,-1.020831,54.341385,10.519055245085834,316.4346193811287,11.6,232.0,11.644041149776966
10:35:06,2025-06-07,-1.020862,54.341404,9.89607072004714,320.36137379339146,11.6,232.0,10.227778798072833
10:35:07,2025-06-07,-1.020889,54.341423,10.04725240876195,319.3344713068009,11.6,232.0,10.586715887586136
10:35:08,2025-06-07,-1.020917,54.341442,10.504022616815094,319.79275557004615,11.6,232.0,10.950786811790179
10:35:09,2025-06-07,-1.020946,54.341462,11.27196994652601,321.51755137970787,11.6,232.0,11.369644468292227
10:35:10,2025-06-07,-1.020976,54.341484,9.896062953276184,320.36142857560895,11.6,232.0,10.227759944728499
10:35:11,2025-06-07,-1.021003,54.341503,9.655597990562187,326.1622842998647,11.6,232.0,8.81365043364396
10:35:12,2025-06-07,-1.021026,54.341523,10.45445162804971,327.54576892892146,11.6,232.0,9.333417620052268
10:35:13,2025-06-07,-1.02105,54.341545,9.655594972818953,326.16231137959915,11.6,232.0,8.813641947847007
10:35:14,2025-06-07,-1.021073,54.341565,10.33795006243863,333.11889314702745,11.6,232.0,8.10094185672415
10:35:15,2025-06-07,-1.021093,54.341588,10.77977858686197,338.3762870448991,11.6,232.0,7.509223521087215
10:35:16,2025-06-07,-1.02111,54.341613,10.85424819926296,343.7498935712773,11.6,232.0,6.555801937556494
10:35:17,2025-06-07,-1.021123,54.341639,10.695538647761975,339.5400422269237,11.6,232.0,7.1996205600551875
10:35:18,2025-06-07,-1.021139,54.341664,10.540653096618572,341.9206203221839,11.6,232.0,6.588325099093713
10:35:19,2025-06-07,-1.021153,54.341689,8.674959593301075,345.9726190637416,11.6,232.0,3.961879306756254
10:35:20,2025-06-07,-1.021162,54.34171,9.898202461061395,346.34749818307534,11.6,232.0,5.1158731274179505
10:35:21,2025-06-07,-1.021172,54.341734,10.287987686352963,346.8743276605333,11.6,232.0,5.408687171113167
10:35:22,2025-06-07,-1.021182,54.341759,11.069901398061177,347.8164600623767,11.6,232.0,6.0182205643821645
10:35:23,2025-06-07,-1.021192,54.341786,10.540650276777423,341.92067048454896,11.6,232.0,6.588312731137732
10:35:24,2025-06-07,-1.021206,54.341811,10.540649693041644,341.9206807598749,11.6,232.0,6.5883101915537114
10:35:25,2025-06-07,-1.02122,54.341836,9.326509675557379,340.9927513577598,11.6,232.0,5.5513067070334685
10:35:26,2025-06-07,-1.021233,54.341858,9.719360549607261,351.7082675630752,11.6,232.0,3.970586109032337
10:35:27,2025-06-07,-1.021239,54.341882,10.513024876106073,352.3382121410866,11.6,232.0,4.653826202222456
10:35:28,2025-06-07,-1.021245,54.341908,9.569661881609221,344.4214973397776,11.6,232.0,5.145221913857292
10:35:29,2025-06-07,-1.021256,54.341931,11.239446879595489,344.3217443662143,11.6,232.0,6.833682672178195
10:35:30,2025-06-07,-1.021269,54.341958,9.635312231221139,343.0830841139989,11.6,232.0,5.462544580665528
10:35:31,2025-06-07,-1.021281,54.341981,10.546863382178476,351.08036666431684,11.6,232.0,4.9088464835443
10:35:32,2025-06-07,-1.021288,54.342007,9.290631090881043,352.7775629891014,11.6,232.0,3.354836187734527
10:35:33,2025-06-07,-1.021293,54.34203,10.942893428708693,351.40570819848347,11.6,232.0,5.247403078018211
10:35:34,2025-06-07,-1.0213,54.342057,10.980400234179005,350.2003157852222,11.6,232.0,5.498755017138367
10:35:35,2025-06-07,-1.021308,54.342084,9.404984612189008,348.5379174456509,11.6,232.0,4.222220973619209
10:35:36,2025-06-07,-1.021316,54.342107,11.17831109301289,345.474838683341,11.6,232.0,6.557493948559516
10:35:37,2025-06-07,-1.021328,54.342134,10.922205738032742,342.5733106495745,11.6,232.0,6.845901035948708
10:35:38,2025-06-07,-1.021342,54.34216,9.361167328039766,349.9394140483928,11.6,232.0,3.9261305855007755
10:35:39,2025-06-07,-1.021349,54.342183,10.859922137343311,355.06407496326295,11.6,232.0,4.531233629055766
10:35:40,2025-06-07,-1.021353,54.34221,10.980399312860854,350.20035154868157,11.6,232.0,5.4987477146696335
10:35:41,2025-06-07,-1.021361,54.342237,11.178309090917203,345.47488267554536,11.6,232.0,6.5574837770354
10:35:42,2025-06-07,-1.021373,54.342264,10.854235799425444,343.75013733449947,11.6,232.0,6.5557436992434654
10:35:43,2025-06-07,-1.021386,54.34229,9.70616129170615,341.7635393432407,11.6,232.0,5.783747566787259
10:35:44,2025-06-07,-1.021399,54.342313,11.02275173506758,349.0036805099217,11.6,232.0,5.755798015987666
10:35:45,2025-06-07,-1.021408,54.34234,10.980398540468,350.20038194227607,11.6,232.0,5.498741519254328
10:35:46,2025-06-07,-1.021416,54.342367,10.585771272676162,349.8312039369632,11.6,232.0,5.170098713476808
10:35:47,2025-06-07,-1.021424,54.342393,9.782105835486213,340.46363816411696,11.6,232.0,6.108353885126439
10:35:48,2025-06-07,-1.021438,54.342416,9.863026284373174,339.1843004237748,11.6,232.0,6.435849392356894
10:35:49,2025-06-07,-1.021453,54.342439,11.022750727545803,349.00371339519813,11.6,232.0,5.755791076434254
10:35:50,2025-06-07,-1.021462,54.342466,10.58577064470254,349.8312279171984,11.6,232.0,5.170093792101169
10:35:51,2025-06-07,-1.02147,54.342492,10.910281901863351,352.6189022120325,11.6,232.0,5.0021078202685105
10:35:52,2025-06-07,-1.021476,54.342519,10.513023071272755,352.3383294546949,11.6,232.0,4.653803898802758
10:35:53,2025-06-07,-1.021482,54.342545,9.898192539210996,346.3477651089862,11.6,232.0,5.115813970620119
10:35:54,2025-06-07,-1.021492,54.342569,11.069893095190423,347.8166929684035,11.6,232.0,6.018169814059416
10:35:55,2025-06-07,-1.021502,54.342596,10.629694732356768,348.5917144489182,11.6,232.0,5.4371892915249775
10:35:56,2025-06-07,-1.021511,54.342622,9.706154084005028,341.7636768892073,11.6,232.0,5.783714152103557
10:35:57,2025-06-07,-1.021524,54.342645,11.121765503588275,346.64018635598666,11.6,232.0,6.2855119048947525
10:35:58,2025-06-07,-1.021535,54.342672,10.513022638691279,352.3383576310249,11.6,232.0,4.653798542883619
10:35:59,2025-06-07,-1.021541,54.342698,9.361164397091885,349.9395430321694,11.6,232.0,3.926104584479254
10:36:00,2025-06-07,-1.021548,54.342721,11.022748469890823,349.00378699043733,11.6,232.0,5.755775543261238
10:36:01,2025-06-07,-1.021557,54.342748,10.585768860167525,349.8312962212483,11.6,232.0,5.170079778469222
10:36:02,2025-06-07,-1.021565,54.342774,9.797998271147856,349.0038000283513,11.6,232.0,4.531022992667835
10:36:03,2025-06-07,-1.021573,54.342798,10.942890229194456,351.4058663669033,11.6,232.0,5.2473719816542035
10:36:04,2025-06-07,-1.02158,54.342825,10.732335294064699,346.1458562210451,11.6,232.0,5.987228748582857
10:36:05,2025-06-07,-1.021591,54.342851,11.178299641160429,345.4750904503993,11.6,232.0,6.557435743165761
10:36:06,2025-06-07,-1.021603,54.342878,11.239429583476497,344.32208779769957,11.6,232.0,6.833601055844931
10:36:07,2025-06-07,-1.021616,54.342905,12.524104092525784,343.75037891351695,11.6,232.0,8.225566564674006
10:36:08,2025-06-07,-1.021631,54.342935,11.461858542862842,348.23958008691335,11.6,232.0,6.3332018610001946
10:36:09,2025-06-07,-1.021641,54.342963,12.132829414905268,352.25431105725465,11.6,232.0,6.288297334434947
10:36:10,2025-06-07,-1.021648,54.342993,12.562762433642654,351.44492412792397,11.6,232.0,6.860356728736566
10:36:11,2025-06-07,-1.021656,54.343024,12.400944942822694,345.82345600744173,11.6,232.0,7.715474881344716
10:36:12,2025-06-07,-1.021669,54.343054,12.294399980871706,347.93507816718204,11.6,232.0,7.221111650284306
10:36:13,2025-06-07,-1.02168,54.343084,14.403161312489098,346.8747469614245,11.6,232.0,9.523783781589355
10:36:14,2025-06-07,-1.021694,54.343119,12.686507350733448,348.31341201745033,11.6,232.0,7.544447383121668
10:36:15,2025-06-07,-1.021705,54.34315,13.865786498484578,349.31976712612624,11.6,232.0,8.54189572221366
10:36:16,2025-06-07,-1.021716,54.343184,12.294398535558456,347.9351152115479,11.6,232.0,7.221103460353821
10:36:17,2025-06-07,-1.021727,54.343214,12.736098063009214,347.28419625112593,11.6,232.0,7.781639737379214
10:36:18,2025-06-07,-1.021739,54.343245,13.56954157514743,347.0669274674926,11.6,232.0,8.654892602978602
10:36:19,2025-06-07,-1.021752,54.343278,11.178293068384557,345.47523495505357,11.6,232.0,6.557402335687136
10:36:20,2025-06-07,-1.021764,54.343305,13.127243974727863,347.6692489412511,11.6,232.0,8.102409246502837
10:36:21,2025-06-07,-1.021776,54.343337,14.069852109500756,345.5775869940247,11.6,232.0,9.42996186318544
10:36:22,2025-06-07,-1.021791,54.343371,12.524093858698023,343.7505534075615,11.6,232.0,8.225523518202017
10:36:23,2025-06-07,-1.021806,54.343401,12.909226421117461,344.2483266285456,11.6,232.0,8.517216023497792
10:36:24,2025-06-07,-1.021821,54.343432,12.400938342685711,345.8235910425411,11.6,232.0,7.7154432716915675
10:36:25,2025-06-07,-1.021834,54.343462,12.204899648964378,350.080571451677,11.6,232.0,6.74463195936933
10:36:26,2025-06-07,-1.021843,54.343492,12.686503374171773,348.3135151431538,11.6,232.0,7.544424691313608
10:36:27,2025-06-07,-1.021854,54.343523,12.736094038360553,347.284288732076,11.6,232.0,7.781618782917403
10:36:28,2025-06-07,-1.021866,54.343554,12.789778717864307,346.26333961795393,11.6,232.0,8.02297774731501
10:36:29,2025-06-07,-1.021879,54.343585,12.294394069660843,347.93522945673834,11.6,232.0,7.22107819400335
10:36:30,2025-06-07,-1.02189,54.343615,12.641053624337676,349.35048698302717,11.6,232.0,7.3116378549481515
10:36:31,2025-06-07,-1.0219,54.343646,13.865781850549705,349.31989303434807,11.6,232.0,8.541868426450424
10:36:32,2025-06-07,-1.021911,54.34368,12.736091991514602,347.2843357190382,11.6,232.0,7.781608134515852
10:36:33,2025-06-07,-1.021923,54.343711,13.960335162035888,347.43519769416633,11.6,232.0,8.978251330916013
10:36:34,2025-06-07,-1.021936,54.343745,14.351682170078236,347.78326902673666,11.6,232.0,9.306051302704525
10:36:35,2025-06-07,-1.021949,54.34378,14.403150295498401,346.87496150338467,11.6,232.0,9.523733358414166
10:36:36,2025-06-07,-1.021963,54.343815,15.528592732869841,348.7220343462159,11.6,232.0,10.312507374376894
10:36:37,2025-06-07,-1.021976,54.343853,15.135847415065935,348.42535641541593,11.6,232.0,9.973481603274454
10:36:38,2025-06-07,-1.021989,54.34389,14.351680227062756,347.78331082558054,11.6,232.0,9.306041739651011
10:36:39,2025-06-07,-1.022002,54.343925,15.576171275397794,347.87930595740414,11.6,232.0,10.51303971860327
10:36:40,2025-06-07,-1.022016,54.343963,14.45822393651672,345.97336913845857,11.6,232.0,9.745004890982813
10:36:41,2025-06-07,-1.022031,54.343998,15.528590531672112,348.7220832693434,11.6,232.0,10.312496326149695
10:36:42,2025-06-07,-1.022044,54.344036,15.135845142402653,348.42540655381936,11.6,232.0,9.973470240303595
10:36:43,2025-06-07,-1.022057,54.344073,14.743528997318458,348.1129290063476,11.6,232.0,9.637884094984472
10:36:44,2025-06-07,-1.02207,54.344109,15.23690588394782,346.7039592321061,11.6,232.0,10.388919598371665
10:36:45,2025-06-07,-1.022085,54.344146,14.193953685047424,343.7508451670269,11.6,232.0,9.89532848087957
10:36:46,2025-06-07,-1.022102,54.34418,15.620589006991214,341.6935510853861,11.6,232.0,11.711513251510507
10:36:47,2025-06-07,-1.022123,54.344217,13.235349989456495,345.69311328575725,11.6,232.0,8.574032496386224
10:36:48,2025-06-07,-1.022137,54.344249,14.219301155741693,350.54436701737956,11.6,232.0,8.67636725198551
10:36:49,2025-06-07,-1.022147,54.344284,15.010385052577131,351.04698068646553,11.6,232.0,9.378276294638132
10:36:50,2025-06-07,-1.022157,54.344321,13.865775523794476,349.32006438167025,11.6,232.0,8.541831278518572
10:36:51,2025-06-07,-1.022168,54.344355,14.847256439183573,346.34834770888216,11.6,232.0,10.064770409391464
10:36:52,2025-06-07,-1.022183,54.344391,15.236901021273557,346.7040472124152,11.6,232.0,10.38889855356601
10:36:53,2025-06-07,-1.022198,54.344428,13.960325206009449,347.4354099058632,11.6,232.0,8.97820257535758
10:36:54,2025-06-07,-1.022211,54.344462,14.303852882667698,348.69805743949985,11.5,231.0,8.95851457212043
10:36:55,2025-06-07,-1.022223,54.344497,15.738943977173623,345.38417568566047,11.5,231.0,10.991135677289535
10:36:56,2025-06-07,-1.02224,54.344535,14.261362375199935,342.8498239494501,11.5,231.0,9.981348738423709
10:36:57,2025-06-07,-1.022258,54.344569,14.904364169372746,345.47567499059824,11.5,231.0,10.139835050889014
10:36:58,2025-06-07,-1.022274,54.344605,15.443637653003824,350.422323213302,11.5,231.0,9.794341392676134
10:36:59,2025-06-07,-1.022285,54.344643,15.010382751060169,351.0470576153008,11.5,231.0,9.252205021844262
10:37:00,2025-06-07,-1.022295,54.34468,14.259715191112855,349.6185653464506,11.5,231.0,8.751487482496799
10:37:01,2025-06-07,-1.022306,54.344715,15.292551499312628,345.8523053810059,11.5,231.0,10.459324385180263
10:37:02,2025-06-07,-1.022322,54.344752,15.799764914374478,344.5644548340481,11.5,231.0,11.202289598181356
10:37:03,2025-06-07,-1.02234,54.34479,15.028875125766165,343.75108709722787,11.5,231.0,10.581497848657335
10:37:04,2025-06-07,-1.022358,54.344826,16.800686649981177,347.9615554143416,11.5,231.0,11.586672371775542
10:37:05,2025-06-07,-1.022373,54.344867,14.06982292232554,345.57810142692523,11.5,231.0,9.286590549380257
10:37:06,2025-06-07,-1.022388,54.344901,14.458206643433623,345.9736765937642,11.5,231.0,9.60288557465702
10:37:07,2025-06-07,-1.022403,54.344936,15.576156857630364,347.8795952638456,11.5,231.0,10.376810380980544
10:37:08,2025-06-07,-1.022417,54.344974,13.91115394042136,348.37471268487354,11.5,231.0,8.623363028309548
10:37:09,2025-06-07,-1.022429,54.345008,13.96031714761065,347.4355815699517,11.5,231.0,8.84061668769657
10:37:10,2025-06-07,-1.022442,54.345042,13.911153150173337,348.37473139634267,11.5,231.0,8.623358902990972
10:37:11,2025-06-07,-1.022454,54.345076,14.351664361220479,347.7836527333339,11.5,231.0,9.169501523614422
10:37:12,2025-06-07,-1.022467,54.345111,14.219295080435131,350.5445617304375,11.5,231.0,8.548641293452233
10:37:13,2025-06-07,-1.022477,54.345146,15.09049826487491,349.29464021522176,11.5,231.0,9.639431082635586
10:37:14,2025-06-07,-1.022489,54.345183,16.07076892855494,346.5509486279787,11.5,231.0,11.110663396073349
10:37:15,2025-06-07,-1.022505,54.345222,15.627092582903385,347.04223377299854,11.5,231.0,10.578206812409974
10:37:16,2025-06-07,-1.02252,54.34526,13.62393242505909,346.10996000521305,11.5,231.0,8.743828813556703
10:37:17,2025-06-07,-1.022534,54.345293,14.259709685541274,349.6187168070887,11.5,231.0,8.751455290892299
10:37:18,2025-06-07,-1.022545,54.345328,15.443631925717817,350.4224885621688,11.5,231.0,9.794306758229066
10:37:19,2025-06-07,-1.022556,54.345366,14.351660473913817,347.7837363381306,11.5,231.0,9.169482656066943
10:37:20,2025-06-07,-1.022569,54.345401,13.911149006117128,348.37483016569206,11.5,231.0,8.623337154620959
10:37:21,2025-06-07,-1.022581,54.345435,13.960311218864636,347.4357079542946,11.5,231.0,8.840588044484388
10:37:22,2025-06-07,-1.022594,54.345469,12.641037887200818,349.3509563386921,11.5,231.0,7.180020476759123
10:37:23,2025-06-07,-1.022604,54.3455,13.824197318966137,350.2717911880161,11.5,231.0,8.201237349852843
10:37:24,2025-06-07,-1.022614,54.345534,14.219292102025847,350.5446572795462,11.5,231.0,8.548621630775502
10:37:25,2025-06-07,-1.022624,54.345569,14.013210900416329,346.50342987388177,11.5,231.0,9.061711938402247
10:37:26,2025-06-07,-1.022638,54.345603,12.909179747479753,344.2491285768935,11.5,231.0,8.369786101522577
10:37:27,2025-06-07,-1.022653,54.345634,13.12721485370982,347.6699262294861,11.5,231.0,7.965439642944069
10:37:28,2025-06-07,-1.022665,54.345666,13.127214453092728,347.66993553164997,11.5,231.0,7.9654375739054375
10:37:29,2025-06-07,-1.022677,54.345698,13.82419586057554,350.2718371550307,11.5,231.0,8.201227843381702
10:37:30,2025-06-07,-1.022687,54.345732,12.247471504507708,349.0045736372855,11.5,231.0,6.8477380145197255
10:37:31,2025-06-07,-1.022697,54.345762,12.736064878096254,347.2849588456546,11.5,231.0,7.643452809707862
10:37:32,2025-06-07,-1.022709,54.345793,13.865761714045423,349.320438052602,11.5,231.0,8.41013578029207
10:37:33,2025-06-07,-1.02272,54.345827,12.599777947539883,350.395037353016,11.5,231.0,6.955252589545572
10:37:34,2025-06-07,-1.022729,54.345858,13.824194678541838,350.2718743015877,11.5,231.0,8.201220157589532
10:37:35,2025-06-07,-1.022739,54.345892,12.73606318643754,347.28499775714175,11.5,231.0,7.643444115550828
10:37:36,2025-06-07,-1.022751,54.345923,12.686477455991158,348.3141872938022,11.5,231.0,7.409477339264418
10:37:37,2025-06-07,-1.022762,54.345954,13.911142624904102,348.3749823205537,11.5,231.0,8.623303653872256
10:37:38,2025-06-07,-1.022774,54.345988,13.824193721716687,350.2719044837774,11.5,231.0,8.201213916355174
10:37:39,2025-06-07,-1.022784,54.346022,14.351651698124966,347.7839254568257,11.5,231.0,9.169439994181797
10:37:40,2025-06-07,-1.022797,54.346057,15.184625607429883,347.5624122822525,11.5,231.0,10.042143007064595
10:37:41,2025-06-07,-1.022811,54.346094,14.458184648549425,345.9740676301992,11.5,231.0,9.602792432142518
10:37:42,2025-06-07,-1.022826,54.346129,14.35165026334115,347.7839563030262,11.5,231.0,9.169433032412371
10:37:43,2025-06-07,-1.022839,54.346164,14.013201141735975,346.50361810665083,11.5,231.0,9.061668080384033
10:37:44,2025-06-07,-1.022853,54.346198,13.911139805119914,348.37504945249765,11.5,231.0,8.623288868743522
10:37:45,2025-06-07,-1.022865,54.346232,14.259701238925533,349.6189488139903,11.5,231.0,8.751405966774733
10:37:46,2025-06-07,-1.022876,54.346267,13.86575727194378,349.32055837949287,11.5,231.0,8.410110077743148
10:37:47,2025-06-07,-1.022887,54.346301,14.013198899489712,346.5036614488183,11.5,231.0,9.06165798648795
10:37:48,2025-06-07,-1.022901,54.346335,14.35164750706185,347.784015690302,11.5,231.0,9.169419635195666
10:37:49,2025-06-07,-1.022914,54.34637,14.013197764104293,346.50368327507397,11.5,231.0,9.061652897168528
10:37:50,2025-06-07,-1.022928,54.346404,14.351646584322678,347.7840355814806,11.5,231.0,9.169415148381363
10:37:51,2025-06-07,-1.022941,54.346439,13.8657556564676,349.3206020461848,11.5,231.0,8.41010074684543
10:37:52,2025-06-07,-1.022952,54.346473,13.42942819086891,349.98311455042153,11.5,231.0,7.857081997322292
10:37:53,2025-06-07,-1.022962,54.346506,13.035029647198746,349.67672688052977,11.5,231.0,7.516557219926165
10:37:54,2025-06-07,-1.022972,54.346538,13.911135878078758,348.3751430000622,11.5,231.0,8.62326826814931
10:37:55,2025-06-07,-1.022984,54.346572,13.911135482958327,348.3751523546348,11.5,231.0,8.623266205707125
10:37:56,2025-06-07,-1.022996,54.346606,14.458175209639903,345.9742354578783,11.5,231.0,9.602752457678065
10:37:57,2025-06-07,-1.023011,54.346641,13.682115068869253,345.1607061354855,11.5,231.0,8.975194982140469
10:37:58,2025-06-07,-1.023026,54.346674,12.909157046701642,344.2495186318029,11.5,231.0,8.369691469099692
10:37:59,2025-06-07,-1.023041,54.346705,14.259696984654646,349.61906568246405,11.5,231.0,8.751381121377985
10:38:00,2025-06-07,-1.023052,54.34674,13.91113355162438,348.3751985806552,11.5,231.0,8.62325603523349
10:38:01,2025-06-07,-1.023064,54.346774,13.824187917909644,350.27208696332,11.5,231.0,8.20117616338937
10:38:02,2025-06-07,-1.023074,54.346808,12.847447115576713,345.2523145877375,11.5,231.0,8.123756739331938
10:38:03,2025-06-07,-1.023088,54.346839,14.35164076036614,347.78416098964215,11.5,231.0,9.169386853970359
10:38:04,2025-06-07,-1.023101,54.346874,15.627065023106498,347.0427370041024,11.5,231.0,10.578088502817181
10:38:05,2025-06-07,-1.023116,54.346912,14.013188874439315,346.503854737942,11.5,231.0,9.061612946183201
10:38:06,2025-06-07,-1.02313,54.346946,14.01318832163993,346.503865496843,11.5,231.0,9.061610444358813
10:38:07,2025-06-07,-1.023144,54.34698,15.627063255105437,347.0427692908842,11.5,231.0,10.578080912417322
10:38:08,2025-06-07,-1.023159,54.347018,15.443618540407213,350.4228750706695,11.5,231.0,9.794225801647173
10:38:09,2025-06-07,-1.02317,54.347056,16.3604955042152,348.46955497164186,11.5,231.0,11.055807466347026
10:38:10,2025-06-07,-1.023184,54.347096,16.709064677730044,349.5291219751209,11.5,231.0,11.216602821503674
10:38:11,2025-06-07,-1.023197,54.347137,16.070732464201484,346.55156476954886,11.5,231.0,11.11051535889218
10:38:12,2025-06-07,-1.023213,54.347176,16.709063816262844,349.52914190795275,11.5,231.0,11.21659844505735
10:38:13,2025-06-07,-1.023226,54.347217,15.968096906868839,348.1821622041368,11.5,231.0,10.714655355682616
10:38:14,2025-06-07,-1.02324,54.347256,17.021023625014827,344.88450920268104,11.5,231.0,12.364738147793014
10:38:15,2025-06-07,-1.023259,54.347297,16.248778588410403,344.14745015967213,11.5,231.0,11.728143046894992
10:38:16,2025-06-07,-1.023278,54.347336,17.684634387526827,347.0234701873921,11.5,231.0,12.639132611821346
10:38:17,2025-06-07,-1.023295,54.347379,18.417366083791958,348.29163805333445,11.5,231.0,13.144387674355581
10:38:18,2025-06-07,-1.023311,54.347424,17.242059356862825,347.4808665984638,11.5,231.0,12.114221626313487
10:38:19,2025-06-07,-1.023327,54.347466,17.192721272162768,348.2408443184908,11.5,231.0,11.928805029497054
10:38:20,2025-06-07,-1.023342,54.347508,16.85113128753017,347.1855142407987,11.5,231.0,11.776422901832696
10:38:21,2025-06-07,-1.023358,54.347549,15.576119602579428,347.88034301089056,11.5,231.0,10.376639259039791
10:38:22,2025-06-07,-1.023372,54.347587,17.4585109176722,350.7611682298165,11.5,231.0,11.750075072947583
10:38:23,2025-06-07,-1.023384,54.34763,16.753278614958905,348.74367188020005,11.5,231.0,11.399835717692474
10:38:24,2025-06-07,-1.023398,54.347671,16.017778157430794,347.3644106569799,11.5,231.0,10.910872865969711
10:38:25,2025-06-07,-1.023413,54.34771,17.24205448997924,347.4809509698749,11.5,231.0,12.114201601711896
10:38:26,2025-06-07,-1.023429,54.347752,15.968089528906898,348.1823117131631,11.5,231.0,10.714621283520605
10:38:27,2025-06-07,-1.023443,54.347791,16.709057192859046,349.5292951239619,11.5,231.0,11.21656480338363
10:38:28,2025-06-07,-1.023456,54.347832,15.48436703745794,349.5707640514024,11.5,231.0,9.984563418871712
10:38:29,2025-06-07,-1.023468,54.34787,15.528544108820777,348.7231184352912,11.5,231.0,10.17875264365378
10:38:30,2025-06-07,-1.023481,54.347908,15.484366286773701,349.57078291254885,11.5,231.0,9.984559343505563
10:38:31,2025-06-07,-1.023493,54.347946,15.738868192760025,345.3853496097932,11.5,231.0,10.990845290188357
10:38:32,2025-06-07,-1.02351,54.347984,15.738867358983128,345.3853625462451,11.5,231.0,10.99084209153605
10:38:33,2025-06-07,-1.023527,54.348022,14.644572998138269,343.3135565804529,11.5,231.0,10.278309808504295
10:38:34,2025-06-07,-1.023545,54.348057,16.80063773666178,347.9624741354369,11.5,231.0,11.586459102152869
10:38:35,2025-06-07,-1.02356,54.348098,15.576111773111467,347.88050011831297,11.5,231.0,10.376603303218184
10:38:36,2025-06-07,-1.023574,54.348136,16.017770642239057,347.3645490291559,11.5,231.0,10.910840466456577
10:38:37,2025-06-07,-1.023589,54.348175,16.01777001746695,347.36456063571757,11.5,231.0,10.910837754406293
10:38:38,2025-06-07,-1.023604,54.348214,16.904693796833126,346.413696649548,11.5,231.0,11.969456550248676
10:38:39,2025-06-07,-1.023621,54.348255,16.017768726418513,347.3645844384799,11.5,231.0,10.910832182763809
10:38:40,2025-06-07,-1.023636,54.348294,16.66800432855746,350.31899287963586,11.5,231.0,11.036782014128693
10:38:41,2025-06-07,-1.023648,54.348335,15.681302551628802,346.21138970730664,11.5,231.0,10.782772305758563
10:38:42,2025-06-07,-1.023664,54.348373,16.12687665568246,345.7447644614032,11.5,231.0,11.313244007225153
10:38:43,2025-06-07,-1.023681,54.348412,16.800632360630974,347.9625750793032,11.5,231.0,11.58643566766483
10:38:44,2025-06-07,-1.023696,54.348453,15.528537125889821,348.72327430651313,11.5,231.0,10.178717966755011
10:38:45,2025-06-07,-1.023709,54.348491,16.01776491336948,347.3646546671515,11.5,231.0,10.910815740075105
10:38:46,2025-06-07,-1.023724,54.34853,15.528536198007123,348.7232948931993,11.5,231.0,10.178713381195447
10:38:47,2025-06-07,-1.023737,54.348568,16.668001925340757,350.31905620287813,11.5,231.0,11.036768529161158
10:38:48,2025-06-07,-1.023749,54.348609,15.443605940923716,350.42323894124314,11.5,231.0,9.794149588798387
10:38:49,2025-06-07,-1.02376,54.348647,17.49769475333343,350.0064598606562,11.5,231.0,11.921250144026047
10:38:50,2025-06-07,-1.023773,54.34869,15.135787278175373,348.42668175128085,11.5,231.0,9.838735746667561
10:38:51,2025-06-07,-1.023786,54.348727,16.186226469936692,344.9434351183109,11.5,231.0,11.519129107427984
10:38:52,2025-06-07,-1.023804,54.348766,17.469375781640647,344.48815260877785,11.5,231.0,12.885942286014636
10:38:53,2025-06-07,-1.023824,54.348808,16.12686738620955,345.744909197682,11.5,231.0,11.313208354703896
10:38:54,2025-06-07,-1.023841,54.348847,17.192701014498585,348.2412284455569,11.5,231.0,11.92871622376182
10:38:55,2025-06-07,-1.023856,54.348889,16.753262407528283,348.74400790005706,11.5,231.0,11.399759820215287
10:38:56,2025-06-07,-1.02387,54.34893,16.126864778655655,345.7449497868521,11.5,231.0,11.31319834841592
10:38:57,2025-06-07,-1.023887,54.348969,17.294395100126348,346.72583193464453,11.5,231.0,12.302644228816185
10:38:58,2025-06-07,-1.023904,54.349011,15.135783290799619,348.4267697124882,11.5,231.0,9.8387160887508
10:38:59,2025-06-07,-1.023917,54.349048,15.80248524727281,351.5001961578459,11.5,231.0,9.965760149709972
10:39:00,2025-06-07,-1.023927,54.349087,15.048638664547862,350.1695049167979,11.5,231.0,9.443596321446421
10:39:01,2025-06-07,-1.023938,54.349124,14.351610189049346,347.78481975495004,11.5,231.0,9.169238246438553
10:39:02,2025-06-07,-1.023951,54.349159,15.576096644882883,347.88080375231715,11.5,231.0,10.37653381664138
10:39:03,2025-06-07,-1.023965,54.349197,15.351474999315956,345.00836059371477,11.5,231.0,10.672470652565261
10:39:04,2025-06-07,-1.023982,54.349234,15.028757920532696,343.7527512679978,11.5,231.0,10.581072613738229
10:39:05,2025-06-07,-1.024,54.34927,15.57609506423724,347.8808355190372,11.5,231.0,10.37652654893881
10:39:06,2025-06-07,-1.024014,54.349308,15.528526868910415,348.72350289721214,11.5,231.0,10.17866709565697
10:39:07,2025-06-07,-1.024027,54.349346,14.303798675640737,348.69936583261494,11.5,231.0,8.958227847951527
10:39:08,2025-06-07,-1.024039,54.349381,15.09045478687262,349.29571777470454,11.5,231.0,9.639197166320411
10:39:09,2025-06-07,-1.024051,54.349418,14.35160625400305,347.7849045190237,11.5,231.0,9.169219123589354
10:39:10,2025-06-07,-1.024064,54.349453,15.484351029864127,349.5711663750643,11.5,231.0,9.984476493225966
10:39:11,2025-06-07,-1.024076,54.349491,14.0697347137316,345.5796562493178,11.5,231.0,9.286218545007635
10:39:12,2025-06-07,-1.024091,54.349525,15.576091428629644,347.8809084935873,11.5,231.0,10.376509849022774
10:39:13,2025-06-07,-1.024105,54.349563,15.184573864288463,347.56344023524275,11.5,231.0,10.041906719252285
10:39:14,2025-06-07,-1.024119,54.3496,14.904260915073824,345.47737761331103,11.5,231.0,10.139420769955425
10:39:15,2025-06-07,-1.024135,54.349636,15.29245369769292,345.85393122999034,11.5,231.0,10.458930476646453
10:39:16,2025-06-07,-1.024151,54.349673,13.824166514483299,350.2727600230569,11.5,231.0,8.201036918795259
10:39:17,2025-06-07,-1.024161,54.349707,15.802481401899083,351.5003304653681,11.5,231.0,9.965733077248643
10:39:18,2025-06-07,-1.024171,54.349746,14.303794230789523,348.69947299288884,11.5,231.0,8.958204359558476
10:39:19,2025-06-07,-1.024183,54.349781,15.528521199124521,348.72362935812646,11.5,231.0,10.17863895737067
10:39:20,2025-06-07,-1.024196,54.349819,15.681273979490104,346.21186860337735,11.5,231.0,10.78265676940742
10:39:21,2025-06-07,-1.024212,54.349857,15.576086689656142,347.8810035011564,11.5,231.0,10.376488101280298
10:39:22,2025-06-07,-1.024226,54.349895,15.921664758216274,349.0056625905926,11.5,231.0,10.52173829424418
10:39:23,2025-06-07,-1.024239,54.349934,16.753248948162017,348.7442868067259,11.5,231.0,11.399696816440517
10:39:24,2025-06-07,-1.024253,54.349975,14.129964266977503,344.66243016213963,11.5,231.0,9.514470611152213
10:39:25,2025-06-07,-1.024269,54.350009,13.960247687001784,347.4370618022771,11.5,231.0,8.840281193425646
10:39:26,2025-06-07,-1.024282,54.350043,13.865721858951495,349.3215169744503,11.5,231.0,8.409905292352041
10:39:27,2025-06-07,-1.024293,54.350077,12.974713108308892,343.2578788915721,11.5,231.0,8.618790404905539
10:39:28,2025-06-07,-1.024309,54.350108,14.332113682357347,341.9596082103887,11.5,231.0,10.218451964259957
10:39:29,2025-06-07,-1.024328,54.350142,14.40304960769051,346.87692270317524,11.5,231.0,9.383996119778164
10:39:30,2025-06-07,-1.024342,54.350177,13.82416278563989,350.2728770404204,11.5,231.0,8.20101270230608
10:39:31,2025-06-07,-1.024352,54.350211,14.219259126621687,350.54571380622167,11.5,231.0,8.54840417146129
10:39:32,2025-06-07,-1.024362,54.350246,15.484343202623016,349.5713631975832,11.5,231.0,9.984433971953166
10:39:33,2025-06-07,-1.024374,54.350284,15.484342818995845,349.5713726281922,11.5,231.0,9.984431925988126
10:39:34,2025-06-07,-1.024386,54.350322,15.576080060612362,347.8811365796642,11.5,231.0,10.376457647826177
10:39:35,2025-06-07,-1.0244,54.35036,14.458106005641284,345.9754659964136,11.5,231.0,9.60245936353403
10:39:36,2025-06-07,-1.024415,54.350395,15.413786549288748,344.170001738088,11.5,231.0,10.888989357619465
10:39:37,2025-06-07,-1.024433,54.350432,14.351592685153067,347.7851968671969,11.5,231.0,9.169153172652667
10:39:38,2025-06-07,-1.024446,54.350467,15.528512977179359,348.7238127675789,11.5,231.0,10.178598148839185
10:39:39,2025-06-07,-1.024459,54.350505,17.633374827798185,347.76402693137186,11.5,231.0,12.454728830978137
10:39:40,2025-06-07,-1.024475,54.350548,15.351444390757871,345.0088312367212,11.5,231.0,10.672353752517783
10:39:41,2025-06-07,-1.024492,54.350585,14.516727383276756,345.0810506775623,11.5,231.0,9.824399194302877
10:39:42,2025-06-07,-1.024508,54.35062,15.48433950387886,349.5714560249207,11.5,231.0,9.9844139104972
10:39:43,2025-06-07,-1.02452,54.350658,15.406289592881134,351.280248346237,11.5,231.0,9.607645118512643
10:39:44,2025-06-07,-1.02453,54.350696,13.865715732900297,349.32168275210984,11.5,231.0,8.409869875502704
10:39:45,2025-06-07,-1.024541,54.35073,17.73871057629269,346.28929241920713,11.5,231.0,12.826038241445215
10:39:46,2025-06-07,-1.024559,54.350773,15.799615377853172,344.5666081835336,11.5,231.0,11.20174390113642
10:39:47,2025-06-07,-1.024577,54.350811,15.681254879807213,346.2121887285424,11.5,231.0,10.782579537400688
10:39:48,2025-06-07,-1.024593,54.350849,16.753237165423243,348.74453101968066,11.5,231.0,11.399641652317607
10:39:49,2025-06-07,-1.024607,54.35089,15.878575877936147,349.83327163925054,11.5,231.0,10.332557543878668
10:39:50,2025-06-07,-1.024619,54.350929,15.372462665462637,352.14078596090724,11.5,231.0,9.425321258110117
10:39:51,2025-06-07,-1.024628,54.350967,15.769498667944326,352.3398878363839,11.5,231.0,9.788189530671612
10:39:52,2025-06-07,-1.024637,54.351006,16.70902259906968,349.53009611212633,11.5,231.0,11.2163889631502
10:39:53,2025-06-07,-1.02465,54.351047,16.248677142603732,344.14882392708864,11.5,231.0,11.727788067115258
10:39:54,2025-06-07,-1.024669,54.351086,17.289226478540744,341.8950644703129,11.5,231.0,13.18766494723705
10:39:55,2025-06-07,-1.024692,54.351127,16.383008683812523,342.5768979620205,11.5,231.0,12.15388793041317
10:39:56,2025-06-07,-1.024713,54.351166,16.800590673762382,347.9633582075001,11.5,231.0,11.586253882818372
10:39:57,2025-06-07,-1.024728,54.351207,16.017721063802533,347.3654629004429,11.5,231.0,10.910626541661028
10:39:58,2025-06-07,-1.024743,54.351246,15.236782840973635,346.7061859675955,11.5,231.0,10.248584617106603
10:39:59,2025-06-07,-1.024758,54.351283,16.01771983793493,347.36548551510435,11.5,231.0,10.910621248894426
10:40:00,2025-06-07,-1.024773,54.351322,16.017719199167697,347.36549712084883,11.5,231.0,10.910618523012886
10:40:01,2025-06-07,-1.024788,54.351361,16.315161997347168,349.27443963198056,11.5,231.0,10.86766524394909
10:40:02,2025-06-07,-1.024801,54.351401,16.126812111803698,345.7457719681438,11.5,231.0,11.312995812039151
10:40:03,2025-06-07,-1.024818,54.35144,14.069697544246623,345.5803116341541,11.5,231.0,9.286061751692975
10:40:04,2025-06-07,-1.024833,54.351474,15.292417165969086,345.8545385114362,11.5,231.0,10.458783345098484
10:40:05,2025-06-07,-1.024849,54.351511,13.127141357331954,347.6716353950403,11.5,231.0,7.965059595592571
10:40:06,2025-06-07,-1.024861,54.351543,13.235220828407721,345.6955586662172,11.5,231.0,8.430559368141683
10:40:07,2025-06-07,-1.024875,54.351575,11.374955581796117,342.0589234455634,11.5,231.0,7.2426851737509885
10:40:08,2025-06-07,-1.02489,54.351602,10.238222633164435,339.9855551793311,11.5,231.0,6.49693028130153
10:40:09,2025-06-07,-1.024905,54.351626,5.730886824223081,348.24199349714206,11.5,231.0,0.46676550954857365
10:40:10,2025-06-07,-1.02491,54.35164,0.09497353002057135,353.1244215556513,11.5,231.0,-6.020261933972502
10:48:23,2025-06-07,-1.024934,54.351756,6.051704809869946,353.35152317877896,11.5,231.0,-0.10208588328709034
10:48:24,2025-06-07,-1.024937,54.351771,6.812266564144224,0.0,11.5,231.0,-0.4249179329289108
10:48:25,2025-06-07,-1.024937,54.351788,7.216785330062832,358.1455165256601,11.5,231.0,0.2726091315169157
10:48:26,2025-06-07,-1.024938,54.351806,6.563568887003054,347.6717164194522,11.5,231.0,1.4014725930743346
10:48:27,2025-06-07,-1.024944,54.351822,7.8997947842587815,344.5669763124844,11.5,231.0,3.301855582001342
10:48:28,2025-06-07,-1.024953,54.351841,7.742163771278995,349.57175428776844,11.5,231.0,2.2421856030838763
10:48:29,2025-06-07,-1.024959,54.35186,9.719327139734107,351.710257125807,11.5,231.0,3.846313468072614
10:48:30,2025-06-07,-1.024965,54.351884,9.064094639860768,346.58987595848225,11.5,231.0,4.096941152771015
10:48:31,2025-06-07,-1.024974,54.351906,9.898081306769548,346.3507579325367,11.5,231.0,4.974257222447303
10:48:32,2025-06-07,-1.024984,54.35193,11.239264219828101,344.3253707003611,11.5,231.0,6.685814449975578
10:48:33,2025-06-07,-1.024997,54.351957,11.152823238765478,339.1399443692779,11.5,231.0,7.572424550753743
10:48:34,2025-06-07,-1.025014,54.351983,11.511854930812577,347.1039168037976,11.5,231.0,6.451848502301753
10:48:35,2025-06-07,-1.025025,54.352011,12.10340910499405,353.35156648768753,11.5,231.0,5.949611068449137
10:48:36,2025-06-07,-1.025031,54.352041,10.980340563033899,350.20264990768356,11.5,231.0,5.369490207384556
10:48:37,2025-06-07,-1.025039,54.352068,12.68641194652007,348.31588644051925,11.5,231.0,7.409108816296933
10:48:38,2025-06-07,-1.02505,54.352099,12.909042068867397,344.2514945223399,11.5,231.0,8.369212112322824
10:48:39,2025-06-07,-1.025065,54.35213,13.74393844483211,344.2212743067067,11.5,231.0,9.2096820641805
10:48:40,2025-06-07,-1.025081,54.352163,12.789644695769516,346.26610779731664,11.5,231.0,7.88118023920775
10:48:41,2025-06-07,-1.025094,54.352194,13.91107057810083,348.37669925873087,11.5,231.0,8.622925588763854
10:48:42,2025-06-07,-1.025106,54.352228,14.351568656007052,347.7857146782239,11.5,231.0,9.169036363979377
10:48:43,2025-06-07,-1.025119,54.352263,13.911069775896742,348.3767182471118,11.5,231.0,8.62292140219413
10:48:44,2025-06-07,-1.025131,54.352297,12.735979785199431,347.2869148499983,11.5,231.0,7.6430157178267875
10:48:45,2025-06-07,-1.025143,54.352328,14.069680600419943,345.5806102389851,11.5,231.0,9.285990305358084
10:48:46,2025-06-07,-1.025158,54.352362,13.179200791629906,346.6798240411611,11.5,231.0,8.195770606509605
10:48:47,2025-06-07,-1.025171,54.352394,14.743421690908978,348.11526705954054,11.5,231.0,9.501927568870972
10:48:48,2025-06-07,-1.025184,54.35243,13.51884225091958,348.0345538599158,11.5,231.0,8.291772963341394
10:48:49,2025-06-07,-1.025196,54.352463,15.236761862632722,346.70656569779595,11.5,231.0,10.248494965294613
10:48:50,2025-06-07,-1.025211,54.3525,13.960213102003706,347.43779914512226,11.5,231.0,8.840114091304068
10:48:51,2025-06-07,-1.025224,54.352534,14.259644590299585,349.62050599769304,11.5,231.0,8.751074958908195
10:48:52,2025-06-07,-1.025235,54.352569,13.865698177101475,349.32215826428217,11.5,231.0,8.409768303021044
10:48:53,2025-06-07,-1.025246,54.352603,13.96021166432822,347.43782963631406,11.5,231.0,8.840107173692626
10:48:54,2025-06-07,-1.025259,54.352637,13.960211191633006,347.43783969814325,11.5,231.0,8.840104892666332
10:48:55,2025-06-07,-1.025272,54.352671,15.968021751511266,348.183686416148,11.5,231.0,10.7143080604368
10:48:56,2025-06-07,-1.025286,54.35271,14.069673316249455,345.5807386982054,11.5,231.0,9.285959574354038
10:48:57,2025-06-07,-1.025301,54.352744,14.403008420062992,346.87772486754693,11.5,231.0,9.38381007129038
10:48:58,2025-06-07,-1.025315,54.352779,14.013092660138478,346.50571091184935,11.5,231.0,9.061180479921095
10:48:59,2025-06-07,-1.025329,54.352813,13.960208752604393,347.43789179584263,11.5,231.0,8.840093090542613
10:49:00,2025-06-07,-1.025342,54.352847,13.865695564949421,349.32222884334396,11.5,231.0,8.409753220518564
10:49:01,2025-06-07,-1.025353,54.352881,14.182587707876461,351.47704974481906,11.5,231.0,8.349866020387275
10:49:02,2025-06-07,-1.025362,54.352916,13.911062238277696,348.3768979298754,11.5,231.0,8.622881839115571
10:49:03,2025-06-07,-1.025374,54.35295,14.40300516273379,346.87778837515043,11.5,231.0,9.383795345323714
10:49:04,2025-06-07,-1.025388,54.352985,15.738757478599961,345.3870648332568,11.5,231.0,10.990421023092603
10:49:05,2025-06-07,-1.025405,54.353023,14.013088662768721,346.50578810941863,11.5,231.0,9.061162498072282
10:49:06,2025-06-07,-1.025419,54.353057,14.06966669475204,345.5808553885855,11.5,231.0,9.285931654134448
10:49:07,2025-06-07,-1.025434,54.353091,13.569399594405228,347.06992138000027,11.5,231.0,8.515521379486593
10:49:08,2025-06-07,-1.025447,54.353124,15.18452130930793,347.56448436761247,11.5,231.0,10.041666716670193
10:49:09,2025-06-07,-1.025461,54.353161,15.135731695292893,348.4279068914419,11.5,231.0,9.838461902680615
10:49:10,2025-06-07,-1.025474,54.353198,14.013085791885475,346.50584347671384,11.5,231.0,9.061149597309077
10:49:11,2025-06-07,-1.025488,54.353232,14.351555224282286,347.78600415181126,11.5,231.0,9.168971065597322
10:49:12,2025-06-07,-1.025501,54.353267,15.484313365197767,349.57211303050764,11.5,231.0,9.984271961591855
10:49:13,2025-06-07,-1.025513,54.353305,13.960201916850986,347.4380374344518,11.5,231.0,8.84006008037085
10:49:14,2025-06-07,-1.025526,54.353339,14.351553794586552,347.78603500343405,11.5,231.0,9.168964108045651
10:49:15,2025-06-07,-1.025539,54.353374,15.48431230635328,349.5721395873016,11.5,231.0,9.984266221602589
10:49:16,2025-06-07,-1.025551,54.353412,13.865690269904997,349.3223722839034,11.5,231.0,8.409722581523747
10:49:17,2025-06-07,-1.025562,54.353446,13.911056120609532,348.37704376842083,11.5,231.0,8.62284972819425
10:49:18,2025-06-07,-1.025574,54.35348,15.484311264475224,349.57216589952634,11.5,231.0,9.984260541690936
10:49:19,2025-06-07,-1.025586,54.353518,14.069657900014441,345.58101041427045,11.5,231.0,9.2858945636161
10:49:20,2025-06-07,-1.025601,54.353552,14.743406755973977,348.11559245843966,11.5,231.0,9.50185450059874
10:49:21,2025-06-07,-1.025614,54.353588,15.236742469100502,346.70691672204566,11.5,231.0,10.24841208990178
10:49:22,2025-06-07,-1.025629,54.353625,15.681200700053282,346.21309686727943,11.5,231.0,10.782360447310126
10:49:23,2025-06-07,-1.025645,54.353663,14.904177535878219,345.4787527478788,11.5,231.0,10.13908619109944
10:49:24,2025-06-07,-1.025661,54.353699,14.743404857208779,348.11563376607626,11.5,231.0,9.501845222131768
10:49:25,2025-06-07,-1.025674,54.353735,14.793486029915542,347.2304174064779,11.5,231.0,9.710691528370276
10:49:26,2025-06-07,-1.025688,54.353771,15.135724107378767,348.42807404798054,11.5,231.0,9.838424535691532
10:49:27,2025-06-07,-1.025701,54.353808,14.013075790214153,346.50603647595506,11.5,231.0,9.061104633532192
10:49:28,2025-06-07,-1.025715,54.353842,13.47213928691452,349.0066912375436,11.5,231.0,8.072030537670692
10:49:29,2025-06-07,-1.025726,54.353875,14.653946556584014,349.90313381760285,11.5,231.0,9.095648492460715
10:49:30,2025-06-07,-1.025737,54.353911,13.911050754761723,348.37717172076253,11.5,231.0,8.622821557034687
10:49:31,2025-06-07,-1.025749,54.353945,14.696878094602484,349.00671892114445,11.5,231.0,9.296764439605557
10:49:32,2025-06-07,-1.025761,54.353981,15.23673569644553,346.7070393543309,11.5,231.0,10.248383139547817
10:49:33,2025-06-07,-1.025776,54.354018,14.069648368059678,345.58117855230387,11.5,231.0,9.285854342612655
10:49:34,2025-06-07,-1.025791,54.354052,14.458037939507719,345.97667628120155,11.5,231.0,9.602171094504733
10:49:35,2025-06-07,-1.025806,54.354087,15.626944706251196,347.0449343577646,11.5,231.0,10.577571932434655
10:49:36,2025-06-07,-1.025821,54.354125,13.960190526891711,347.4382801661382,11.5,231.0,8.840005066333894
10:49:37,2025-06-07,-1.025834,54.354159,14.06964567484038,345.5812259748173,11.5,231.0,9.28584299370409
10:49:38,2025-06-07,-1.025849,54.354193,14.259629682625304,349.6209159419917,11.5,231.0,8.750987824076184
10:49:39,2025-06-07,-1.02586,54.354228,13.786432344389944,351.23050009495483,11.5,231.0,7.9964128938773555
10:49:40,2025-06-07,-1.025869,54.354262,13.824132626315055,350.2738255049346,11.5,231.0,8.20081648468758
10:49:41,2025-06-07,-1.025879,54.354296,14.013067782756035,346.506190880282,11.5,231.0,9.061068655536284
10:49:42,2025-06-07,-1.025893,54.35433,13.23517170038328,345.6964890258582,11.5,231.0,8.43034058429351
10:49:43,2025-06-07,-1.025907,54.354362,15.090403652510734,349.29698523275806,11.5,231.0,9.638922035123024
10:49:44,2025-06-07,-1.025919,54.354399,14.219229606913158,350.5466599282843,11.5,231.0,8.548209447624444
10:49:45,2025-06-07,-1.025929,54.354434,13.960186235493886,347.4383716375045,11.5,231.0,8.839984335598212
10:49:46,2025-06-07,-1.025942,54.354468,12.73595151237953,347.2875646999463,11.5,231.0,7.642870500505713
10:49:47,2025-06-07,-1.025954,54.354499,13.960185334875705,347.4383908784209,11.5,231.0,8.839979976982338
10:49:48,2025-06-07,-1.025967,54.354533,14.303741098579225,348.70075549493305,11.5,231.0,8.957923314289093
10:49:49,2025-06-07,-1.025979,54.354568,14.25962631186791,349.6210086121912,11.5,231.0,8.750968126005255
10:49:50,2025-06-07,-1.02599,54.354603,14.61463246662911,350.8047497065908,11.5,231.0,8.898604670029716
10:49:51,2025-06-07,-1.026,54.354639,12.345410117437968,346.87830751498274,11.5,231.0,7.326106550437055
10:49:52,2025-06-07,-1.026012,54.354669,14.743392348879347,348.11590633943666,11.5,231.0,9.50178401802945
10:49:53,2025-06-07,-1.026025,54.354705,13.429364510665193,349.98508030061373,11.5,231.0,7.856673181654035
10:49:54,2025-06-07,-1.026035,54.354738,14.351535077326032,347.7864383726571,11.5,231.0,9.168873117028145
10:49:55,2025-06-07,-1.026048,54.354773,14.644389414814398,343.31614533253565,11.5,231.0,10.277645541175987
10:49:56,2025-06-07,-1.026066,54.354808,14.129858362679505,344.6641490527589,11.5,231.0,9.514048711306625
10:49:57,2025-06-07,-1.026082,54.354842,13.865676861803633,349.322735341675,11.5,231.0,8.409645026320131
10:49:58,2025-06-07,-1.026093,54.354876,12.59971903560977,350.3971127256334,11.5,231.0,6.9548307560261176
10:49:59,2025-06-07,-1.026102,54.354907,13.355731369328007,351.95871528382287,11.5,231.0,7.439897853348204
10:50:00,2025-06-07,-1.02611,54.35494,12.599718613177647,350.39712740703294,11.5,231.0,6.954827766275692
10:50:01,2025-06-07,-1.026119,54.354971,12.847297788087202,345.25511616291277,11.5,231.0,8.12309473192007
10:50:02,2025-06-07,-1.026133,54.355002,14.12985411502413,344.66421805014784,11.5,231.0,9.51403177947089
10:50:03,2025-06-07,-1.026149,54.355036,12.523837493037304,343.7549218154257,11.5,231.0,8.07575043440912
10:50:04,2025-06-07,-1.026164,54.355066,12.8472960556819,345.2551487709106,11.5,231.0,8.123087032414672
10:50:05,2025-06-07,-1.026178,54.355097,12.908978530314746,344.2525865214269,11.5,231.0,8.36894719778897
10:50:06,2025-06-07,-1.026193,54.355128,12.012679850818328,345.3594240233965,11.5,231.0,7.269396815960311
10:50:07,2025-06-07,-1.026206,54.355157,12.40074853962793,345.827472089145,11.5,231.0,7.572044659619376
10:50:08,2025-06-07,-1.026219,54.355187,13.623763676810187,346.11318504064076,11.5,231.0,8.743073940575545
10:50:09,2025-06-07,-1.026233,54.35522,13.681945662396329,345.1636671070234,11.5,231.0,8.974483337388348
10:50:10,2025-06-07,-1.026248,54.355253,13.04407019315015,342.2773362064793,11.5,231.0,8.870919553523153
10:50:11,2025-06-07,-1.026265,54.355284,13.044069343512954,342.27734873959224,11.5,231.0,8.870916359802402
10:50:12,2025-06-07,-1.026282,54.355315,13.878728611863359,342.3662490408231,11.5,231.0,9.688953526055492
10:50:13,2025-06-07,-1.0263,54.355348,13.732848247747098,339.0714659535112,11.5,231.0,10.16551349617821
10:50:14,2025-06-07,-1.026321,54.35538,14.484038643991337,340.20430816883686,11.5,231.0,10.701255610309413
10:50:15,2025-06-07,-1.026342,54.355414,13.809476119290213,343.2898680601366,11.5,231.0,9.447611869279033
10:50:16,2025-06-07,-1.026359,54.355447,14.578758873016259,344.19571757537017,11.5,231.0,10.049216956860505
10:50:17,2025-06-07,-1.026376,54.355482,13.19439088505204,340.34470197921524,11.5,231.0,9.385008496858898
10:50:18,2025-06-07,-1.026395,54.355513,13.878722877546126,342.36632874798715,11.5,231.0,9.688932893039631
10:50:19,2025-06-07,-1.026413,54.355546,13.359434411193465,338.4574654971511,11.5,231.0,9.909460762269713
10:50:20,2025-06-07,-1.026434,54.355577,13.194387610144284,340.3447439448411,11.5,231.0,9.384997274452529
10:50:21,2025-06-07,-1.026453,54.355608,12.908967700832742,344.252772656674,11.5,231.0,8.368902043197336
10:50:22,2025-06-07,-1.026468,54.355639,12.59144239785996,342.7347027117678,11.5,231.0,8.332883800395901
10:50:23,2025-06-07,-1.026484,54.355669,12.900892488026397,338.76880344565967,11.5,231.0,9.391358807338502
10:50:24,2025-06-07,-1.026504,54.355699,11.610802225338857,338.768816053089,11.5,231.0,8.101266134892265
10:50:25,2025-06-07,-1.026522,54.355726,12.400739334763436,345.82766044647843,11.5,231.0,7.572001143189146
10:50:26,2025-06-07,-1.026535,54.355756,12.789588765014226,346.2672632152102,11.5,231.0,7.880914587578298
10:50:27,2025-06-07,-1.026548,54.355787,11.52793533014911,339.85107668775294,11.5,231.0,7.8121764989488724
10:50:28,2025-06-07,-1.026565,54.355814,12.90088676987042,338.7688717042207,11.5,231.0,9.391340042380396
10:50:29,2025-06-07,-1.026585,54.355844,11.610797091343464,338.76888430302773,11.5,231.0,8.101247955743709
10:50:30,2025-06-07,-1.026603,54.355871,14.19366164883719,343.7552361063036,11.5,231.0,9.74551641788505
10:50:31,2025-06-07,-1.02662,54.355905,12.06935222005294,338.4243623473111,11.5,231.0,8.625717340937335
10:50:32,2025-06-07,-1.026639,54.355933,14.737104545200385,337.6401216108346,11.5,231.0,11.443971827883585
10:50:33,2025-06-07,-1.026663,54.355967,15.383225357817565,335.79380482353434,11.5,231.0,12.446801356826322
10:50:34,2025-06-07,-1.02669,54.356002,17.432609610923425,333.7524047976076,11.5,231.0,14.894118338212934
10:50:35,2025-06-07,-1.026723,54.356041,20.53834585276385,336.54109878956956,11.5,231.0,17.45715627784566
10:50:36,2025-06-07,-1.026758,54.356088,19.805987819705756,335.61776482436295,11.5,231.0,16.90373984763655
10:50:37,2025-06-07,-1.026793,54.356133,22.47916261960423,335.43701466012374,11.5,231.0,19.612033601765905
10:50:38,2025-06-07,-1.026833,54.356184,23.767175786972654,335.6178203643751,11.5,231.0,20.864917028146753
10:50:39,2025-06-07,-1.026875,54.356238,25.614450954406287,335.1947802809946,11.5,231.0,22.794431682226016
10:50:40,2025-06-07,-1.026921,54.356296,25.81469539168681,334.2534126897066,11.5,231.0,23.17822416445873
10:50:41,2025-06-07,-1.026969,54.356354,27.100948787427853,334.46821169797494,11.5,231.0,24.422531548309188
10:50:42,2025-06-07,-1.027019,54.356415,27.90585557678983,336.8314996514992,11.5,231.0,24.76854969646994
10:50:43,2025-06-07,-1.027066,54.356479,31.037889241244102,336.49083498963125,11.5,231.0,27.966420588062036
10:50:44,2025-06-07,-1.027119,54.35655,30.766377557154218,335.79412896973565,11.5,231.0,27.829890652581632
10:50:45,2025-06-07,-1.027173,54.35662,32.42088663441124,336.2029828172417,11.5,231.0,29.405133338603793
10:50:46,2025-06-07,-1.027229,54.356694,33.804644641982904,335.9386586789693,11.5,231.0,30.840119798082476
10:50:47,2025-06-07,-1.027288,54.356771,33.06365975321609,337.13405938188805,11.5,231.0,29.867973767832936
10:50:48,2025-06-07,-1.027343,54.356847,41.282703357868485,338.76939137497595,11.5,231.0,37.7730573017336
10:50:49,2025-06-07,-1.027407,54.356943,37.30236729949117,337.5430514375511,11.5,231.0,34.02790661860237
10:50:50,2025-06-07,-1.027468,54.357029,41.45882605243582,335.35690849093265,11.5,231.0,38.607270453417115
10:50:51,2025-06-07,-1.027542,54.357123,42.348427153360994,329.496240772109,11.5,231.0,40.6493651666149
10:50:52,2025-06-07,-1.027634,54.357214,44.162916879632064,321.35565259686086,11.5,231.0,44.09153328674625
10:50:53,2025-06-07,-1.027752,54.3573,41.99905970748345,312.7081570703016,11.5,231.0,43.65753592191559
10:50:54,2025-06-07,-1.027884,54.357371,49.95154814622369,305.9091749090848,11.5,231.0,52.94557201785232
10:50:55,2025-06-07,-1.028057,54.357444,47.495528829546444,305.66442235159593,11.5,231.0,50.53695611875206
10:50:56,2025-06-07,-1.028222,54.357513,49.007661194591186,306.7110522920982,11.5,231.0,51.846000184423886
10:50:57,2025-06-07,-1.02839,54.357586,47.49542093171645,305.66451615981623,11.5,231.0,50.536830062821245
10:50:58,2025-06-07,-1.028555,54.357655,45.08354346959916,305.9809896027007,11.5,231.0,48.06364794118163
10:50:59,2025-06-07,-1.028711,54.357721,47.59026801983913,306.77804821633407,11.5,231.0,50.41557413170864
10:51:00,2025-06-07,-1.028874,54.357792,45.73549119692814,308.53225658990766,11.5,231.0,48.21822551761218
10:51:01,2025-06-07,-1.029027,54.357863,40.82998278894854,306.1388682751113,11.5,231.0,43.77947017998495
10:51:02,2025-06-07,-1.029168,54.357923,37.994542473066744,306.26368856053955,11.5,231.0,40.919807864006124
10:51:03,2025-06-07,-1.029299,54.357979,36.625881188334674,303.2247544129499,11.5,231.0,40.13664618483654
10:51:04,2025-06-07,-1.02943,54.358029,35.845840249721824,304.04412263295734,11.5,231.0,39.19964484208476
10:51:05,2025-06-07,-1.029557,54.358079,33.463356167155666,305.1471294129095,11.5,231.0,36.604788545156374
10:51:06,2025-06-07,-1.029674,54.358127,33.74174025079618,306.49031296420134,11.5,231.0,36.622992638011375
10:51:07,2025-06-07,-1.02979,54.358177,34.78726137643393,309.3772940364154,11.5,231.0,37.10412158356849
10:51:08,2025-06-07,-1.029905,54.358232,30.475145798060094,309.1998397309235,11.5,231.0,32.82688188250162
10:51:09,2025-06-07,-1.030006,54.35828,33.379127031926075,313.245549758885,11.5,231.0,34.930797787265796
10:51:10,2025-06-07,-1.03011,54.358337,30.16498430196708,317.0053442106679,11.5,231.0,30.966113707633568
10:51:11,2025-06-07,-1.030198,54.358392,31.20623959125199,320.4600245439368,11.5,231.0,31.314618007168075
10:51:12,2025-06-07,-1.030283,54.358452,29.822900975911917,325.11027443754676,11.5,231.0,28.998623445178797
10:51:13,2025-06-07,-1.030356,54.358513,29.379331002587605,327.80124341231937,11.5,231.0,28.017437554125816
10:51:14,2025-06-07,-1.030423,54.358575,31.234528600632462,327.91828320163256,11.5,231.0,29.8493119288659
10:51:15,2025-06-07,-1.030494,54.358641,30.86671481806832,329.0208060643189,11.5,231.0,29.262088858866964
10:51:16,2025-06-07,-1.030562,54.358707,32.02231013875517,331.21516208356576,11.5,231.0,29.982840567528143
10:51:17,2025-06-07,-1.030628,54.358777,30.74392242530448,330.89901474216373,11.5,231.0,28.76693258161651
10:51:18,2025-06-07,-1.030692,54.358844,31.438704288644907,330.13829155204667,11.5,231.0,29.61229804742291
10:51:19,2025-06-07,-1.030759,54.358912,29.930560952262056,330.54330461426355,11.5,231.0,28.023941437368606
10:51:20,2025-06-07,-1.030822,54.358977,31.33066954215659,329.03211439404333,11.5,231.0,29.723796090663683
10:51:21,2025-06-07,-1.030891,54.359044,29.010567609809844,328.9730967886963,11.5,231.0,27.415424394916368
10:51:22,2025-06-07,-1.030955,54.359106,30.39454505473859,330.5316218423902,11.5,231.0,28.490238010240514
10:51:23,2025-06-07,-1.031019,54.359172,27.843550719783615,329.77059223168516,11.5,231.0,26.090046869217787
10:51:24,2025-06-07,-1.031079,54.359232,30.166609588322814,331.3043591050572,11.5,231.0,28.10952329141516
10:51:25,2025-06-07,-1.031141,54.359298,29.58242570171517,330.1616460537305,11.5,231.0,27.751391558329058
10:51:26,2025-06-07,-1.031204,54.359362,29.35441875232814,329.3766878986104,11.5,231.0,27.67909290625399
10:51:27,2025-06-07,-1.031268,54.359425,28.654309109765233,330.17438452370055,11.5,231.0,26.82075085346351
10:51:28,2025-06-07,-1.031329,54.359487,29.238794806224664,331.3531834737821,11.5,231.0,27.17206763327485
10:51:29,2025-06-07,-1.031389,54.359551,26.91945775696324,331.4895852044081,11.5,231.0,24.825804628201517
10:51:30,2025-06-07,-1.031444,54.35961,29.944219658515095,332.08881663628586,11.5,231.0,27.732419739259967
10:51:31,2025-06-07,-1.031504,54.359676,27.03212626487429,331.0545280749372,11.5,231.0,25.024394912922325
10:51:32,2025-06-07,-1.03156,54.359735,29.2356283650454,329.7709359276508,11.5,231.0,27.482056336957438
10:51:33,2025-06-07,-1.031623,54.359798,26.91533053896506,329.77097060487426,11.5,231.0,25.16175163210573
10:51:34,2025-06-07,-1.031681,54.359856,29.13193783063821,328.5798166692282,11.5,231.0,27.615004904768256
10:51:35,2025-06-07,-1.031746,54.359918,29.474419212459477,328.9861906240123,11.5,231.0,27.87667334310011
10:51:36,2025-06-07,-1.031811,54.359981,27.37935755573231,329.7710823371219,11.5,231.0,25.62575648503294
10:51:37,2025-06-07,-1.03187,54.36004,28.89024988668185,329.37077262990834,11.5,231.0,27.216098653884394
10:51:38,2025-06-07,-1.031933,54.360102,27.496003727194843,331.03311911349357,11.5,231.0,25.49250357531714
10:51:39,2025-06-07,-1.03199,54.360162,29.002319892195544,330.56878067546313,11.5,231.0,27.090657958879085
10:51:40,2025-06-07,-1.032051,54.360225,27.610282972876902,330.6090296689113,11.5,231.0,25.690655419130017
10:51:41,2025-06-07,-1.032109,54.360285,28.53828918390804,330.58182200227793,11.5,231.0,26.624046156848635
10:51:42,2025-06-07,-1.032169,54.360347,27.610263628650358,330.60910243137073,11.5,231.0,25.69062167544636
10:51:43,2025-06-07,-1.032227,54.360407,26.22628164704074,328.88927485043126,11.5,231.0,24.647801640733967
10:51:44,2025-06-07,-1.032285,54.360463,28.0822882707865,328.9476155487439,11.5,231.0,26.4922101866727
10:51:45,2025-06-07,-1.032347,54.360523,28.08947900398023,332.24246065667035,11.5,231.0,25.847424486862476
10:51:46,2025-06-07,-1.032403,54.360585,28.887772741377027,330.97259761096865,11.5,231.0,26.89623538082882
10:51:47,2025-06-07,-1.032463,54.360648,27.987604338425292,327.7046582781573,11.5,231.0,26.644962275149393
10:51:48,2025-06-07,-1.032527,54.360707,30.614511060325245,325.6115977230144,11.5,231.0,29.689903135417936
10:51:49,2025-06-07,-1.032601,54.36077,27.92241836994167,323.5447474437095,11.5,231.0,27.41182272984202
10:51:50,2025-06-07,-1.032672,54.360826,29.409298440347566,322.27608158343065,11.5,231.0,29.153193625082256
10:51:51,2025-06-07,-1.032749,54.360884,28.767300946841807,320.07282794214046,11.5,231.0,28.953388184144252
10:51:52,2025-06-07,-1.032828,54.360939,29.846504106086538,317.66355304524814,11.5,231.0,30.515793524135503
10:51:53,2025-06-07,-1.032914,54.360994,28.970107701255856,316.0603489881404,11.5,231.0,29.96033146378839
10:51:54,2025-06-07,-1.033,54.361046,30.27797417204942,311.4976327258602,11.5,231.0,32.176490263907624
10:51:55,2025-06-07,-1.033097,54.361096,28.626021019239065,309.1093584447261,11.5,231.0,30.995531127301025
10:51:56,2025-06-07,-1.033192,54.361141,29.790249407796182,308.2898545899661,11.5,231.0,32.32046721315429
10:51:57,2025-06-07,-1.033292,54.361187,27.59822048874646,305.5683995662904,11.5,231.0,30.658230259634074
10:51:58,2025-06-07,-1.033388,54.361227,30.589460972345993,304.34536515080674,11.5,231.0,33.885384588104
10:51:59,2025-06-07,-1.033496,54.36127,28.511405954892545,302.3409098521368,11.5,231.0,32.19067673731074
10:52:00,2025-06-07,-1.033599,54.361308,32.15361951455558,302.46414351970463,11.5,231.0,35.80944729781202
10:52:01,2025-06-07,-1.033715,54.361351,29.55906062867728,303.8280050033352,11.5,231.0,32.95433321249205
10:52:02,2025-06-07,-1.03382,54.361392,30.85768770043616,305.8210989884413,11.5,231.0,33.8687763615563
10:52:03,2025-06-07,-1.033927,54.361437,32.42733860562385,304.7033093089368,11.5,231.0,35.65436823011909
10:52:04,2025-06-07,-1.034041,54.361483,30.110708265559573,300.43605004536903,11.5,231.0,34.15011336842147
10:52:05,2025-06-07,-1.034152,54.361521,30.115023129079187,301.31995415552944,11.5,231.0,33.98784772395043
10:52:06,2025-06-07,-1.034262,54.36156,28.698982288416776,301.16438846678295,11.5,231.0,32.601192745091076
10:52:07,2025-06-07,-1.034367,54.361597,32.96096907556567,302.3983553771377,11.5,231.0,36.62931398645787
10:52:08,2025-06-07,-1.034486,54.361641,31.123414977878067,301.0560489917848,11.5,231.0,35.046073435347694
10:52:09,2025-06-07,-1.0346,54.361681,32.76343634627038,302.61754061851923,11.5,231.0,36.39005946186394
10:52:10,2025-06-07,-1.034718,54.361725,29.338035059302257,303.17708263194356,11.5,231.0,32.85791039989654
10:52:11,2025-06-07,-1.034823,54.361765,27.506220076866708,302.6772622852279,11.5,231.0,31.121465978321957
10:52:12,2025-06-07,-1.034922,54.361802,25.478739726167994,302.3856621181351,11.5,231.0,29.149499153620322
10:52:13,2025-06-07,-1.035014,54.361836,21.2213039146804,299.4596686189515,11.5,231.0,25.44359873251932
10:52:14,2025-06-07,-1.035093,54.361862,18.857908658622257,305.0728911335786,11.5,231.0,22.013672249676503
10:52:15,2025-06-07,-1.035159,54.361889,14.711834372137426,308.85458204284345,11.5,231.0,17.131360528177463
10:52:16,2025-06-07,-1.035208,54.361912,12.689296705686138,314.0727528781617,11.5,231.0,14.076299434722996
10:52:17,2025-06-07,-1.035247,54.361934,10.356528635436169,317.386140175316,11.5,231.0,11.08139594464019
10:52:18,2025-06-07,-1.035277,54.361953,8.931254174467838,305.7433879635385,11.5,231.0,11.957393509890645
10:52:19,2025-06-07,-1.035308,54.361966,9.315430046282357,304.06272528334244,11.5,231.0,12.665662980010964
10:52:20,2025-06-07,-1.035341,54.361979,8.387995123500843,315.83989975407763,11.5,231.0,9.422294109139507
10:52:21,2025-06-07,-1.035366,54.361994,6.875665724646241,314.44232784498354,11.5,231.0,8.189003155678364
10:52:22,2025-06-07,-1.035387,54.362006,7.4766560281733865,323.57125660363147,11.5,231.0,6.960744960538394
10:52:23,2025-06-07,-1.035406,54.362021,7.802454655264167,325.3202306967539,11.5,231.0,6.936150219447504
10:52:24,2025-06-07,-1.035425,54.362037,9.865160307437622,328.5998163775149,11.5,231.0,8.344248351128664
10:52:25,2025-06-07,-1.035447,54.362058,14.849635579843874,329.77232333299224,11.5,231.0,13.09578833863922
10:52:26,2025-06-07,-1.035479,54.36209,17.680249879485515,322.5557589172232,11.5,231.0,17.368027421352117
10:52:27,2025-06-07,-1.035525,54.362125,22.539595036801842,321.53160434084464,11.5,231.0,22.432896737931397
10:52:28,2025-06-07,-1.035585,54.362169,24.414430907679098,323.6008092183263,11.5,231.0,23.89259429091746
10:52:29,2025-06-07,-1.035647,54.362218,23.670779515226435,336.1359469773322,11.5,231.0,20.668012350813534
10:52:30,2025-06-07,-1.035688,54.362272,26.267167621510065,344.0021700925553,11.5,231.0,21.77335870695723
10:52:31,2025-06-07,-1.035719,54.362335,24.15695446430168,354.4534317608179,11.5,231.0,17.817475430079824
10:52:32,2025-06-07,-1.035729,54.362395,27.729936513386367,4.3460415775774095,11.5,231.0,19.836302554193246
10:52:33,2025-06-07,-1.03572,54.362464,32.54605127573327,9.9149215048962,11.5,231.0,23.878103760072612
10:52:34,2025-06-07,-1.035696,54.362544,32.64163569334329,14.07733554622348,11.5,231.0,23.447994180254007
10:52:35,2025-06-07,-1.035662,54.362623,39.94708658802311,15.599060923419643,11.5,231.0,30.573226124070718
10:52:36,2025-06-07,-1.035616,54.362719,37.32175320295186,17.1027068244249,11.5,231.0,27.77630891516674
10:52:37,2025-06-07,-1.035569,54.362808,39.88465043926581,15.275891402425088,11.5,231.0,30.548514407537176
10:52:38,2025-06-07,-1.035524,54.362904,42.22147977803692,12.131549288297094,11.5,231.0,33.26770844637345
10:52:39,2025-06-07,-1.035486,54.363007,43.92109914189776,9.79476679582001,11.5,231.0,35.269019594257905
10:52:40,2025-06-07,-1.035454,54.363115,38.25230724086394,5.604472844681595,11.5,231.0,30.176907929326248
10:52:41,2025-06-07,-1.035438,54.36321,39.27357714302667,359.3187460489515,11.5,231.0,32.14316588040269
10:52:42,2025-06-07,-1.03544,54.363308,39.07311362749009,354.16959054277163,11.5,231.0,32.78124469292011
10:52:43,2025-06-07,-1.035457,54.363405,33.85477324508535,349.26781496583766,11.5,231.0,28.408447540942937
10:52:44,2025-06-07,-1.035484,54.363488,34.68174483576766,343.5729140203687,11.5,231.0,30.26736815536394
10:52:45,2025-06-07,-1.035526,54.363571,34.052492558839326,342.43767826099463,11.5,231.0,29.849369326286723
10:52:46,2025-06-07,-1.03557,54.363652,28.36569622064617,336.71994113874524,11.5,231.0,25.24993816156768
10:52:47,2025-06-07,-1.035618,54.363717,29.773939339656856,334.43896300284985,11.5,231.0,27.101231593265407
10:52:48,2025-06-07,-1.035673,54.363784,24.825773433283192,330.70509912419413,11.5,231.0,22.887136748064542
10:52:49,2025-06-07,-1.035725,54.363838,27.725494543851255,330.19054941948036,11.5,231.0,25.888733362865118
10:52:50,2025-06-07,-1.035784,54.363898,24.273688047903104,333.1100851399731,11.5,231.0,21.86109536609246
10:52:51,2025-06-07,-1.035831,54.363952,25.771111060814295,332.466803861393,11.5,231.0,23.48490933199398
10:52:52,2025-06-07,-1.035882,54.364009,24.426185170440647,334.5128847745122,11.5,231.0,21.73904886926183
10:52:53,2025-06-07,-1.035927,54.364064,28.092834846115256,335.95942502017346,11.5,231.0,25.124282996164787
10:52:54,2025-06-07,-1.035976,54.364128,27.353682032714996,337.40463239289153,11.5,231.0,24.10586333787792
10:52:55,2025-06-07,-1.036021,54.364191,30.50310452611682,338.90914035760534,11.5,231.0,26.966757683345236
10:52:56,2025-06-07,-1.036068,54.364262,27.92299559247163,338.9217651650334,11.5,231.0,24.384237656493298
10:52:57,2025-06-07,-1.036111,54.364327,32.709994068645685,335.0838270374614,11.5,231.0,29.9115698672026
10:52:58,2025-06-07,-1.03617,54.364401,30.401584761290906,329.01291173516734,11.5,231.0,28.798527810366416
10:52:59,2025-06-07,-1.036237,54.364466,30.13464097166164,319.3503881436435,11.5,231.0,30.465693550768815
10:53:00,2025-06-07,-1.036321,54.364523,31.704241639097926,309.25977743120836,11.5,231.0,34.04420040924318
10:53:01,2025-06-07,-1.036426,54.364573,28.89703771743857,300.0051832921318,11.5,231.0,33.017297866767834
10:53:02,2025-06-07,-1.036533,54.364609,28.029095621402064,294.5438039372911,11.5,231.0,33.15250069815408
10:53:03,2025-06-07,-1.036642,54.364638,24.434840745015297,307.420702310391,11.5,231.0,27.13493615746618
10:53:04,2025-06-07,-1.036725,54.364675,23.952615218622892,323.48311959705467,11.5,231.0,23.45437717492951
10:53:05,2025-06-07,-1.036786,54.364723,26.011209102206884,340.05187691500856,11.5,231.0,22.257331778203213
10:53:06,2025-06-07,-1.036824,54.364784,27.52913054978046,347.2600792754516,11.5,231.0,22.440996281324814
10:53:07,2025-06-07,-1.03685,54.364851,28.805633106648095,346.8814688130897,11.5,231.0,23.785758661113405
10:53:08,2025-06-07,-1.036878,54.364921,29.74997015087384,345.91792284333553,11.5,231.0,24.904795583649666
10:53:09,2025-06-07,-1.036909,54.364993,34.88708293486751,342.4698478237966,11.5,231.0,30.67795023256329
10:53:10,2025-06-07,-1.036954,54.365076,32.001448714317746,342.15285645981845,11.5,231.0,27.851589506585324
10:53:11,2025-06-07,-1.036996,54.365152,31.30691071099704,346.6318568279682,11.5,231.0,26.332158983163122
10:53:12,2025-06-07,-1.037027,54.365228,29.833875458155347,353.7099921425868,11.5,231.0,23.619424173889996
10:53:13,2025-06-07,-1.037041,54.365302,24.45414878968507,358.3587434905306,11.5,231.0,17.475906761895075
10:53:14,2025-06-07,-1.037044,54.365363,22.845974923420954,358.82888942303305,11.5,231.0,15.792963005462706
10:53:15,2025-06-07,-1.037046,54.36542,24.448550742364905,358.9056658539822,11.5,231.0,17.38337362163036
10:53:16,2025-06-07,-1.037048,54.365481,22.445338456543123,1.1920138902200392,11.5,231.0,15.023799419903245
10:53:17,2025-06-07,-1.037046,54.365537,25.684640983829144,3.126376578842269,11.5,231.0,17.97080757475957
10:53:18,2025-06-07,-1.03704,54.365601,27.73115164811239,10.674524075422028,11.5,231.0,18.963773983293756
10:53:19,2025-06-07,-1.037018,54.365669,24.96936523245685,21.392983328911782,11.5,231.0,14.970869254312772
10:53:20,2025-06-07,-1.036979,54.365727,23.6878203527913,32.17880325963188,11.5,231.0,12.802725672433947
10:53:21,2025-06-07,-1.036925,54.365777,28.193496809491954,43.47588942422675,11.5,231.0,16.792513568930918
10:53:22,2025-06-07,-1.036842,54.365828,28.06773963111309,44.385577543845784,11.5,231.0,16.644285905525813
10:53:23,2025-06-07,-1.036758,54.365878,27.39201226477081,46.49644714826951,11.5,231.0,15.927518898301194
10:53:24,2025-06-07,-1.036673,54.365925,23.199808006774713,44.84754508541806,11.5,231.0,11.766045229333038
10:53:25,2025-06-07,-1.036603,54.365966,31.366570118408088,38.73921230609869,11.5,231.0,20.128872006514843
10:53:26,2025-06-07,-1.036519,54.366027,24.774220662445313,22.73690624314179,11.5,231.0,14.64522136212692
10:53:27,2025-06-07,-1.036478,54.366084,24.804297106161602,9.754691531553703,11.5,231.0,16.157518475668173
10:53:28,2025-06-07,-1.03646,54.366145,24.084308186444254,3.334297142727735,11.5,231.0,16.339574137986208
10:53:29,2025-06-07,-1.036454,54.366205,23.33712282918659,354.8342916810782,11.5,231.0,16.93400491251805
10:53:30,2025-06-07,-1.036463,54.366263,23.70839073720729,348.6406679248693,11.5,231.0,18.373253972260358
10:53:31,2025-06-07,-1.036483,54.366321,22.7439721948526,345.73612426123384,11.5,231.0,17.931914568734566
10:53:32,2025-06-07,-1.036507,54.366376,21.58106767323511,344.9496130521485,11.5,231.0,16.912837052537924
10:53:33,2025-06-07,-1.036531,54.366428,16.83527167717076,342.2330195382761,11.5,231.0,12.670410886426893
10:53:34,2025-06-07,-1.036553,54.366468,14.366906280843654,337.03724776167076,11.5,231.0,11.189890865982715
10:53:35,2025-06-07,-1.036577,54.366501,9.67180067543141,335.7632355799976,11.5,231.0,6.741309342193841
10:53:36,2025-06-07,-1.036594,54.366523,6.53875524906728,336.86596941219614,11.5,231.0,3.3947938448986394
10:53:37,2025-06-07,-1.036605,54.366538,5.914186675279457,341.58673538291805,11.5,231.0,1.8704999725522145
10:53:38,2025-06-07,-1.036613,54.366552,4.626134521487504,342.3707640065174,11.5,231.0,0.43551552038827523
10:53:39,2025-06-07,-1.036619,54.366563,3.6741858981789286,349.0100056707134,11.5,231.0,-1.7265101858850973
10:53:40,2025-06-07,-1.036622,54.366572,4.432721358574553,353.95339254300416,11.5,231.0,-1.8227799475849036
10:53:41,2025-06-07,-1.036624,54.366583,5.292808976975831,349.8370671450709,11.5,231.0,-0.2538767081070388
10:53:42,2025-06-07,-1.036628,54.366596,7.348371590136116,349.01001668509997,11.5,231.0,1.94767355429555
10:53:43,2025-06-07,-1.036634,54.366614,6.517433398034856,349.6816655184279,11.5,231.0,0.9980913284613075
10:53:44,2025-06-07,-1.036639,54.36663,6.083274200701906,351.16918195903474,11.5,231.0,0.30389168955416235
10:53:45,2025-06-07,-1.036643,54.366645,6.230013744837114,344.79017490218286,11.5,231.0,1.5910472269943288
10:53:46,2025-06-07,-1.03665,54.36666,6.563476017962705,347.67603699601085,11.5,231.0,1.40060481899513
10:53:47,2025-06-07,-1.036656,54.366676,7.451955345515199,345.4831513054565,11.5,231.0,2.6860605224086473
10:53:48,2025-06-07,-1.036664,54.366694,7.006432316389332,346.5101083915571,11.5,231.0,2.053723539112852
10:53:49,2025-06-07,-1.036671,54.366711,8.865442587188218,353.95341447109104,11.5,231.0,2.6099375878824196
10:53:50,2025-06-07,-1.036675,54.366733,6.44987508269526,353.76592658835375,11.5,231.0,0.22598037718958075
10:53:51,2025-06-07,-1.036678,54.366749,9.063939193700469,346.5945522932584,11.5,231.0,4.095939191006575
10:53:52,2025-06-07,-1.036687,54.366771,5.256477182880734,352.34279427687727,11.5,231.0,-0.7253301926874327
10:53:53,2025-06-07,-1.03669,54.366784,0.8014451301254749,0.0,11.5,231.0,-6.43573936694766
10:53:54,2025-06-07,-1.03669,54.366786,0.8349053098454374,196.24068963473405,11.5,231.0,10.282779812740557
10:53:55,2025-06-07,-1.036691,54.366784,1.2900455337871897,338.77402234683024,11.5,231.0,-2.2204856626554057
10:53:56,2025-06-07,-1.036693,54.366787,0.0,0.0,11.5,231.0,-7.237184497073135
10:54:03,2025-06-07,-1.036693,54.366787,0.6614858209902678,323.9362952317431,11.5,231.0,0.07239153680089705
10:54:06,2025-06-07,-1.036698,54.366791,9.517395500835711,332.2058959576282,11.5,231.0,7.282539616658363
10:54:07,2025-06-07,-1.036717,54.366812,4.831389541367162,354.4540260647392,11.5,231.0,-1.5081890155965523
10:54:08,2025-06-07,-1.036719,54.366824,6.617475795395901,14.299345238653814,11.5,231.0,-2.6028655734910693
10:54:09,2025-06-07,-1.036712,54.36684,6.449875003917844,6.23405729663142,11.5,231.0,-1.715003718914419
10:54:10,2025-06-07,-1.036709,54.366856,9.228492698883736,357.09986068725544,11.5,231.0,2.4527571822403047
10:54:11,2025-06-07,-1.036711,54.366879,10.882582057957967,353.84231891253467,11.5,231.0,4.645799608788928
10:54:12,2025-06-07,-1.036716,54.366906,11.222671697772224,358.80802664262603,11.5,231.0,4.172967670359801
10:54:13,2025-06-07,-1.036717,54.366934,12.078473755481099,5.545955137279407,11.5,231.0,4.011440939063455
10:54:14,2025-06-07,-1.036712,54.366964,12.204738555214053,9.913868837418704,11.5,231.0,3.5369298923556016
10:54:15,2025-06-07,-1.036703,54.366994,14.45634392366542,3.7037205356964478,11.5,231.0,6.656958932261525
10:54:16,2025-06-07,-1.036699,54.36703,14.89305727020155,5.3969482187248445,11.5,231.0,6.847366502919041
10:54:17,2025-06-07,-1.036693,54.367067,19.116732281316416,9.844909988581605,11.5,231.0,10.45802605270936
10:54:18,2025-06-07,-1.036679,54.367114,15.799209589893005,15.427546587473671,11.5,231.0,6.445333387274852
10:54:19,2025-06-07,-1.036661,54.367152,30.31900786693425,12.000510600215705,11.5,231.0,21.381764815243102
10:54:20,2025-06-07,-1.036634,54.367226,25.029510974902227,12.389053849913296,11.5,231.0,16.04339639023854
10:54:21,2025-06-07,-1.036611,54.367287,24.247422186022295,12.79539446479265,11.5,231.0,15.210639594337287
10:54:22,2025-06-07,-1.036588,54.367346,23.3156662950577,11.553008427310829,11.5,231.0,14.435219847528726
10:54:23,2025-06-07,-1.036568,54.367403,19.835154763879846,8.119808565347455,11.5,231.0,11.408205498239957
10:54:24,2025-06-07,-1.036556,54.367452,21.301363929135785,4.399957439708089,11.5,231.0,13.399863761577176
10:54:25,2025-06-07,-1.036549,54.367505,19.640984056402797,1.3621745570241046,11.5,231.0,12.193388457166456
10:54:26,2025-06-07,-1.036547,54.367554,21.639021386776857,0.0,11.5,231.0,14.401836889703723
10:54:27,2025-06-07,-1.036547,54.367608,19.257443879887546,357.2205587263301,11.5,231.0,12.462149297851443
10:54:28,2025-06-07,-1.036551,54.367656,18.847040295654327,357.8703783970571,11.5,231.0,11.946963101534951
10:54:29,2025-06-07,-1.036554,54.367703,17.670567879143952,356.21241224762196,11.5,231.0,11.039560647496014
10:54:30,2025-06-07,-1.036559,54.367747,18.886216811459075,355.74663425260076,11.5,231.0,12.331809115514048
10:54:31,2025-06-07,-1.036565,54.367794,16.888803872571547,355.2424874422678,11.5,231.0,10.417793647097971
10:54:32,2025-06-07,-1.036571,54.367836,18.87026604618985,356.45354690563994,11.5,231.0,12.19977484575842
10:54:33,2025-06-07,-1.036576,54.367883,19.270233865085256,356.5272526587531,11.5,231.0,12.587697451346743
10:54:34,2025-06-07,-1.036581,54.367931,21.2846510864658,356.22668537629465,11.5,231.0,14.651303461249805
10:54:35,2025-06-07,-1.036587,54.367984,20.50238421550091,355.42827170927615,11.5,231.0,14.00058236422582
10:54:36,2025-06-07,-1.036594,54.368035,18.870266318526344,356.4535640464279,11.5,231.0,12.199772315612353
10:54:37,2025-06-07,-1.036599,54.368082,18.070431167147287,356.296378120151,11.5,231.0,11.425661797664148
10:54:38,2025-06-07,-1.036604,54.368127,16.836856282579646,358.410928232703,11.5,231.0,9.850291754494052
10:54:39,2025-06-07,-1.036606,54.368169,22.445347869474304,1.1919358984275163,11.5,231.0,15.023820790678979
10:54:40,2025-06-07,-1.036604,54.368225,16.84498385448891,2.382838577951645,11.5,231.0,9.242481515578792
10:54:41,2025-06-07,-1.036601,54.368267,14.856249710799124,3.6037759425389595,11.5,231.0,7.071618202914712
10:54:42,2025-06-07,-1.036597,54.368304,13.722667493183005,6.839459891623449,11.5,231.0,5.472675838064797
10:54:43,2025-06-07,-1.03659,54.368338,13.298161582171888,6.046346148652617,11.5,231.0,5.159858562623709
10:54:44,2025-06-07,-1.036584,54.368371,9.688241129013841,6.920087587338799,11.5,231.0,1.426983405253841
10:54:45,2025-06-07,-1.036579,54.368395,14.975539905691793,8.065479438951854,11.5,231.0,6.556014623123165
10:54:46,2025-06-07,-1.03657,54.368432,10.585606203135015,10.162481646672177,11.5,231.0,1.885085458249245
10:54:47,2025-06-07,-1.036562,54.368458,11.735813280867028,8.004468499069276,11.5,231.0,3.3246340635587313
10:54:48,2025-06-07,-1.036555,54.368487,11.705451148731676,6.8728008302931585,11.5,231.0,3.4507987981704957
10:54:49,2025-06-07,-1.036549,54.368516,10.842259002185225,3.7035844709730554,11.5,231.0,3.0428940800743742
10:54:50,2025-06-07,-1.036546,54.368543,10.842259009542834,3.7035820445437366,11.5,231.0,3.0428944453261844
10:54:51,2025-06-07,-1.036543,54.36857,12.023957391703954,1.1124840326856429,11.5,231.0,4.614619157187782
10:54:52,2025-06-07,-1.036542,54.3686,10.819512551667245,0.0,11.5,231.0,3.58232805459411
10:54:53,2025-06-07,-1.036542,54.368627,12.04215657609443,356.66590146970793,11.5,231.0,5.33699174433978
10:54:54,2025-06-07,-1.036545,54.368657,10.910213862888085,352.6235493819618,11.5,231.0,4.880350626375104
10:54:55,2025-06-07,-1.036551,54.368684,12.529913610386586,352.50592172247457,11.5,231.0,6.520166729242305
10:54:56,2025-06-07,-1.036558,54.368715,11.854172650052572,348.64132050310485,11.5,231.0,6.518919852857908
10:54:57,2025-06-07,-1.036568,54.368744,11.461606261955206,348.24675971715845,11.5,231.0,6.196634433451938
10:54:58,2025-06-07,-1.036578,54.368772,12.204726166331398,350.08655894372674,11.5,231.0,6.61422670183399
10:54:59,2025-06-07,-1.036587,54.368802,11.511650437830996,347.10901930688374,11.5,231.0,6.450724356016896
10:55:00,2025-06-07,-1.036598,54.36883,12.400527242949732,345.8319988153497,11.5,231.0,7.570998779474082
10:55:01,2025-06-07,-1.036611,54.36886,12.908686864002966,344.2576002846664,11.5,231.0,8.36773096259537
10:55:02,2025-06-07,-1.036626,54.368891,12.662649167324988,341.7309332309623,11.5,231.0,8.591881167666298
10:55:03,2025-06-07,-1.036643,54.368921,14.483519150662545,340.21032598401433,11.5,231.0,10.699595499962989
10:55:04,2025-06-07,-1.036664,54.368955,13.63269083848253,335.7238401013797,11.5,231.0,10.709846337774703
10:55:05,2025-06-07,-1.036688,54.368986,15.748660690253477,336.39843237594,11.5,231.0,12.695068685507788
10:55:06,2025-06-07,-1.036715,54.369022,15.854534467939885,339.2995235199497,11.5,231.0,12.243712023386509
10:55:07,2025-06-07,-1.036739,54.369059,15.107709239973342,338.22473880607805,11.5,231.0,11.702323645652633
10:55:08,2025-06-07,-1.036763,54.369094,15.938906216290167,338.514297770583,11.5,231.0,12.478052703826537
10:55:09,2025-06-07,-1.036788,54.369131,17.40596299141577,337.1029315187445,11.5,231.0,14.216279166381582
10:55:10,2025-06-07,-1.036817,54.369171,17.144513470073804,339.260134244528,11.5,231.0,13.541197994273611
10:55:11,2025-06-07,-1.036843,54.369211,16.528789545372746,341.0392990810198,11.5,231.0,12.588146686234285
10:55:12,2025-06-07,-1.036866,54.36925,14.57842595216067,344.2007622551675,11.5,231.0,10.04795336968959
10:55:13,2025-06-07,-1.036883,54.369285,20.422612442109042,344.07472108525167,11.5,231.0,15.91540303357219
10:55:14,2025-06-07,-1.036907,54.369334,16.150422924917038,340.577319389306,11.5,231.0,12.297018693955895
10:55:15,2025-06-07,-1.03693,54.369372,16.382400721172573,342.5841665530488,11.5,231.0,12.151923334716162
10:55:16,2025-06-07,-1.036951,54.369411,18.051881748255596,342.6929707987047,11.5,231.0,13.80110493933485
10:55:17,2025-06-07,-1.036974,54.369454,19.411142961483083,341.77480534173384,11.5,231.0,15.332140600957558
10:55:18,2025-06-07,-1.037,54.3695,19.792074516819792,342.13771253154596,11.5,231.0,15.645050231385802
10:55:19,2025-06-07,-1.037026,54.369547,24.212135424193225,343.7603681096323,11.5,231.0,19.763040326002454
10:55:20,2025-06-07,-1.037055,54.369605,26.141490146932096,344.98876025066915,11.5,231.0,21.46607976564078
10:55:21,2025-06-07,-1.037084,54.369668,29.093863361315574,344.6433635348976,11.5,231.0,24.48187513394356
10:55:22,2025-06-07,-1.037117,54.369738,29.425958693498522,342.4508509048421,11.5,231.0,25.220374570751346
10:55:23,2025-06-07,-1.037155,54.369808,31.389718135059045,340.8948750320737,11.5,231.0,27.47632054781869
10:55:24,2025-06-07,-1.037199,54.369882,31.046435089045637,338.3737984047501,11.5,231.0,27.6124846847546
10:55:25,2025-06-07,-1.037248,54.369954,25.974064430401885,337.8151583079506,11.5,231.0,22.647286268534135
10:55:26,2025-06-07,-1.03729,54.370014,32.70919916533411,338.6484836044693,11.5,231.0,29.222670899512867
10:55:27,2025-06-07,-1.037341,54.37009,24.871480411523027,341.9527807962745,11.5,231.0,20.759098400301937
10:55:28,2025-06-07,-1.037374,54.370149,22.242831076789056,346.64881527694877,11.5,231.0,17.265010746620508
10:55:29,2025-06-07,-1.037396,54.370203,19.202416366100984,348.78302611386397,11.5,231.0,13.841983896351174
10:55:30,2025-06-07,-1.037412,54.37025,17.026005820395344,351.32521334467884,11.5,231.0,11.219569372124276
10:55:31,2025-06-07,-1.037423,54.370292,14.893054812264104,354.6034779177265,11.5,231.0,8.528470576334056
10:55:32,2025-06-07,-1.037429,54.370329,15.243635542824807,357.36680706849364,11.5,231.0,8.424681894136521
10:55:33,2025-06-07,-1.037432,54.370367,14.027249638005934,0.9535476984793831,11.5,231.0,6.642336827676874
10:55:34,2025-06-07,-1.037431,54.370402,15.64394431161105,2.565761959709903,11.5,231.0,8.01393310879368
10:55:35,2025-06-07,-1.037428,54.370441,16.888803777345274,4.757207320305838,11.5,231.0,8.935358725689158
10:55:36,2025-06-07,-1.037422,54.370483,14.85625200234747,3.603581994646504,11.5,231.0,7.071649147438495
10:55:37,2025-06-07,-1.037418,54.37052,15.29203991428866,5.255285017866015,11.5,231.0,7.266689827868154
10:55:38,2025-06-07,-1.037412,54.370558,13.275498138442412,5.044064507343762,11.5,231.0,5.280567174605518
10:55:39,2025-06-07,-1.037407,54.370591,17.539659994174432,10.739388840916547,11.5,231.0,8.763862854542447
10:55:40,2025-06-07,-1.037393,54.370634,12.686214046736907,11.678978974987047,11.5,231.0,3.789724588088765
10:55:41,2025-06-07,-1.037382,54.370665,17.633042089872298,12.230150392801193,11.5,231.0,8.666864796343184
10:55:42,2025-06-07,-1.037366,54.370708,14.74318553776248,11.879586032491204,11.5,231.0,5.821236519820763
10:55:43,2025-06-07,-1.037353,54.370744,15.18426130692605,12.430348403624237,11.5,231.0,6.192976887902741
10:55:44,2025-06-07,-1.037339,54.370781,15.048459466554895,9.825406273482827,11.5,231.0,6.392329966454982
10:55:45,2025-06-07,-1.037328,54.370818,15.44343006997617,9.571680864056873,11.5,231.0,6.820912729234589
10:55:46,2025-06-07,-1.037317,54.370856,13.298158028152193,6.045978166564282,11.5,231.0,5.159907192524612
10:55:47,2025-06-07,-1.037311,54.370889,14.074003126622452,4.7571564681323935,11.5,231.0,6.1205654470232504
10:55:48,2025-06-07,-1.037306,54.370924,13.22592344840541,1.0113131430042586,11.5,231.0,5.8321266291093075
10:55:49,2025-06-07,-1.037305,54.370957,12.857237368166965,355.8352537850092,11.5,231.0,6.2882222225737285
10:55:50,2025-06-07,-1.037309,54.370989,13.656681679071099,356.0794543497776,11.5,231.0,7.047495572056545
10:55:51,2025-06-07,-1.037313,54.371023,13.722660707951885,353.1609886539584,11.5,231.0,7.60121071242549
10:55:52,2025-06-07,-1.03732,54.371057,12.103371665867344,353.3546207852103,11.5,231.0,5.9490557564855004
10:55:53,2025-06-07,-1.037326,54.371087,14.653798259192724,349.90727677482994,11.5,231.0,9.094772243598278
10:55:54,2025-06-07,-1.037337,54.371123,13.824008133995928,350.2777409037102,11.5,231.0,8.200006496011694
10:55:55,2025-06-07,-1.037347,54.371157,14.259477217385163,349.6251084233491,11.5,231.0,8.750096711228768
10:55:56,2025-06-07,-1.037358,54.371192,15.443427106196593,350.42840469909805,11.5,231.0,9.79306767940343
10:55:57,2025-06-07,-1.037369,54.37123,15.838686815162593,350.6694676481904,11.5,231.0,10.146236115664392
10:55:58,2025-06-07,-1.03738,54.371269,15.406163355740112,351.2845551519348,11.5,231.0,9.60677240130738
10:55:59,2025-06-07,-1.03739,54.371307,15.406163123461104,351.28456308909335,11.5,231.0,9.606770793345142
10:56:00,2025-06-07,-1.0374,54.371345,15.40616289116722,351.28457103434755,11.5,231.0,9.606769183964992
10:56:01,2025-06-07,-1.03741,54.371383,16.934119993309743,353.6684857873569,11.5,231.0,10.726680062096781
10:56:02,2025-06-07,-1.037418,54.371425,14.944423090237168,352.8212849458306,11.5,231.0,8.880800980629568
10:56:03,2025-06-07,-1.037426,54.371462,15.372370386101768,352.1446643559828,11.5,231.0,9.424562722983838
10:56:04,2025-06-07,-1.037435,54.3715,13.722659514617396,353.16106734492394,11.5,231.0,7.601196148349873
10:56:05,2025-06-07,-1.037442,54.371534,18.951320946140296,353.635107178446,11.5,231.0,12.749521772954465
10:56:06,2025-06-07,-1.037451,54.371581,15.243637735169743,357.3668872379672,11.5,231.0,8.424671129376456
10:56:07,2025-06-07,-1.037454,54.371619,15.629943894208989,359.1442628611773,11.5,231.0,8.527042218628273
10:56:08,2025-06-07,-1.037455,54.371658,15.243637869143944,2.6331078310005864,11.5,231.0,7.603518454979974
10:56:09,2025-06-07,-1.037452,54.371696,17.422219903872268,8.475717620198736,11.5,231.0,8.946823973989398
10:56:10,2025-06-07,-1.037441,54.371739,18.722012111475067,10.053487599147445,11.5,231.0,10.035812502226047
10:56:11,2025-06-07,-1.037427,54.371785,21.058397821475253,8.285773029672214,11.5,231.0,12.608816747100843
10:56:12,2025-06-07,-1.037414,54.371837,20.838904454967015,0.6418201224770428,11.5,231.0,13.502062963845768
10:56:13,2025-06-07,-1.037413,54.371889,21.747679398197675,347.6024589523986,11.5,231.0,16.59800858889124
10:56:14,2025-06-07,-1.037433,54.371942,22.747811279648985,336.3999544884075,11.5,231.0,19.69392473533378
10:56:15,2025-06-07,-1.037472,54.371994,20.104198937581405,326.90098937051374,11.5,231.0,18.921887237226308
10:56:16,2025-06-07,-1.037519,54.372036,17.859333379747923,323.93980707726183,11.5,231.0,17.26953514951547
10:56:17,2025-06-07,-1.037564,54.372072,15.413419551185784,323.7643210392478,11.5,231.0,14.858799983870018
10:56:18,2025-06-07,-1.037603,54.372103,16.336634004561333,324.1054343514882,11.5,231.0,15.713638509902747
10:56:19,2025-06-07,-1.037644,54.372136,14.082766246902146,325.6688021876735,11.5,231.0,13.14671428327934
10:56:20,2025-06-07,-1.037678,54.372165,13.112157751946603,328.8965102775985,11.5,231.0,11.532239260151133
10:56:21,2025-06-07,-1.037707,54.372193,12.184228754270773,328.82935089242136,11.5,231.0,10.61766328004929
10:56:22,2025-06-07,-1.037734,54.372219,13.234731181205957,328.03068186184083,11.5,231.0,11.827121591542737
10:56:23,2025-06-07,-1.037764,54.372247,11.969811916622284,326.8788359803821,11.5,231.0,10.791923213253794
10:56:24,2025-06-07,-1.037792,54.372272,12.232168583253408,325.0457144238099,11.5,231.0,11.420816269566842
10:56:25,2025-06-07,-1.037822,54.372297,14.268159744746933,330.5889695948876,11.5,231.0,12.352502133246944
10:56:26,2025-06-07,-1.037852,54.372328,15.66009669823968,330.5169528500051,11.5,231.0,13.758693324265248
10:56:27,2025-06-07,-1.037885,54.372362,15.553908712235085,328.29146150146363,11.5,231.0,14.094365624839707
10:56:28,2025-06-07,-1.03792,54.372395,19.257240137248886,330.97957300503515,11.5,231.0,17.264323893952255
10:56:29,2025-06-07,-1.03796,54.372437,19.746433545117778,333.2939590637975,11.5,231.0,17.297768778082162
10:56:30,2025-06-07,-1.037998,54.372481,17.751942245396624,329.1272414963796,11.5,231.0,16.126165090541548
10:56:31,2025-06-07,-1.038037,54.372519,24.84301241433367,332.5722562359656,11.5,231.0,22.536071386529233
10:56:32,2025-06-07,-1.038086,54.372574,23.083999305112293,330.27963663583245,11.5,231.0,21.229588945682227
10:56:33,2025-06-07,-1.038135,54.372624,21.344985120705765,329.7787448515876,11.5,231.0,19.589864086251385
10:56:34,2025-06-07,-1.038181,54.37267,23.241683956926426,333.76163428184685,11.5,231.0,20.70138593586976
10:56:35,2025-06-07,-1.038225,54.372722,21.706726386746578,332.4430423485265,11.5,231.0,19.425198901877614
10:56:36,2025-06-07,-1.038268,54.37277,20.90516933792362,336.98684315728843,11.5,231.0,17.73787827907724
10:56:37,2025-06-07,-1.038303,54.372818,19.72429395982571,339.1983914819562,11.5,231.0,16.132749097077443
10:56:38,2025-06-07,-1.038333,54.372864,19.106937811533275,340.7352549461246,11.5,231.0,15.2236811142647
10:56:39,2025-06-07,-1.03836,54.372909,19.524911725407787,337.4993446008733,11.5,231.0,16.258861391420314
10:56:40,2025-06-07,-1.038392,54.372954,20.631451657481282,335.954775447514,11.5,231.0,17.66380141816332
10:56:41,2025-06-07,-1.038428,54.373001,20.364639232465045,334.8951762764026,11.5,231.0,17.60295658532853
10:56:42,2025-06-07,-1.038465,54.373047,19.06520222521768,337.6867015803437,11.5,231.0,15.763112921156926
10:56:43,2025-06-07,-1.038496,54.373091,17.22871508720486,338.5357285494873,11.5,231.0,13.76375979025881
10:56:44,2025-06-07,-1.038523,54.373131,17.976748588976747,339.47075401806507,11.5,231.0,14.333312217781401
10:56:45,2025-06-07,-1.03855,54.373173,18.65159513752461,341.0062146691934,11.5,231.0,14.717191373623328
10:56:46,2025-06-07,-1.038576,54.373217,17.687445536186505,338.307016120287,11.5,231.0,14.266289991338786
10:56:47,2025-06-07,-1.038604,54.373258,17.49822996065303,336.4006214297127,11.5,231.0,14.444214359139032
10:56:48,2025-06-07,-1.038634,54.373298,17.36262210738582,341.1718387544062,11.5,231.0,13.396997965211806
10:56:49,2025-06-07,-1.038658,54.373339,18.196699276762324,341.2906536816563,11.5,231.0,14.208698747284688
10:56:50,2025-06-07,-1.038683,54.373382,16.22970490996308,339.8016943991298,11.5,231.0,12.523327472661283
10:56:51,2025-06-07,-1.038707,54.37342,17.895865680304528,340.17095400464046,11.5,231.0,14.119405352994278
10:56:52,2025-06-07,-1.038733,54.373462,18.1966939978717,341.29070583145904,11.5,231.0,14.208683650792196
10:56:53,2025-06-07,-1.038758,54.373505,21.32290844467958,343.460694915863,11.5,231.0,16.929338526329502
10:56:54,2025-06-07,-1.038784,54.373556,23.466476449058923,346.7731253986251,11.5,231.0,18.466175746553958
10:56:55,2025-06-07,-1.038807,54.373613,25.281597743460225,349.3580907144476,11.5,231.0,19.819320170395248
10:56:56,2025-06-07,-1.038827,54.373675,29.410461919042447,354.0777714856928,11.5,231.0,23.134027362816873
10:56:57,2025-06-07,-1.03884,54.373748,27.698345429647688,356.61811659654904,11.5,231.0,21.0009749829223
10:56:58,2025-06-07,-1.038847,54.373817,25.684660898751915,356.87425247482264,11.5,231.0,18.945565658426048
10:56:59,2025-06-07,-1.038853,54.373881,32.47963780501603,357.9407416193881,11.5,231.0,25.568267644933375
10:57:00,2025-06-07,-1.038858,54.373962,29.256524286556502,359.0857132805528,11.5,231.0,22.16286850151713
10:57:01,2025-06-07,-1.03886,54.374035,24.448583966524335,358.9058953512248,11.5,231.0,17.38337050102602
10:57:02,2025-06-07,-1.038862,54.374096,24.043383328502138,0.0,11.5,231.0,16.806198831429004
10:57:03,2025-06-07,-1.038862,54.374156,22.441710805014594,359.40405445224985,11.5,231.0,15.297873595071003
10:57:04,2025-06-07,-1.038863,54.374212,23.64381820375267,359.4343555594391,11.5,231.0,16.495215976270757
10:57:05,2025-06-07,-1.038864,54.374271,22.041010331997825,359.39322156629464,11.5,231.0,14.898877138499248
10:57:06,2025-06-07,-1.038865,54.374326,23.246647426529762,358.8493266421658,11.5,231.0,16.190395999451418
10:57:07,2025-06-07,-1.038867,54.374384,23.28428783399972,356.55169011865047,11.5,231.0,16.597760218012198
10:57:08,2025-06-07,-1.038873,54.374442,20.485026202222862,356.07978462478303,11.5,231.0,13.875785846146545
10:57:09,2025-06-07,-1.038879,54.374493,21.301367236913915,355.6007939767573,11.5,231.0,14.771032993308241
10:57:10,2025-06-07,-1.038886,54.374546,18.070438663607714,356.296959462385,11.5,231.0,11.425574060932515
10:57:11,2025-06-07,-1.038891,54.374591,18.44661854204271,357.82449333745575,11.5,231.0,11.553911290844649
10:57:12,2025-06-07,-1.038894,54.374637,14.473377955665768,355.37482568860963,11.5,231.0,7.980427183478343
10:57:13,2025-06-07,-1.038899,54.374673,17.633368112409766,359.24155012861604,11.5,231.0,10.515119668620915
10:57:14,2025-06-07,-1.0389,54.374717,15.234664470208898,358.24403877166066,11.5,231.0,8.274736057974948
10:57:15,2025-06-07,-1.038902,54.374755,16.83199604448161,359.2054395412362,11.5,231.0,9.719441542445033
10:57:16,2025-06-07,-1.038903,54.374797,15.272339782454797,355.6172985109549,11.5,231.0,8.739279054820406
10:57:17,2025-06-07,-1.038908,54.374835,16.870970476553985,356.0333004868015,11.5,231.0,10.269367494914896
10:57:18,2025-06-07,-1.038913,54.374877,15.292037285142294,354.74526947093074,11.5,231.0,8.903769089327952
10:57:19,2025-06-07,-1.038919,54.374915,17.308737806154063,354.5832924192299,11.5,231.0,10.94752840045414
10:57:20,2025-06-07,-1.038926,54.374958,14.893051294444346,354.6040875002918,11.5,231.0,8.528365154185856
10:57:21,2025-06-07,-1.038932,54.374995,16.831996699269038,359.205444185,11.5,231.0,9.719441464818978
10:57:22,2025-06-07,-1.038933,54.375037,15.769396360178582,7.655677953372219,11.5,231.0,7.406113194087677
10:57:23,2025-06-07,-1.038924,54.375076,19.158115978665567,10.530880269134286,11.5,231.0,10.409423321853252
10:57:24,2025-06-07,-1.038909,54.375123,17.977633685840978,11.231191457608418,11.5,231.0,9.138367050020774
10:57:25,2025-06-07,-1.038894,54.375167,17.192315134845934,11.75144911330716,11.5,231.0,8.286615704809222
10:57:26,2025-06-07,-1.038879,54.375209,18.51769652221516,13.115344962026143,11.5,231.0,9.441337915883635
10:57:27,2025-06-07,-1.038861,54.375254,17.29388259952694,13.265977027991141,11.5,231.0,8.19898959968287
10:57:28,2025-06-07,-1.038844,54.375296,18.465900279042316,12.409893989389161,11.5,231.0,9.477176048344758
10:57:29,2025-06-07,-1.038827,54.375341,12.590947284101937,17.257509085418235,11.5,231.0,3.0282094859335373
10:57:30,2025-06-07,-1.038811,54.375371,21.460990981326905,17.733671732166215,11.5,231.0,11.845497497369104
10:57:31,2025-06-07,-1.038783,54.375422,15.022025735420904,20.94518549011366,11.5,231.0,5.0682391373785745
10:57:32,2025-06-07,-1.03876,54.375457,18.576515520797113,18.311919230505225,11.5,231.0,8.89784929774619
10:57:33,2025-06-07,-1.038735,54.375501,18.886414612036287,17.257439610083907,11.5,231.0,9.32368455955626
10:57:34,2025-06-07,-1.038711,54.375546,21.967943875862638,14.77580174249141,11.5,231.0,12.690769627359481
10:57:35,2025-06-07,-1.038687,54.375599,24.800834906831863,14.165749563252518,11.5,231.0,15.596543775639162
10:57:36,2025-06-07,-1.038661,54.375659,25.23931460398123,10.120599508156431,11.5,231.0,16.54429318801708
10:57:37,2025-06-07,-1.038642,54.375721,26.550993072407973,5.043429518025448,11.5,231.0,18.556153721180586
10:57:38,2025-06-07,-1.038632,54.375787,27.25017967743895,359.50923525681054,11.5,231.0,20.08981077936109
10:57:39,2025-06-07,-1.038633,54.375855,26.950180778262958,355.03148216606456,11.5,231.0,20.514224773992336
10:57:40,2025-06-07,-1.038643,54.375922,25.325896994406722,348.83965977350323,11.5,231.0,19.955410450840677
10:57:41,2025-06-07,-1.038664,54.375984,25.399340199930652,341.2337807252067,11.5,231.0,21.42204840709325
10:57:42,2025-06-07,-1.038699,54.376044,24.313382504698648,337.4105256629438,11.5,231.0,21.064429124611824
10:57:43,2025-06-07,-1.038739,54.3761,25.198754914265244,332.99417369115116,11.5,231.0,22.808914342830064
10:57:44,2025-06-07,-1.038788,54.376156,24.011502836980505,330.26243146119873,11.5,231.0,22.1605006679564
10:57:45,2025-06-07,-1.038839,54.376208,22.94219857069375,325.2395618317696,11.5,231.0,22.092040261150782
10:57:46,2025-06-07,-1.038895,54.376255,21.55481789614802,324.94655878070733,11.5,231.0,20.763319006839552
10:57:47,2025-06-07,-1.038948,54.376299,19.949174131642355,321.6367570504227,11.5,231.0,19.821371431250302
10:57:48,2025-06-07,-1.039001,54.376338,21.308107728186236,320.5126757712268,11.5,231.0,21.405918790511272
10:57:49,2025-06-07,-1.039059,54.376379,20.63023141494647,324.7293883036357,11.5,231.0,19.882223652283724
10:57:50,2025-06-07,-1.03911,54.376421,18.45872405498601,323.50308905633966,11.5,231.0,17.956481677784385
10:57:51,2025-06-07,-1.039157,54.376458,16.283067706032572,319.78543870042233,11.5,231.0,16.526827526040265
10:57:52,2025-06-07,-1.039202,54.376489,17.454181109118753,325.80264033425016,11.5,231.0,16.49135782137577
10:57:53,2025-06-07,-1.039244,54.376525,16.473447886485314,331.18494669264715,11.5,231.0,14.439947084222386
10:57:54,2025-06-07,-1.039278,54.376561,15.341400937500898,326.7647027793972,11.5,231.0,14.186302078056352
10:57:55,2025-06-07,-1.039314,54.376593,17.28919052730418,331.78772186384566,11.5,231.0,15.136726187957088
10:57:56,2025-06-07,-1.039349,54.376631,17.632386569266956,329.78117110847603,11.5,231.0,15.876784260366975
10:57:57,2025-06-07,-1.039387,54.376669,16.528503641438583,325.5795247721505,11.5,231.0,15.610312474427612
10:57:58,2025-06-07,-1.039427,54.376703,20.16801513440496,324.6135056856657,11.5,231.0,19.443218764129035
10:57:59,2025-06-07,-1.039477,54.376744,19.705932699893424,324.49199080634133,11.5,231.0,19.005479051892536
10:58:00,2025-06-07,-1.039526,54.376784,21.472449432952775,321.6746860811418,11.5,231.0,21.337034386862882
10:58:01,2025-06-07,-1.039583,54.376826,20.416800934729174,316.6344347645966,11.5,231.0,21.292178468945238
10:58:02,2025-06-07,-1.039643,54.376863,20.767600790483414,311.0641606022506,11.5,231.0,22.75187136960131
10:58:03,2025-06-07,-1.03971,54.376897,19.850684694196534,304.47949913642327,11.5,231.0,23.12080628815045
10:58:04,2025-06-07,-1.03978,54.376925,21.51091495211374,290.77236072033025,11.5,231.0,27.300438280543453
10:58:05,2025-06-07,-1.039866,54.376944,20.66941104543856,280.07124995947174,11.5,231.0,28.203291109782704
10:58:06,2025-06-07,-1.039953,54.376953,24.563163340342374,270.0000426757564,11.5,231.0,33.50033650660513
10:58:07,2025-06-07,-1.040058,54.376953,26.04395981795822,265.57775346075596,11.5,231.0,35.51256285942645
10:58:08,2025-06-07,-1.040169,54.376948,27.74647730664278,264.18457608419413,11.5,231.0,37.37096169708349
10:58:09,2025-06-07,-1.040287,54.376941,28.487088383674713,263.52395066759027,11.5,231.0,38.183506252716256
10:58:10,2025-06-07,-1.040408,54.376933,29.266577308373886,267.6404996743418,11.5,231.0,38.494129370915005
10:58:11,2025-06-07,-1.040533,54.37693,27.210331730402554,265.767665712602,11.5,231.0,36.65725000973119
10:58:12,2025-06-07,-1.040649,54.376925,27.2810605807502,264.0850167484535,11.5,231.0,36.91646780199597
10:58:13,2025-06-07,-1.040765,54.376918,27.650839907258984,266.66922187069923,11.5,231.0,36.99340398353364
10:58:14,2025-06-07,-1.040883,54.376914,27.048383243039943,264.0339522906563,11.5,231.0,36.6893815505972
10:58:15,2025-06-07,-1.040998,54.376907,25.549262839979495,266.3948946134807,11.5,231.0,34.92382605276342
10:58:16,2025-06-07,-1.041107,54.376903,25.31579521897366,266.3616028100939,11.5,231.0,34.6942271744475
10:58:17,2025-06-07,-1.041215,54.376899,24.771511007025737,262.54748873044184,11.5,231.0,34.57188928284243
10:58:18,2025-06-07,-1.04132,54.376891,24.125301569017566,267.1372766031374,11.5,231.0,33.412774963064905
10:58:19,2025-06-07,-1.041423,54.376888,22.457784815017497,270.00003901769816,11.5,231.0,31.394958443339863
10:58:20,2025-06-07,-1.041519,54.376888,21.99356492694358,271.04641274767727,11.5,231.0,30.797085158029283
10:58:21,2025-06-07,-1.041613,54.376889,20.899824300900857,279.95909569144067,11.5,231.0,28.45069739254267
10:58:22,2025-06-07,-1.041701,54.376898,18.603361431446444,291.5252591317476,11.5,231.0,24.261819264734992
10:58:23,2025-06-07,-1.041775,54.376915,24.686522930659486,303.5580166216468,11.5,231.0,28.133532123132543
10:58:24,2025-06-07,-1.041863,54.376949,23.027913905066033,323.2382673750104,11.5,231.0,22.578779106515942
10:58:25,2025-06-07,-1.041922,54.376995,21.557140687737018,338.3932116205275,11.5,231.0,18.119471767769078
10:58:26,2025-06-07,-1.041956,54.377045,22.39570137143285,349.7943975255763,11.5,231.0,16.856519542695015
10:58:27,2025-06-07,-1.041973,54.3771,23.31717372794377,355.40686330455264,11.5,231.0,16.818916597174976
10:58:28,2025-06-07,-1.041981,54.377158,24.07182989901854,357.22120488674204,11.5,231.0,17.27643068803852
10:58:29,2025-06-07,-1.041986,54.377218,22.100529268656146,355.7604513967417,11.5,231.0,15.543843014618435
10:58:30,2025-06-07,-1.041993,54.377273,23.684299916870568,356.61023663463845,11.5,231.0,16.988215250368967
10:58:31,2025-06-07,-1.041999,54.377332,24.88445892898,356.7739070753261,11.5,231.0,18.16169405584447
10:58:32,2025-06-07,-1.042005,54.377394,23.758123399457563,354.36207762707664,11.5,231.0,17.433950725885964
10:58:33,2025-06-07,-1.042015,54.377453,25.376371938715106,354.1931990007927,11.5,231.0,19.080537136385875
10:58:34,2025-06-07,-1.042026,54.377516,23.671588900189395,357.1742069022022,11.5,231.0,16.883802049444334
10:58:35,2025-06-07,-1.042031,54.377575,22.884311790577893,356.49161521308787,11.5,231.0,16.207597974576352
10:58:36,2025-06-07,-1.042037,54.377632,21.52625543056162,350.6394617003271,11.5,231.0,15.83903850336473
10:58:37,2025-06-07,-1.042052,54.377685,19.342741494231277,335.7690892757195,11.5,231.0,16.411114051511355
10:58:38,2025-06-07,-1.042086,54.377729,19.48648862127765,317.8229481578354,11.5,231.0,20.1238370686755
10:58:39,2025-06-07,-1.042142,54.377765,22.637100435413775,298.6069650764798,11.5,231.0,27.018117233786555
10:58:40,2025-06-07,-1.042227,54.377792,24.860573975062252,289.8269835686505,11.5,231.0,30.813251312867095
10:58:41,2025-06-07,-1.042327,54.377813,24.25751809235338,276.65544668246486,11.5,231.0,32.29569147374973
10:58:42,2025-06-07,-1.04243,54.37782,25.652191296649352,276.29212040855384,11.5,231.0,33.742354456978475
10:58:43,2025-06-07,-1.042539,54.377827,26.743171048461544,274.3064974014994,11.5,231.0,35.11166332371974
10:58:44,2025-06-07,-1.042653,54.377832,28.646677844904723,278.8714165032685,11.5,231.0,36.36083977475626
10:58:45,2025-06-07,-1.042774,54.377843,30.234138721810055,280.71748510730686,11.5,231.0,37.669544266067525
10:58:46,2025-06-07,-1.042901,54.377857,30.317365966056418,286.94160012944525,11.5,231.0,36.75779866499809
10:58:47,2025-06-07,-1.043025,54.377879,28.183725077328695,285.70711486425523,11.5,231.0,34.82792222547934
10:58:48,2025-06-07,-1.043141,54.377898,28.860031007009667,285.3299980713206,11.5,231.0,35.565864464107264
10:58:49,2025-06-07,-1.04326,54.377917,28.07809802103353,284.91824729357495,11.5,231.0,34.850896551100924
10:58:50,2025-06-07,-1.043376,54.377935,26.17767259815128,280.60869151101303,11.5,231.0,33.62972287251959
10:58:51,2025-06-07,-1.043486,54.377947,24.739208609969467,283.13599030558294,11.5,231.0,31.79778689743827
10:58:52,2025-06-07,-1.043589,54.377961,22.16753052396577,277.2861355512167,11.5,231.0,30.1146898723327
10:58:53,2025-06-07,-1.043683,54.377968,26.509814076415285,274.34447678271613,11.5,231.0,34.87307592517772
10:58:54,2025-06-07,-1.043796,54.377973,28.71097286581939,279.6633464181133,11.5,231.0,36.30651742797096
10:58:55,2025-06-07,-1.043917,54.377985,28.479105007909094,282.21165091315993,11.5,231.0,35.68322621703584
10:58:56,2025-06-07,-1.044036,54.378,30.853719691289704,279.7423469476509,11.5,231.0,38.43735137290401
10:58:57,2025-06-07,-1.044166,54.378013,28.62656658528249,281.3269775895301,11.5,231.0,35.96822956691965
10:58:58,2025-06-07,-1.044286,54.378027,27.328201082905398,280.15728419593256,11.5,231.0,34.84902612130933
10:58:59,2025-06-07,-1.044401,54.378039,22.351444679078256,280.3511376771151,11.5,231.0,29.842791854315866
10:59:00,2025-06-07,-1.044495,54.378049,19.65409259114772,271.1709773590437,11.5,231.0,28.441505724760127
10:59:01,2025-06-07,-1.044579,54.37805,18.295559871850916,259.88585173543294,11.5,231.0,28.364774021074815
10:59:02,2025-06-07,-1.044656,54.378042,16.506593083611744,254.47798866844926,11.5,231.0,27.054544817156362
10:59:03,2025-06-07,-1.044724,54.378031,14.470795286679174,260.4144480814508,11.5,231.0,24.48833021647889
10:59:04,2025-06-07,-1.044785,54.378025,14.503585255550801,270.0000251969558,11.5,231.0,23.440760629609635
10:59:05,2025-06-07,-1.044847,54.378025,15.91220441580138,271.4463801664683,11.5,231.0,24.6638586734064
10:59:06,2025-06-07,-1.044915,54.378026,15.800776943792934,277.30150375573174,11.5,231.0,23.745706460241042
10:59:07,2025-06-07,-1.044982,54.378031,15.950855400332205,284.58181231258743,11.5,231.0,22.778110519484162
10:59:08,2025-06-07,-1.045048,54.378041,14.591883635983155,276.3208963968284,11.5,231.0,22.67794096254369
10:59:09,2025-06-07,-1.04511,54.378045,12.223550508506149,275.65692882405955,11.5,231.0,20.40382295219267
10:59:10,2025-06-07,-1.045162,54.378048,9.599442725588139,272.39795522842076,11.5,231.0,18.225991431143733
10:59:11,2025-06-07,-1.045203,54.378049,8.275289335122334,278.37188617822727,11.5,231.0,16.063515702065747
10:59:12,2025-06-07,-1.045238,54.378052,8.664630929985075,272.6568370991712,11.5,231.0,17.256730712314067
10:59:13,2025-06-07,-1.045275,54.378053,6.516290589738005,284.27114051630457,11.5,231.0,13.39362316900239
10:59:14,2025-06-07,-1.045302,54.378057,7.862364802755649,287.8446640087775,11.5,231.0,14.15183866865651
10:59:15,2025-06-07,-1.045334,54.378063,4.912500146538468,270.00000853716995,11.5,231.0,13.849677624940565
10:59:16,2025-06-07,-1.045355,54.378063,4.286307668817459,259.19945350637045,11.5,231.0,14.421349200394637
10:59:17,2025-06-07,-1.045373,54.378061,4.884936931058253,334.52047326140575,11.5,231.0,2.196319710077039
10:59:18,2025-06-07,-1.045382,54.378072,2.9089955755435333,34.19635664182232,11.5,231.0,-8.099967263866512
10:59:19,2025-06-07,-1.045375,54.378078,0.0,0.0,11.5,231.0,-7.237184497073135
10:59:24,2025-06-07,-1.045375,54.378078,5.037406604206479,83.5912012077431,11.5,231.0,-4.65174733292999
10:59:29,2025-06-07,-1.045268,54.378085,7.557688622812279,111.83189842555174,11.5,231.0,1.9528922294631093
10:59:30,2025-06-07,-1.045238,54.378078,10.486054052496666,101.04004026656287,11.5,231.0,3.1001547357774015
10:59:31,2025-06-07,-1.045194,54.378073,10.179097416138141,113.23059277356674,11.5,231.0,4.821083464989477
10:59:32,2025-06-07,-1.045154,54.378063,12.498814833729625,129.94708710269333,11.5,231.0,10.294087149746469
10:59:33,2025-06-07,-1.045113,54.378043,11.90562909083176,143.94374553385836,11.5,231.0,12.496216778249861
10:59:34,2025-06-07,-1.045083,54.378019,14.331239855431514,161.97104029371667,11.5,231.0,18.44704423287182
10:59:35,2025-06-07,-1.045064,54.377985,12.823145993528353,180.0,11.5,231.0,20.060330490601483
10:59:36,2025-06-07,-1.045064,54.377953,13.823957959344876,189.7206888226317,11.5,231.0,22.466235596746852
10:59:37,2025-06-07,-1.045074,54.377919,14.427935627359721,180.9268960832125,11.5,231.0,21.808747034091873
10:59:38,2025-06-07,-1.045075,54.377883,14.828607593869904,180.90184984540963,11.5,231.0,22.205563192109032
10:59:39,2025-06-07,-1.045076,54.377846,15.243648629227518,177.3672835545408,11.5,231.0,22.062679288076254
10:59:40,2025-06-07,-1.045073,54.377808,14.025315509399219,180.0,11.5,231.0,21.26250000647235
10:59:41,2025-06-07,-1.045073,54.377773,15.227485317623046,180.0,11.5,231.0,22.464669814696176
10:59:42,2025-06-07,-1.045073,54.377735,15.229281986086503,180.8781239078498,11.5,231.0,22.602583732728043
10:59:43,2025-06-07,-1.045074,54.377697,15.44337590230231,189.57012464802833,11.5,231.0,24.065686561618726
10:59:44,2025-06-07,-1.045085,54.377659,15.236328195265239,193.2855948533317,11.5,231.0,24.33363042977367
10:59:45,2025-06-07,-1.0451,54.377622,14.483186680228979,199.78583857010614,11.5,231.0,24.318402941421255
10:59:46,2025-06-07,-1.045121,54.377588,15.655795441770787,202.8141643156796,11.5,231.0,25.792128273901525
10:59:47,2025-06-07,-1.045147,54.377552,16.4854505664211,202.4817492059171,11.5,231.0,26.590098936087756
10:59:48,2025-06-07,-1.045174,54.377514,18.51847211350076,201.4454055128903,11.5,231.0,28.522162187150887
10:59:49,2025-06-07,-1.045203,54.377471,18.15291179388136,205.1169870083243,11.5,231.0,28.499315077727584
10:59:50,2025-06-07,-1.045236,54.37743,17.872749790279837,211.51241178698046,11.5,231.0,28.713958264900754
10:59:51,2025-06-07,-1.045276,54.377392,18.919866068414628,216.34263495018592,11.5,231.0,30.04561364940118
10:59:52,2025-06-07,-1.045324,54.377354,19.636635219020576,219.08894139142393,11.5,231.0,30.889030646254568
10:59:53,2025-06-07,-1.045377,54.377316,20.3925788287935,219.90682247710038,11.5,231.0,31.677708016372698
10:59:54,2025-06-07,-1.045433,54.377277,19.78508419720692,221.39746867517724,11.5,231.0,31.123953882345454
10:59:55,2025-06-07,-1.045489,54.37724,19.630980811640132,220.88598318171128,11.5,231.0,30.952273673568918
10:59:56,2025-06-07,-1.045544,54.377203,17.55103452864219,224.87932962789213,11.5,231.0,28.985479272648398
10:59:57,2025-06-07,-1.045597,54.377172,18.719827672372915,221.41203706586487,11.5,231.0,30.05918476073635
10:59:58,2025-06-07,-1.04565,54.377137,17.956675403697385,220.5814174955842,11.5,231.0,29.267073432309274
10:59:59,2025-06-07,-1.0457,54.377103,17.348126009390924,220.27119808297775,11.5,231.0,28.64709841898317
11:00:00,2025-06-07,-1.045748,54.37707,16.377864025731803,226.6923167779259,11.5,231.0,27.84537733185748
11:00:01,2025-06-07,-1.045799,54.377042,17.55106856343606,224.87944197611705,11.5,231.0,28.985515711735786
11:00:02,2025-06-07,-1.045852,54.377011,17.967977163920015,222.5457044934615,11.5,231.0,29.343011900457164
11:00:03,2025-06-07,-1.045904,54.376978,17.438485648824017,226.35383155755255,11.5,231.0,28.90069585832738
11:00:04,2025-06-07,-1.045958,54.376948,17.787461366478517,230.82712444793108,11.5,231.0,29.287409019766223
11:00:05,2025-06-07,-1.046017,54.37692,19.019131122759333,230.73184234232784,11.5,231.0,30.519005171592852
11:00:06,2025-06-07,-1.04608,54.37689,19.816706510866442,231.11682158227165,11.5,231.0,31.316682606975554
11:00:07,2025-06-07,-1.046146,54.376859,21.032680730824094,228.11179236725914,11.5,231.0,32.51807284259106
11:00:08,2025-06-07,-1.046213,54.376824,20.866737968430336,230.61005267047057,11.5,231.0,32.3664716306325
11:00:09,2025-06-07,-1.046282,54.376791,20.183398332231516,231.94993767258543,11.5,231.0,31.681817801829467
11:00:10,2025-06-07,-1.04635,54.37676,19.753141381506747,232.4487144447295,11.5,231.0,31.249465470212364
11:00:11,2025-06-07,-1.046417,54.37673,19.999557065584717,231.5372662652545,11.5,231.0,31.499051475507216
11:00:12,2025-06-07,-1.046484,54.376699,19.816762101591234,231.11695183155243,11.5,231.0,31.316738144367747
11:00:13,2025-06-07,-1.04655,54.376668,20.85898664647129,227.6833268485026,11.5,231.0,32.33972441248575
11:00:14,2025-06-07,-1.046616,54.376633,21.406100278956686,226.09505835433674,11.5,231.0,32.86398642160236
11:00:15,2025-06-07,-1.046682,54.376596,21.560829871400514,229.3560834367977,11.5,231.0,33.056096698941154
11:00:16,2025-06-07,-1.046752,54.376561,21.302344346449427,230.1750461581883,11.5,231.0,32.80115235160793
11:00:17,2025-06-07,-1.046822,54.376527,21.784262541029378,232.56128074325784,11.5,231.0,33.279993230810945
11:00:18,2025-06-07,-1.046896,54.376494,22.494064186058772,235.183763563406,11.5,231.0,33.96341888678478
11:00:19,2025-06-07,-1.046975,54.376462,22.96039872275442,233.53920182997211,11.5,231.0,34.449107370851124
11:00:20,2025-06-07,-1.047054,54.376428,23.763281894820036,233.76579835016702,11.5,231.0,35.24988576734846
11:00:21,2025-06-07,-1.047136,54.376393,23.58713662976517,229.72601721544885,11.5,231.0,35.08429392468598
11:00:22,2025-06-07,-1.047213,54.376355,21.846521506748246,231.35303247085739,11.5,231.0,33.346303208369406
11:00:23,2025-06-07,-1.047286,54.376321,19.5681652319361,232.0318968801183,11.5,231.0,31.066300212167107
11:00:24,2025-06-07,-1.047352,54.376291,18.91974918631037,228.89528680898252,11.5,231.0,30.41199101100423
11:00:25,2025-06-07,-1.047413,54.37626,18.043091074819824,229.83972790297128,11.5,231.0,29.54073316367769
11:00:26,2025-06-07,-1.047472,54.376231,17.908186224717152,232.76811977017002,11.5,231.0,29.402710879897825
11:00:27,2025-06-07,-1.047533,54.376204,17.722340853107223,232.31091799823537,11.5,231.0,29.21933093495263
11:00:28,2025-06-07,-1.047593,54.376177,18.91977885188145,228.89536562762476,11.5,231.0,30.41202125756529
11:00:29,2025-06-07,-1.047654,54.376146,18.768625735841667,231.68082776093388,11.5,231.0,30.26781385558274
11:00:30,2025-06-07,-1.047717,54.376117,19.700465026701675,233.78895994430312,11.5,231.0,31.186843638184865
11:00:31,2025-06-07,-1.047785,54.376088,20.591844122250034,228.50928574888766,11.5,231.0,32.080979816030165
11:00:32,2025-06-07,-1.047851,54.376054,19.93949010699416,232.85855025919233,11.5,231.0,31.433440417030067
11:00:33,2025-06-07,-1.047919,54.376024,20.69375116520748,234.42189704625548,11.5,231.0,32.17324769535023
11:00:34,2025-06-07,-1.047991,54.375994,22.30244113470944,234.84121057469272,11.5,231.0,33.7766068679093
11:00:35,2025-06-07,-1.048069,54.375962,23.686132361510406,236.00138476316334,11.5,231.0,35.14234716217154
11:00:36,2025-06-07,-1.048153,54.375929,25.05317390099722,240.21836427174253,11.5,231.0,36.4046510528847
11:00:37,2025-06-07,-1.048246,54.375898,26.368314412327152,244.7660244558843,11.5,231.0,37.53798330574413
11:00:38,2025-06-07,-1.048348,54.37587,26.611982552458127,253.33940770987573,11.5,231.0,37.24889043800848
11:00:39,2025-06-07,-1.048457,54.375851,26.52023576442228,255.9787901088037,11.5,231.0,36.94457372853579
11:00:40,2025-06-07,-1.048567,54.375835,26.93009017801887,267.43564871800737,11.5,231.0,36.18212105137496
11:00:41,2025-06-07,-1.048682,54.375832,25.81142026268178,274.46225655511114,11.5,231.0,34.1584384144175
11:00:42,2025-06-07,-1.048792,54.375837,26.56657907575538,282.2181414544554,11.5,231.0,33.76968480174277
11:00:43,2025-06-07,-1.048903,54.375851,24.60189876894041,288.0663452253395,11.5,231.0,30.85407545247339
11:00:44,2025-06-07,-1.049003,54.37587,23.412974002350957,293.2295404262816,11.5,231.0,28.771174846041056
11:00:45,2025-06-07,-1.049095,54.375893,22.555762973071257,294.16676362242504,11.5,231.0,27.74680823018651
11:00:46,2025-06-07,-1.049183,54.375916,20.265414105435546,295.8380463513575,11.5,231.0,25.15496526521965
11:00:47,2025-06-07,-1.049261,54.375938,18.864735164253002,295.1908264720567,11.5,231.0,23.871550450370872
11:00:48,2025-06-07,-1.049334,54.375958,18.587819666290933,299.7817352641322,11.5,231.0,22.749919879577565
11:00:49,2025-06-07,-1.049403,54.375981,17.581597521615482,301.6742519424656,11.5,231.0,21.387390185433507
11:00:50,2025-06-07,-1.049467,54.376004,17.374874639524798,300.5476830425552,11.5,231.0,21.3932936154729
11:00:51,2025-06-07,-1.049531,54.376026,16.796869362559125,297.00746588107836,11.5,231.0,21.472971771842598
11:00:52,2025-06-07,-1.049595,54.376045,16.174413217919522,298.13593319875605,11.5,231.0,20.642693940664653
11:00:53,2025-06-07,-1.049656,54.376064,15.366593111021752,298.04939047366923,11.5,231.0,19.8508741763615
11:00:54,2025-06-07,-1.049714,54.376082,15.007086834561914,295.34289786090096,11.5,231.0,19.986406499666522
11:00:55,2025-06-07,-1.049772,54.376098,15.33347961349218,291.5060114128885,11.5,231.0,20.99530038027353
11:00:56,2025-06-07,-1.049833,54.376112,15.631772489133963,289.50777433410065,11.5,231.0,21.639175460788284
11:00:57,2025-06-07,-1.049896,54.376125,17.00569369840542,296.64976050675756,11.5,231.0,21.74729733059297
11:00:58,2025-06-07,-1.049961,54.376144,16.7183115995923,292.5974261875781,11.5,231.0,22.188444422426315
11:00:59,2025-06-07,-1.050027,54.37616,17.42530677852539,295.960028957084,11.5,231.0,22.292686643037303
11:01:00,2025-06-07,-1.050094,54.376179,17.576809212401123,300.1604239735027,11.5,231.0,21.6679640160612
11:01:01,2025-06-07,-1.050159,54.376201,15.700409266623556,292.55646069716363,11.5,231.0,21.17777325024897
11:01:02,2025-06-07,-1.050221,54.376216,18.021906046487047,296.4567654048163,11.5,231.0,22.798773385350934
11:01:03,2025-06-07,-1.05029,54.376236,19.405893320592646,298.4101937130029,11.5,231.0,23.823400564526974
11:01:04,2025-06-07,-1.050363,54.376259,18.91179614638451,293.7886170355715,11.5,231.0,24.17045425996875
11:01:05,2025-06-07,-1.050437,54.376278,19.838869065041774,291.36461362795274,11.5,231.0,25.525375034819486
11:01:06,2025-06-07,-1.050516,54.376296,21.338670656962588,287.523238915536,11.5,231.0,27.682055931325202
11:01:07,2025-06-07,-1.050603,54.376312,23.492171840634114,288.95106681225184,11.5,231.0,29.594570277371133
11:01:08,2025-06-07,-1.050698,54.376331,26.59714016711557,291.24229396006194,11.5,231.0,32.30497275203864
11:01:09,2025-06-07,-1.050804,54.376355,27.99565285656675,289.2619932080893,11.5,231.0,34.04506588565982
11:01:10,2025-06-07,-1.050917,54.376378,29.80656203314933,289.68114240113175,11.5,231.0,35.78426559089472
11:01:11,2025-06-07,-1.051037,54.376403,30.025261099997397,283.14276834467364,11.5,231.0,37.082765312079395
11:01:12,2025-06-07,-1.051162,54.37642,29.647548405121373,287.3361706182377,11.5,231.0,36.0222181390042
11:01:13,2025-06-07,-1.051283,54.376442,28.07903765459585,284.91773521059815,11.5,231.0,34.851919250201014
11:01:14,2025-06-07,-1.051399,54.37646,26.06610640931199,284.27064433169744,11.5,231.0,32.943518807674
11:01:15,2025-06-07,-1.051507,54.376476,24.927996615082474,286.85560931013896,11.5,231.0,31.38272095425806
11:01:16,2025-06-07,-1.051609,54.376494,23.57555587532072,280.80019267728244,11.5,231.0,30.99828974596611
11:01:17,2025-06-07,-1.051708,54.376505,21.9689994742856,281.60042593819446,11.5,231.0,29.268334313931632
11:01:18,2025-06-07,-1.0518,54.376516,20.958791295335175,276.6022935021511,11.5,231.0,29.004590807736413
11:01:19,2025-06-07,-1.051889,54.376522,19.888710944636923,271.15716269577416,11.5,231.0,28.67791246237808
11:01:20,2025-06-07,-1.051974,54.376523,19.01659675343195,274.8461852015384,11.5,231.0,27.31042053827302
11:01:21,2025-06-07,-1.052055,54.376527,17.35305188473743,273.9815526568669,11.5,231.0,25.766144197519086
11:01:22,2025-06-07,-1.052129,54.37653,14.786997643378271,274.67388262689065,11.5,231.0,23.104740627121522
11:01:23,2025-06-07,-1.052192,54.376533,13.252821239703874,261.28489196653476,11.5,231.0,23.183399644275685
11:01:24,2025-06-07,-1.052248,54.376528,13.941936428782324,256.6772703303934,11.5,231.0,24.30629977072606
11:01:25,2025-06-07,-1.052306,54.37652,16.056760877977545,254.0318420778874,11.5,231.0,26.640067850620106
11:01:26,2025-06-07,-1.052372,54.376509,15.998291336683705,258.4149544027432,11.5,231.0,26.20678660948107
11:01:27,2025-06-07,-1.052439,54.376501,17.407338191878157,252.54918460568626,11.5,231.0,28.10351818782682
11:01:28,2025-06-07,-1.05251,54.376488,18.653025125904193,244.50322127127754,11.5,231.0,29.83512825856834
11:01:29,2025-06-07,-1.052582,54.376468,20.026198894183093,242.54465679682855,11.5,231.0,31.293542601242244
11:01:30,2025-06-07,-1.052658,54.376445,20.008309662982686,241.21579385290903,11.5,231.0,31.3259973607824
11:01:31,2025-06-07,-1.052733,54.376421,20.204861230178647,238.90072317192065,11.5,231.0,31.59570010644875
11:01:32,2025-06-07,-1.052807,54.376395,19.62714222471019,236.48678223746214,11.5,231.0,31.07445247771014
11:01:33,2025-06-07,-1.052877,54.376368,19.016037408275565,236.7172629663312,11.5,231.0,30.4588318104937
11:01:34,2025-06-07,-1.052945,54.376342,18.85348263590155,234.9176788611382,11.5,231.0,30.32660995260245
11:01:35,2025-06-07,-1.053011,54.376315,19.658344726082095,235.1352504261478,11.5,231.0,31.128405699208507
11:01:36,2025-06-07,-1.05308,54.376287,19.20115552638028,231.17372259269345,11.5,231.0,30.701102665443926
11:01:37,2025-06-07,-1.053144,54.376257,17.29328196707558,232.8895819805697,11.5,231.0,28.787028588895
11:01:38,2025-06-07,-1.053203,54.376231,17.537632014837303,231.84403558921196,11.5,231.0,29.036384239938997
11:01:39,2025-06-07,-1.053262,54.376204,16.55603584436641,230.93711441623785,11.5,231.0,28.056028917692704
11:01:40,2025-06-07,-1.053317,54.376178,14.891789423311655,231.70002616341583,11.5,231.0,26.3909311102501
11:01:41,2025-06-07,-1.053367,54.376155,14.032389437913576,233.08897696851324,11.5,231.0,25.52474682657894
11:01:42,2025-06-07,-1.053415,54.376134,13.738784043916688,240.21821965455175,11.5,231.0,25.090265845747773
11:01:43,2025-06-07,-1.053466,54.376117,13.911299902516278,230.61052346608383,11.5,231.0,25.411034207443663
11:01:44,2025-06-07,-1.053512,54.376095,12.43016308909868,232.16460440964727,11.5,231.0,23.927787537392717
11:01:45,2025-06-07,-1.053554,54.376076,12.063733629482346,230.80266745281432,11.5,231.0,23.56366542395137
11:01:46,2025-06-07,-1.053594,54.376057,13.373969699813422,235.23763758453606,11.5,231.0,24.842530446590423
11:01:47,2025-06-07,-1.053641,54.376038,13.18231670306374,234.65832873423747,11.5,231.0,24.658883023515735
11:01:48,2025-06-07,-1.053687,54.376019,13.60609697110315,233.84917034953583,11.5,231.0,25.091881216559145
11:01:49,2025-06-07,-1.053734,54.375999,12.761348189883272,235.52114741812863,11.5,231.0,24.22556372267021
11:01:50,2025-06-07,-1.053779,54.375981,13.182328828834025,234.6583662683481,11.5,231.0,24.65889466859221
11:01:51,2025-06-07,-1.053825,54.375962,12.126912865589235,238.02320257036672,11.5,231.0,23.540625121389564
11:01:52,2025-06-07,-1.053869,54.375946,12.246109873195335,231.4939007071464,11.5,231.0,23.745682606357498
11:01:53,2025-06-07,-1.05391,54.375927,12.246113323241241,231.49391364918557,11.5,231.0,23.74568603401128
11:01:54,2025-06-07,-1.053951,54.375908,12.61593186792264,232.8159039651673,11.5,231.0,24.110156602079314
11:01:55,2025-06-07,-1.053994,54.375889,12.615935553111425,232.81591673232896,11.5,231.0,24.110160206065743
11:01:56,2025-06-07,-1.054037,54.37587,12.992079439660989,234.062114235077,11.5,231.0,24.47565986197406
11:01:57,2025-06-07,-1.054082,54.375851,12.569087746596779,234.9179892560199,11.5,231.0,24.042210806581707
11:01:58,2025-06-07,-1.054126,54.375833,14.220358204498373,233.65483666352668,11.5,231.0,25.708015211302772
11:01:59,2025-06-07,-1.054175,54.375812,13.37585281184373,228.70452976638768,11.5,231.0,24.86662480686794
11:02:00,2025-06-07,-1.054218,54.37579,12.320611430764785,229.35662199791352,11.5,231.0,23.815881358840343
11:02:01,2025-06-07,-1.054258,54.37577,12.687104776546875,225.91763195682296,11.5,231.0,24.141891079799144
11:02:02,2025-06-07,-1.054297,54.375748,12.24614586672655,231.4940353499409,11.5,231.0,23.74571836690307
11:02:03,2025-06-07,-1.054338,54.375729,12.320621912891859,229.35666405268012,11.5,231.0,23.81589208303697
11:02:04,2025-06-07,-1.054378,54.375709,12.968767567573783,224.64439176953286,11.5,231.0,24.398088395773332
11:02:05,2025-06-07,-1.054417,54.375686,12.519937602297876,225.1737031767194,11.5,231.0,23.96053116248639
11:02:06,2025-06-07,-1.054455,54.375664,12.072255231023945,225.74234702513698,11.5,231.0,23.523871244871145
11:02:07,2025-06-07,-1.054492,54.375643,13.239560954333081,220.76312022212858,11.5,231.0,24.556497276623794
11:02:08,2025-06-07,-1.054529,54.375618,11.625856747659997,226.35476868202113,11.5,231.0,23.088082191551877
11:02:09,2025-06-07,-1.054565,54.375598,12.354937707762202,224.40981799552702,11.5,231.0,23.778950839366313
11:02:10,2025-06-07,-1.054602,54.375576,13.096661146371185,222.68361757572868,11.5,231.0,24.475732588745416
11:02:11,2025-06-07,-1.05464,54.375552,12.03177603807224,222.8199557066818,11.5,231.0,23.414773284341464
11:02:12,2025-06-07,-1.054675,54.37553,12.328412888253792,221.5527645178929,11.5,231.0,23.672440435640976
11:02:13,2025-06-07,-1.05471,54.375507,12.332633746450247,218.69115213790644,11.5,231.0,23.56827940213809
11:02:14,2025-06-07,-1.054743,54.375483,13.02525041411936,213.77315513475935,11.5,231.0,24.009357065347352
11:02:15,2025-06-07,-1.054774,54.375456,12.562166347964707,213.90436519129008,11.5,231.0,23.554043609689458
11:02:16,2025-06-07,-1.054804,54.37543,10.983090180630876,216.5505753133075,11.5,231.0,22.11932534359127
11:02:17,2025-06-07,-1.054832,54.375408,11.584602491203709,217.22562676440054,11.5,231.0,22.753872518798175
11:02:18,2025-06-07,-1.054862,54.375385,11.307272883491098,215.34034413254332,11.5,231.0,22.380416433155947
11:02:19,2025-06-07,-1.05489,54.375362,11.636222886307442,214.19813872802243,11.5,231.0,22.645289125263265
11:02:20,2025-06-07,-1.054918,54.375338,12.183985186838441,211.16874358542674,11.5,231.0,23.001987325695083
11:02:21,2025-06-07,-1.054945,54.375312,10.579529985217711,213.50065001555947,11.5,231.0,21.54731415014506
11:02:22,2025-06-07,-1.05497,54.37529,11.256098917644122,211.2470199613342,11.5,231.0,22.079420959617998
11:02:23,2025-06-07,-1.054995,54.375266,10.5795335382833,213.50067955751288,11.5,231.0,21.54731948616506
11:02:24,2025-06-07,-1.05502,54.375244,11.136339729948007,210.21971472186416,11.5,231.0,21.888239529710354
11:02:25,2025-06-07,-1.055044,54.37522,11.72619649930483,207.2605273653168,11.5,231.0,22.253129326248242
11:02:26,2025-06-07,-1.055067,54.375194,10.444249140458368,208.00517484599004,11.5,231.0,21.030460748059472
11:02:27,2025-06-07,-1.055088,54.375171,11.327358913743296,203.05728622012873,11.5,231.0,21.486649177668298
11:02:28,2025-06-07,-1.055107,54.375145,9.705448735525337,198.22286596355016,11.5,231.0,19.374450071923498
11:02:29,2025-06-07,-1.05512,54.375122,9.705449227297883,198.2228754948684,11.5,231.0,19.374451599373394
11:02:30,2025-06-07,-1.055133,54.375099,10.232497712147598,205.69576038057346,11.5,231.0,20.629083346252003
11:02:31,2025-06-07,-1.055152,54.375076,9.980604496276367,207.902316993479,11.5,231.0,20.558734163358935
11:02:32,2025-06-07,-1.055172,54.375054,8.383520261213917,204.69535742227023,11.5,231.0,18.692701311935238
11:02:33,2025-06-07,-1.055187,54.375035,8.491926827241423,199.263831471951,11.5,231.0,18.27243798080535
11:02:34,2025-06-07,-1.055199,54.375015,7.8995070642882315,195.4247410055976,11.5,231.0,17.25305567288877
11:02:35,2025-06-07,-1.055208,54.374996,7.965054932936005,197.0438314982848,11.5,231.0,17.50390375210402
11:02:36,2025-06-07,-1.055218,54.374977,7.827969552278057,202.81545691042743,11.5,231.0,17.964424924057692
11:02:37,2025-06-07,-1.055231,54.374959,7.424239113274969,210.21988202228567,11.5,231.0,18.176150826449422
11:02:38,2025-06-07,-1.055247,54.374943,9.053420211167095,207.6649191369703,11.5,231.0,19.61276650973133
11:02:39,2025-06-07,-1.055265,54.374923,10.232505725882042,205.6958563340235,11.5,231.0,20.629099591784545
11:02:40,2025-06-07,-1.055284,54.3749,10.921478413273471,197.41365789415866,11.5,231.0,20.501589429868105
11:02:41,2025-06-07,-1.055298,54.374874,9.12103877993026,194.82956761989325,11.5,231.0,18.40458614312552
11:02:42,2025-06-07,-1.055308,54.374852,6.29548006760749,197.25772106847168,11.5,231.0,15.85824149932369
11:02:43,2025-06-07,-1.055316,54.374837,5.783062118114287,194.01652542035328,11.5,231.0,14.969366240473473
11:02:44,2025-06-07,-1.055322,54.374823,0.15231952297660326,218.05059139866418,11.5,231.0,11.359855130042348
11:04:31,2025-06-07,-1.055365,54.374791,6.295480835620068,197.25774518165403,11.5,231.0,15.858244955656303
11:04:32,2025-06-07,-1.055373,54.374776,8.136456795283735,189.91203241205412,11.5,231.0,16.804023216231414
11:04:33,2025-06-07,-1.055379,54.374756,7.78786605787806,192.11188628574217,11.5,231.0,16.73916022391835
11:04:34,2025-06-07,-1.055386,54.374737,8.288328143171562,203.22886729696174,11.5,231.0,18.463710328739648
11:04:35,2025-06-07,-1.0554,54.374718,9.744328198704249,210.2200318505444,11.5,231.0,20.496250581025606
11:04:36,2025-06-07,-1.055421,54.374697,11.519028749639594,205.19541575164135,11.5,231.0,21.872294123822932
11:04:37,2025-06-07,-1.055442,54.374671,12.156750733112839,202.5901990576952,11.5,231.0,22.271773536933082
11:04:38,2025-06-07,-1.055462,54.374643,12.986831086689193,202.18260168239294,11.5,231.0,23.06267512690396
11:04:39,2025-06-07,-1.055483,54.374613,13.358635203761354,201.53348345942942,11.5,231.0,23.37103336032482
11:04:40,2025-06-07,-1.055504,54.374582,13.44643596725966,202.45901787434107,11.5,231.0,23.54890524181691
11:04:41,2025-06-07,-1.055526,54.374551,14.564325704583498,200.6515159593853,11.5,231.0,24.48846123691613
11:04:42,2025-06-07,-1.055548,54.374517,12.986836540350566,202.182663157286,11.5,231.0,23.062686528105708
11:04:43,2025-06-07,-1.055569,54.374487,13.446440334489822,202.4590646819765,11.5,231.0,23.54891409780437
11:04:44,2025-06-07,-1.055591,54.374456,13.268264433401448,204.9849876570956,11.5,231.0,23.60307472412302
11:04:45,2025-06-07,-1.055615,54.374426,13.730407367535356,205.16165212618534,11.5,231.0,24.08072098461784
11:04:46,2025-06-07,-1.05564,54.374395,13.268267843771604,204.9850202423128,11.5,231.0,23.603081003098275
11:04:47,2025-06-07,-1.055664,54.374365,13.632398703994571,204.27336662940098,11.5,231.0,23.90376665325362
11:04:48,2025-06-07,-1.055688,54.374334,13.44644736383482,202.4591400621123,11.5,231.0,23.54892835593733
11:04:49,2025-06-07,-1.05571,54.374303,14.648646876404209,201.506229213593,11.5,231.0,24.658352989511627
11:04:50,2025-06-07,-1.055733,54.374269,13.368957374251503,205.89226638925382,11.5,231.0,23.782340010756442
11:04:51,2025-06-07,-1.055758,54.374239,13.730418344587086,205.16175255950873,11.5,231.0,24.080740747300325
11:04:52,2025-06-07,-1.055783,54.374208,14.736194505117663,202.35094690080334,11.5,231.0,24.828282019950784
11:04:53,2025-06-07,-1.055807,54.374174,12.900165029298025,201.22251474666504,11.5,231.0,22.881712797481505
11:04:54,2025-06-07,-1.055827,54.374144,13.27439662456439,200.59623026968538,11.5,231.0,23.192920916948054
11:04:55,2025-06-07,-1.055847,54.374113,13.358656196133474,201.53372169260942,11.5,231.0,23.371077874238708
11:04:56,2025-06-07,-1.055868,54.374082,14.564345437032033,200.65173194413256,11.5,231.0,24.488502872694205
11:04:57,2025-06-07,-1.05589,54.374048,13.537736096997072,203.3726126661152,11.5,231.0,23.726529360203614
11:04:58,2025-06-07,-1.055913,54.374017,14.483324965398483,199.78744107784323,11.5,231.0,24.318707910975725
11:04:59,2025-06-07,-1.055934,54.373983,12.900172547857215,201.22260468532556,11.5,231.0,22.881729281169612
11:05:00,2025-06-07,-1.055954,54.373953,13.906361940584826,202.71744589587104,11.5,231.0,24.033511111259394
11:05:01,2025-06-07,-1.055977,54.373921,14.459564591918005,203.81105103420904,11.5,231.0,24.68886657643806
11:05:02,2025-06-07,-1.056002,54.373888,12.18969566845697,207.37387225145835,11.5,231.0,22.725766462306137
11:05:03,2025-06-07,-1.056026,54.373861,13.358666772313937,201.5338417512037,11.5,231.0,23.371100304131616
11:05:04,2025-06-07,-1.056047,54.37383,13.80900319985946,196.70308512068388,11.5,231.0,23.30948252130915
11:05:05,2025-06-07,-1.056064,54.373797,12.590986838496812,197.2581443843461,11.5,231.0,22.153795464423858
11:05:06,2025-06-07,-1.05608,54.373767,9.862120540505378,200.80120316707576,11.5,231.0,19.80140223562662
11:05:07,2025-06-07,-1.056095,54.373744,10.133119483661684,204.5066454963721,11.5,231.0,20.4254597278359
11:05:08,2025-06-07,-1.056113,54.373721,9.488698274681285,201.66082244458988,11.5,231.0,19.51364433423315
11:05:09,2025-06-07,-1.056128,54.373699,9.781317299520422,199.52262773776778,11.5,231.0,19.589051445130774
11:05:10,2025-06-07,-1.056142,54.373676,9.252131872443606,197.6263812178991,11.5,231.0,18.85579610510279
11:05:11,2025-06-07,-1.056154,54.373654,8.491956237295529,199.26443168449734,11.5,231.0,18.272530758781816
11:05:12,2025-06-07,-1.056166,54.373634,9.862124391477833,200.8012647798402,11.5,231.0,19.801412306952187
11:05:13,2025-06-07,-1.056181,54.373611,9.325788372578712,198.9936272624262,11.5,231.0,19.07766360340545
11:05:14,2025-06-07,-1.056194,54.373589,8.286438935092681,194.68815314301239,11.5,231.0,17.553206284080947
11:05:15,2025-06-07,-1.056203,54.373569,8.926961951078612,189.02675633229927,11.5,231.0,17.476719970998886
11:05:16,2025-06-07,-1.056209,54.373547,7.965077368806546,197.04439814638732,11.5,231.0,17.50398971435931
11:05:17,2025-06-07,-1.056219,54.373528,8.19872882780481,201.72984587831283,11.5,231.0,18.23045572195155
11:05:18,2025-06-07,-1.056232,54.373509,8.657919986461497,202.18314965170973,11.5,231.0,18.733817040912214
11:05:19,2025-06-07,-1.056246,54.373489,8.383574314677253,204.69618639410734,11.5,231.0,18.692829096943804
11:05:20,2025-06-07,-1.056261,54.37347,8.036909088121735,198.63599236715123,11.5,231.0,17.750549198330745
11:05:21,2025-06-07,-1.056272,54.373451,8.036909452676115,198.6360003920101,11.5,231.0,17.750550425082707
11:05:22,2025-06-07,-1.056283,54.373432,7.899526719518644,195.42530737057783,11.5,231.0,17.25314146158329
11:05:23,2025-06-07,-1.056292,54.373413,8.036910166493925,198.6360164482286,11.5,231.0,17.75055286399356
11:05:24,2025-06-07,-1.056303,54.373394,8.198732335409632,201.72991019031087,11.5,231.0,18.230465540754125
11:05:25,2025-06-07,-1.056316,54.373375,8.036910880314359,198.63603250153218,11.5,231.0,17.75055530259309
11:05:26,2025-06-07,-1.056327,54.373356,8.036911244863608,198.6360405296321,11.5,231.0,17.750556529687188
11:05:27,2025-06-07,-1.056338,54.373337,8.572153448521119,200.737970458395,11.5,231.0,18.505045185346972
11:05:28,2025-06-07,-1.056351,54.373317,9.252138806077124,197.62652578529048,11.5,231.0,18.855819000593932
11:05:29,2025-06-07,-1.056363,54.373295,8.11485504405586,200.19837245659488,11.5,231.0,17.992726586294783
11:05:30,2025-06-07,-1.056375,54.373276,8.036912749650659,198.63607433503304,11.5,231.0,17.750561666548826
11:05:31,2025-06-07,-1.056386,54.373257,8.41751449048489,197.76423743748614,11.5,231.0,18.036371808736085
11:05:32,2025-06-07,-1.056397,54.373237,9.634736770483423,196.90479439438994,11.5,231.0,19.1579700863171
11:05:33,2025-06-07,-1.056409,54.373214,10.921515863521428,197.41432973232332,11.5,231.0,20.501701475629794
11:05:34,2025-06-07,-1.056423,54.373188,8.491966155523395,199.26463421612425,11.5,231.0,18.272562059206905
11:05:35,2025-06-07,-1.056435,54.373168,9.454090769198471,192.84041647355403,11.5,231.0,18.49645938640422
11:05:36,2025-06-07,-1.056444,54.373145,9.290567145486492,187.21703089345377,11.5,231.0,17.593175368339814
11:05:37,2025-06-07,-1.056449,54.373122,10.460741711053405,185.12094521847774,11.5,231.0,18.466757321902143
11:05:38,2025-06-07,-1.056453,54.373096,9.290567247505377,187.21703941288956,11.5,231.0,17.593176653529092
11:05:39,2025-06-07,-1.056458,54.373073,9.45409170726456,192.84044520092795,11.5,231.0,18.49646388698601
11:05:40,2025-06-07,-1.056467,54.37305,9.404751106634647,191.45368761913434,11.5,231.0,18.27251825828848
11:05:41,2025-06-07,-1.056475,54.373027,10.585577274492298,190.1613810438562,11.5,231.0,19.285953564330182
11:05:42,2025-06-07,-1.056483,54.373001,9.719256594152194,188.28554634261073,11.5,231.0,18.168806804565396
11:05:43,2025-06-07,-1.056489,54.372977,10.484261702391555,186.39165715135732,11.5,231.0,18.671385377231367
11:05:44,2025-06-07,-1.056494,54.372951,9.228498515583258,182.89971288043728,11.5,231.0,16.908530009779128
11:05:45,2025-06-07,-1.056496,54.372928,9.662775387787663,185.5451580167301,11.5,231.0,17.729694178791007
11:05:46,2025-06-07,-1.0565,54.372904,10.512937039655258,187.65608303945405,11.5,231.0,18.876276012432623
11:05:47,2025-06-07,-1.056506,54.372878,9.361000039778348,190.05323122842492,11.5,231.0,18.047165926443817
11:05:48,2025-06-07,-1.056513,54.372855,10.460741788841325,185.12097834182202,11.5,231.0,18.466762172302715
11:05:49,2025-06-07,-1.056517,54.372829,9.617351233697045,180.0,11.5,231.0,16.854535730770177
11:05:50,2025-06-07,-1.056517,54.372805,10.460741809430559,185.12098454478513,11.5,231.0,18.466763086652257
11:05:51,2025-06-07,-1.056521,54.372779,9.243314618334123,184.34495677647888,11.5,231.0,17.13679023562282
11:05:52,2025-06-07,-1.056524,54.372756,9.24331461670521,184.34495919975683,11.5,231.0,17.13679058770839
11:05:53,2025-06-07,-1.056527,54.372733,8.819009042586792,181.5167080942298,11.5,231.0,16.29021132458681
11:05:54,2025-06-07,-1.056528,54.372711,8.828314141001506,183.0312951389833,11.5,231.0,16.52798290911002
11:05:55,2025-06-07,-1.05653,54.372689,8.23011042056997,193.11614269999578,11.5,231.0,17.30656734923698
11:05:56,2025-06-07,-1.056538,54.372669,8.484199361139002,206.12959652420608,11.5,231.0,18.91770525618877
11:05:57,2025-06-07,-1.056554,54.37265,8.484200099522962,206.1296069993705,11.5,231.0,18.91770687881524
11:05:58,2025-06-07,-1.05657,54.372631,9.688233332484497,186.9193847653054,11.5,231.0,17.949392921912054
11:05:59,2025-06-07,-1.056575,54.372607,8.828314046687629,183.0313028014869,11.5,231.0,16.527983957163084
11:06:00,2025-06-07,-1.056577,54.372585,9.688233421030604,186.91939244058335,11.5,231.0,17.949394082156203
11:06:01,2025-06-07,-1.056582,54.372561,10.585580226560754,190.16149396039054,11.5,231.0,19.285971336936797
11:06:02,2025-06-07,-1.05659,54.372535,10.980218257197786,189.79257067681087,11.5,231.0,19.6320074249012
11:06:03,2025-06-07,-1.056598,54.372508,11.307713648991767,187.11510474928207,11.5,231.0,19.596153343792047
11:06:04,2025-06-07,-1.056604,54.37248,12.021688339418128,180.0,11.5,231.0,19.25887283649126
11:06:05,2025-06-07,-1.056604,54.37245,12.05805912210804,175.5588345361931,11.5,231.0,18.581459392023852
11:06:06,2025-06-07,-1.0566,54.37242,10.859917215960188,184.93231806247383,11.5,231.0,18.83871093586245
11:06:07,2025-06-07,-1.056604,54.372393,12.599605207828038,189.5988834598687,11.5,231.0,21.22573430432762
11:06:08,2025-06-07,-1.056613,54.372362,14.259466706437884,190.37461132798322,11.5,231.0,22.987769646883777
11:06:09,2025-06-07,-1.056624,54.372327,12.735719398668724,192.70710777601155,11.5,231.0,21.76153178080407
11:06:10,2025-06-07,-1.056636,54.372296,14.012773208491998,193.48813535896798,11.5,231.0,23.134886730244165
11:06:11,2025-06-07,-1.05665,54.372262,14.182485462906342,188.51900330633387,11.5,231.0,22.663751211426913
11:06:12,2025-06-07,-1.056659,54.372227,14.872824859676891,184.50096135385812,11.5,231.0,22.78904244444039
11:06:13,2025-06-07,-1.056664,54.37219,13.656682513742274,183.92043782862834,11.5,231.0,21.487976998619832
11:06:14,2025-06-07,-1.056668,54.372156,12.686198161048303,191.67857550956828,11.5,231.0,21.582636304861744
11:06:15,2025-06-07,-1.056679,54.372125,15.838680315381529,189.33035021082102,11.5,231.0,24.429070575777978
11:06:16,2025-06-07,-1.05669,54.372086,13.824001272359837,189.72205146628846,11.5,231.0,22.466459343642278
11:06:17,2025-06-07,-1.0567,54.372052,13.752542601067214,187.80453125258973,11.5,231.0,22.136304372567313
11:06:18,2025-06-07,-1.056708,54.372018,15.76940935441398,187.6562486984779,11.5,231.0,24.13277114908731
11:06:19,2025-06-07,-1.056717,54.371979,15.372368236222057,187.85525246734036,11.5,231.0,23.763095098372872
11:06:20,2025-06-07,-1.056726,54.371941,15.71377218908926,185.96888271529636,11.5,231.0,23.841082639773667
11:06:21,2025-06-07,-1.056733,54.371902,16.564024347669566,187.28690919210257,11.5,231.0,24.87633101956286
11:06:22,2025-06-07,-1.056742,54.371861,15.342071449344008,186.991635409432,11.5,231.0,23.613312816397546
11:06:23,2025-06-07,-1.05675,54.371823,15.878377407175277,190.161675989125,11.5,231.0,24.578792409143347
11:06:24,2025-06-07,-1.056762,54.371784,15.406160434797895,188.71535329258012,11.5,231.0,23.913991679246525
11:06:25,2025-06-07,-1.056772,54.371746,15.40616066580447,188.7153612319371,11.5,231.0,23.913992982403503
11:06:26,2025-06-07,-1.056782,54.371708,15.769410678036072,187.65630581198855,11.5,231.0,24.132780340894804
11:06:27,2025-06-07,-1.056791,54.371669,16.62998850108216,188.88274759035812,11.5,231.0,25.160388745258032
11:06:28,2025-06-07,-1.056802,54.371628,15.802353591423664,188.49521734813874,11.5,231.0,24.280394409305487
11:06:29,2025-06-07,-1.056812,54.371589,16.535911360698805,186.48462229691094,11.5,231.0,24.736127872145907
11:06:30,2025-06-07,-1.05682,54.371548,15.406161877672597,188.71540261257252,11.5,231.0,23.91399978241235
11:06:31,2025-06-07,-1.05683,54.37151,15.315289358202978,186.12484347066942,11.5,231.0,23.464716487100517
11:06:32,2025-06-07,-1.056837,54.371472,15.739878072187558,186.81413428598205,11.5,231.0,23.9863276199863
11:06:33,2025-06-07,-1.056845,54.371433,15.01021098819541,188.94721665714735,11.5,231.0,23.549283888021442
11:06:34,2025-06-07,-1.056855,54.371396,13.390455710133024,189.02722859411992,11.5,231.0,21.940277123096678
11:06:35,2025-06-07,-1.056864,54.371363,10.484264032840311,186.3919063052996,11.5,231.0,18.671422826338798
11:06:36,2025-06-07,-1.056869,54.371337,11.242173151908608,183.57142237520185,11.5,231.0,19.022023658178178
11:06:37,2025-06-07,-1.056872,54.371309,12.042159243189923,183.33388614385223,11.5,231.0,19.786832310481564
11:06:38,2025-06-07,-1.056875,54.371279,10.421421157666119,181.2834990841591,11.5,231.0,17.856977397226846
11:06:39,2025-06-07,-1.056876,54.371253,10.842260881911985,183.70334318879432,11.5,231.0,18.641590215243124
11:06:40,2025-06-07,-1.056879,54.371226,10.460742284433847,185.12118042399655,11.5,231.0,18.466791785064544
11:06:41,2025-06-07,-1.056883,54.3712,9.29057113977972,187.2173691496192,11.5,231.0,17.59322633915678
11:06:42,2025-06-07,-1.056888,54.371177,11.28105975482801,185.93875554062905,11.5,231.0,19.404090948476323
11:06:43,2025-06-07,-1.056893,54.371149,12.529905951235653,187.49364484170414,11.5,231.0,20.870833127609725
11:06:44,2025-06-07,-1.0569,54.371118,12.247245983336116,190.98881546186615,11.5,231.0,21.05531392987983
11:06:45,2025-06-07,-1.05691,54.371088,12.166526149723317,188.82988420793973,11.5,231.0,20.68980692550454
11:06:46,2025-06-07,-1.056918,54.371058,11.375289928422958,189.44959048951523,11.5,231.0,19.98157310304954
11:06:47,2025-06-07,-1.056926,54.37103,13.722660775211976,186.83902149071625,11.5,231.0,21.972591128107837
11:06:48,2025-06-07,-1.056933,54.370996,12.078470693044881,185.5454181110578,11.5,231.0,20.145426689838867
11:06:49,2025-06-07,-1.056938,54.370966,12.477369977640057,185.36759972722967,11.5,231.0,20.5188507831858
11:06:50,2025-06-07,-1.056943,54.370935,12.132734791643975,187.7404924098547,11.5,231.0,20.507693298256278
11:06:51,2025-06-07,-1.05695,54.370905,12.204711753272726,189.9129507770405,11.5,231.0,20.872399316379195
11:06:52,2025-06-07,-1.056959,54.370875,12.529906813359155,187.49369427720063,11.5,231.0,20.870840820616603
11:06:53,2025-06-07,-1.056966,54.370844,12.876382534933388,185.20081228247108,11.5,231.0,20.893898098864035
11:06:54,2025-06-07,-1.056971,54.370812,13.298158140582268,186.045994294945,11.5,231.0,21.436411263399236
11:06:55,2025-06-07,-1.056977,54.370779,12.562631184151302,188.54939033922994,11.5,231.0,21.04801471893124
11:06:56,2025-06-07,-1.056985,54.370748,13.824011144015063,189.72236220982336,11.5,231.0,22.46651036158608
11:06:57,2025-06-07,-1.056995,54.370714,12.562631490163797,188.5494036702992,11.5,231.0,21.048016830930543
11:06:58,2025-06-07,-1.057003,54.370683,14.182493810459135,188.51932608826098,11.5,231.0,22.663803312115153
11:06:59,2025-06-07,-1.057012,54.370648,13.75254813325262,187.80479481639375,11.5,231.0,22.136346114598233
11:07:00,2025-06-07,-1.05702,54.370614,14.259482416015052,190.37504338212443,11.5,231.0,22.987841819758238
11:07:01,2025-06-07,-1.057031,54.370579,15.135515626340197,191.56734020591284,11.5,231.0,24.017789466715126
11:07:02,2025-06-07,-1.057044,54.370542,14.182494554892203,188.51935491040132,11.5,231.0,22.663807963380293
11:07:03,2025-06-07,-1.057053,54.370507,13.65668132059811,183.92059801250744,11.5,231.0,21.487999349597928
11:07:04,2025-06-07,-1.057057,54.370473,13.656681297346184,183.92060125018946,11.5,231.0,21.48799980222585
11:07:05,2025-06-07,-1.057061,54.370439,13.674707657914754,184.8964638684825,11.5,231.0,21.648317258849602
11:07:06,2025-06-07,-1.057066,54.370405,14.074003147241378,184.7572203816002,11.5,231.0,22.02745009239678
11:07:07,2025-06-07,-1.057071,54.37037,13.642644180596214,182.94246673645085,11.5,231.0,21.329060687394303
11:07:08,2025-06-07,-1.057074,54.370336,14.074003151846519,184.75722833751212,11.5,231.0,22.027451250372366
11:07:09,2025-06-07,-1.057079,54.370301,13.656681170636212,183.92061761958578,11.5,231.0,21.488002081516395
11:07:10,2025-06-07,-1.057083,54.370267,13.656681153741673,183.92062085616243,11.5,231.0,21.48800254033908
11:07:11,2025-06-07,-1.057087,54.370233,13.656681121574977,183.92062409157256,11.5,231.0,21.488002983718136
11:07:12,2025-06-07,-1.057091,54.370199,14.04285113889751,182.8585496934289,11.5,231.0,21.7167311359949
11:07:13,2025-06-07,-1.057094,54.370164,14.042851083583523,182.8585521249785,11.5,231.0,21.716731444172854
11:07:14,2025-06-07,-1.057097,54.370129,15.24363512606479,182.63321061073268,11.5,231.0,22.883769958786754
11:07:15,2025-06-07,-1.0571,54.370091,14.03310174126263,181.90658352595432,11.5,231.0,21.563619832830334
11:07:16,2025-06-07,-1.057102,54.370056,14.856251517455512,183.60362585571056,11.5,231.0,22.640860852205485
11:07:17,2025-06-07,-1.057106,54.370019,14.074003157288372,184.7572648930994,11.5,231.0,22.02745655528443
11:07:18,2025-06-07,-1.057111,54.369984,15.315291998656113,186.12506935277034,11.5,231.0,23.464751115974913
11:07:19,2025-06-07,-1.057118,54.369946,15.315292056715927,186.12507497857956,11.5,231.0,23.464751970735257
11:07:20,2025-06-07,-1.057125,54.369908,15.769418324740162,187.65663744550994,11.5,231.0,24.1328336745935
11:07:21,2025-06-07,-1.057134,54.369869,17.062945003761794,189.44986237513655,11.5,231.0,25.669264374036505
11:07:22,2025-06-07,-1.057146,54.369827,18.682516792414848,189.34897994986366,11.5,231.0,27.275392567598445
11:07:23,2025-06-07,-1.057159,54.369781,19.11670415648622,189.84429455161109,11.5,231.0,27.775329092118632
11:07:24,2025-06-07,-1.057173,54.369734,18.24979946458169,188.83017398182605,11.5,231.0,26.77311928594983
11:07:25,2025-06-07,-1.057185,54.369689,18.55313794201605,186.5023919218513,11.5,231.0,26.75585459930933
11:07:26,2025-06-07,-1.057194,54.369643,18.470333246906016,183.62319588529343,11.5,231.0,26.257833316722653
11:07:27,2025-06-07,-1.057199,54.369597,18.070432868608044,183.70349374269924,11.5,231.0,25.869784408443202
11:07:28,2025-06-07,-1.057204,54.369552,16.84498654435962,182.38276654281785,11.5,231.0,24.447478035010928
11:07:29,2025-06-07,-1.057207,54.36951,16.856357450484257,183.175602408422,11.5,231.0,24.577515873683325
11:07:30,2025-06-07,-1.057211,54.369468,17.245369136823534,182.32741984067664,11.1,241.0,23.01656957878328
11:07:31,2025-06-07,-1.057214,54.369425,17.633352960907246,180.75854842660573,11.1,241.0,23.142793914371342
11:07:32,2025-06-07,-1.057215,54.369381,16.836859299533824,181.58902651986406,11.1,241.0,22.4853890512782
11:07:33,2025-06-07,-1.057217,54.369339,17.270746373171715,183.87526010915005,11.1,241.0,23.2959579938855
11:07:34,2025-06-07,-1.057222,54.369296,18.528040542986297,185.78516184230668,11.1,241.0,24.860600440556087
11:07:35,2025-06-07,-1.05723,54.36925,18.486627561585088,184.34533119894905,11.1,241.0,24.588119063108326
11:07:36,2025-06-07,-1.057236,54.369204,19.670234357374817,183.4019419926195,11.1,241.0,25.618229435696897
11:07:37,2025-06-07,-1.057241,54.369155,18.90505008364856,184.95881804942968,11.1,241.0,25.105475446209656
11:07:38,2025-06-07,-1.057248,54.369108,19.27023560161707,183.47265212073123,11.1,241.0,25.229792163236088
11:07:39,2025-06-07,-1.057253,54.36906,19.304297334805273,184.85601986147896,11.1,241.0,25.488194234193962
11:07:40,2025-06-07,-1.05726,54.369012,19.685535848288094,184.08024204919192,11.1,241.0,25.74406068711573
11:07:41,2025-06-07,-1.057266,54.368963,20.123382474401403,185.32516745248626,11.1,241.0,26.382548845857663
11:07:42,2025-06-07,-1.057274,54.368913,21.765159070161346,186.15739058685432,11.1,241.0,28.156810653432515
11:07:43,2025-06-07,-1.057284,54.368859,20.968535341052394,186.39229688879726,11.1,241.0,27.3973398516786
11:07:44,2025-06-07,-1.057294,54.368807,20.570364033108316,186.5165761802892,11.1,241.0,27.01878096452195
11:07:45,2025-06-07,-1.057304,54.368756,21.058420112095956,188.28639665227846,11.1,241.0,27.782794776579408
11:07:46,2025-06-07,-1.057317,54.368704,18.517829771948982,193.11737950138402,11.1,241.0,25.96206310126339
11:07:47,2025-06-07,-1.057335,54.368659,19.485777217070982,198.87772752595666,11.1,241.0,27.71881561872923
11:07:48,2025-06-07,-1.057362,54.368613,19.70939467468659,203.7573303402924,11.1,241.0,28.545876419493972
11:07:49,2025-06-07,-1.057396,54.368568,18.926453344655876,207.1676243843963,11.1,241.0,28.14689029604019
11:07:50,2025-06-07,-1.057433,54.368526,18.7170262734392,205.8954218561211,11.1,241.0,27.7979781179434
11:07:51,2025-06-07,-1.057468,54.368484,18.8820192113238,204.0889039181045,11.1,241.0,27.757228054071547
11:07:52,2025-06-07,-1.057501,54.368441,19.266942023637505,200.5778889739457,11.1,241.0,27.71724031938423
11:07:53,2025-06-07,-1.05753,54.368396,19.485789537779237,198.8778398610646,11.1,241.0,27.718842536094336
11:07:54,2025-06-07,-1.057557,54.36835,19.72146171161684,197.21711697195823,11.1,241.0,27.735295100178
11:07:55,2025-06-07,-1.057582,54.368303,19.076911861576164,194.8934710761251,11.1,241.0,26.772760710254516
11:07:56,2025-06-07,-1.057603,54.368257,18.57245431597139,193.81902636339143,11.1,241.0,26.11695691067841
11:07:57,2025-06-07,-1.057622,54.368212,20.866329208317882,191.6189165545351,11.1,241.0,28.092705153120754
11:07:58,2025-06-07,-1.05764,54.368161,19.741772578164834,192.98556112363713,11.1,241.0,27.16704329928074
11:07:59,2025-06-07,-1.057659,54.368113,19.076917137264772,194.8935369194273,11.1,241.0,26.772775178241666
11:08:00,2025-06-07,-1.05768,54.368067,19.989125108508006,190.77063817156278,11.1,241.0,27.089971603282354
11:08:01,2025-06-07,-1.057696,54.368018,17.103021966931966,190.2218185972473,11.1,241.0,24.121822369829296
11:08:02,2025-06-07,-1.057709,54.367976,17.818667928095543,188.28655024259146,11.1,241.0,24.5430662663785
11:08:03,2025-06-07,-1.05772,54.367932,13.824031938307817,189.72301619017387,11.1,241.0,20.76770477320226
11:08:04,2025-06-07,-1.05773,54.367898,13.910889667432995,191.61899819940461,11.1,241.0,21.137277618365594
11:08:05,2025-06-07,-1.057742,54.367864,13.865555082120148,190.6739757895766,11.1,241.0,20.95199803544272
11:08:06,2025-06-07,-1.057753,54.36783,14.259507430032096,190.37573148337526,11.1,241.0,21.301382428072785
11:08:07,2025-06-07,-1.057764,54.367795,16.272977468095707,189.91368903797138,11.1,241.0,23.24543110870584
11:08:08,2025-06-07,-1.057776,54.367755,16.667833584705562,189.67652827601955,11.1,241.0,23.604477704174652
11:08:09,2025-06-07,-1.057788,54.367714,15.528306678167429,191.27159614972018,11.1,241.0,22.703475597023346
11:08:10,2025-06-07,-1.057801,54.367676,17.584899203166305,191.48756837750997,11.1,241.0,24.79194101016568
11:08:11,2025-06-07,-1.057816,54.367633,17.02602357963157,188.67534874604542,11.1,241.0,23.810194431095223
11:08:12,2025-06-07,-1.057827,54.367591,16.564040672455395,187.28766597626498,11.1,241.0,23.13346104771358
11:08:13,2025-06-07,-1.057836,54.36755,15.769428348307216,187.65707187253562,11.1,241.0,22.396397625204834
11:08:14,2025-06-07,-1.057845,54.367511,18.926758809296945,185.6631266062716,11.1,241.0,25.239887192685625
11:08:15,2025-06-07,-1.057853,54.367464,20.54506706672274,185.86990874659432,11.1,241.0,26.89110420838815
11:08:16,2025-06-07,-1.057862,54.367413,21.765162861634245,186.15761376061394,11.1,241.0,28.156849793292906
11:08:17,2025-06-07,-1.057872,54.367359,22.500162343320856,184.16511875493546,11.1,241.0,28.57245848161824
11:08:18,2025-06-07,-1.057879,54.367303,23.64726438109663,181.13137218087562,11.1,241.0,29.219290929802153
11:08:19,2025-06-07,-1.057881,54.367244,24.448557541455425,178.9057111915754,11.1,241.0,29.643556285800095
11:08:20,2025-06-07,-1.057879,54.367183,24.461990374884724,177.81221687924017,11.1,241.0,29.46884353032737
11:08:21,2025-06-07,-1.057875,54.367122,26.531400901168052,175.4577257654346,11.1,241.0,31.12704219348411
11:08:22,2025-06-07,-1.057866,54.367056,27.792066002991245,174.21452151079848,11.1,241.0,32.16740683922202
11:08:23,2025-06-07,-1.057854,54.366987,27.445341806971125,173.16030590668208,11.1,241.0,31.632253591696497
11:08:24,2025-06-07,-1.05784,54.366919,25.75276865025549,174.7986893011622,11.1,241.0,30.231889108638462
11:08:25,2025-06-07,-1.05783,54.366855,26.498361260817155,176.46417246372323,11.1,241.0,31.270768725654772
11:08:26,2025-06-07,-1.057823,54.366789,25.714470703197037,175.83482282966997,11.1,241.0,30.376512079701044
11:08:27,2025-06-07,-1.057815,54.366725,24.954745093532892,174.63184512133512,11.1,241.0,29.40427208068833
11:08:28,2025-06-07,-1.057805,54.366663,25.314828055760795,175.76893430394546,11.1,241.0,29.96528211397164
11:08:29,2025-06-07,-1.057797,54.3666,22.459973804354572,177.61706156176092,11.1,241.0,27.4330549630733
11:08:30,2025-06-07,-1.057793,54.366544,21.243450466019674,178.74056402066287,11.1,241.0,26.41015377266265
11:08:31,2025-06-07,-1.057791,54.366491,20.041591918323736,178.66502281008684,11.1,241.0,25.195338073694145
11:08:32,2025-06-07,-1.057789,54.366441,20.84939310735971,181.92507409005586,11.1,241.0,26.553868631566168
11:08:33,2025-06-07,-1.057792,54.366389,20.231928034718525,187.95972762812465,11.1,241.0,26.905842164729954
11:08:34,2025-06-07,-1.057804,54.366339,18.682548186761,189.34975998989864,11.1,241.0,25.569658151140096
11:08:35,2025-06-07,-1.057817,54.366293,18.215289860310158,188.10520649359484,11.1,241.0,24.91170298928481
11:08:36,2025-06-07,-1.057828,54.366248,18.024902295233836,191.96156033805843,11.1,241.0,25.3015355750536
11:08:37,2025-06-07,-1.057844,54.366204,16.07409207054025,198.63907077060304,11.1,241.0,24.27604840246234
11:08:38,2025-06-07,-1.057866,54.366166,15.683990481840096,206.5363728722064,11.1,241.0,24.835780554756944
11:08:39,2025-06-07,-1.057896,54.366131,16.209856384590083,203.79218258338616,11.1,241.0,25.050422738969147
11:08:40,2025-06-07,-1.057924,54.366094,16.528916117278204,198.96207265685425,11.1,241.0,24.77290528690125
11:08:41,2025-06-07,-1.057947,54.366055,15.930387069179856,197.04733549727538,11.1,241.0,23.921426407893904
11:08:42,2025-06-07,-1.057967,54.366017,16.185810508204522,195.05054551787532,11.1,241.0,23.90355938228953
11:08:43,2025-06-07,-1.057985,54.365978,15.575857394086714,192.11440469139487,11.1,241.0,22.874825318290874
11:08:44,2025-06-07,-1.057999,54.36594,15.626747643189157,192.95147802191542,11.1,241.0,23.04710897307635
11:08:45,2025-06-07,-1.058014,54.365902,16.074103434849583,198.63919836169066,11.1,241.0,24.27607642198899
11:08:46,2025-06-07,-1.058036,54.365864,16.528925341352977,198.9621712567026,11.1,241.0,24.772927302024513
11:08:47,2025-06-07,-1.058059,54.365825,17.294067246386497,193.26894261005924,11.1,241.0,24.760054839512165
11:08:48,2025-06-07,-1.058076,54.365783,18.90832795711274,192.84265637403396,11.1,241.0,26.31299685409813
11:08:49,2025-06-07,-1.058094,54.365737,20.35963268055216,195.29471581817,11.1,241.0,28.111309652112123
11:08:50,2025-06-07,-1.058117,54.365688,23.57841863804912,194.3341136034931,11.1,241.0,31.19581076962757
11:08:51,2025-06-07,-1.058142,54.365631,23.521455729801584,193.78305969228555,11.1,241.0,31.060845869985396
11:08:52,2025-06-07,-1.058166,54.365574,22.8766490517444,191.18162109967412,11.1,241.0,30.038509465569547
11:08:53,2025-06-07,-1.058185,54.365518,19.32555977115901,185.5461556722736,11.1,241.0,25.620036139870248
11:08:54,2025-06-07,-1.058193,54.36547,18.486625776550667,184.3457296277219,11.1,241.0,24.58818175886214
11:08:55,2025-06-07,-1.058199,54.365424,18.215294950481386,188.10537570801662,11.1,241.0,24.911734224163112
11:08:56,2025-06-07,-1.05821,54.365379,15.5758659328172,192.114576154075,11.1,241.0,22.87485888316349
11:08:57,2025-06-07,-1.058224,54.365341,16.70886877660472,190.46635279431888,11.1,241.0,23.76430595021488
11:08:58,2025-06-07,-1.058237,54.3653,17.06298364931792,189.45089478578734,11.1,241.0,23.965448448433214
11:08:59,2025-06-07,-1.058249,54.365258,14.012888601261194,193.49036263821122,11.1,241.0,21.510563257950437
11:09:00,2025-06-07,-1.058263,54.365224,14.331640896944617,198.03421457826968,11.1,241.0,22.454186124595388
11:09:01,2025-06-07,-1.058282,54.36519,15.196436784192215,202.59489479385846,11.1,241.0,23.89481978629822
11:09:02,2025-06-07,-1.058307,54.365155,16.671111016993155,203.97134177126043,11.1,241.0,25.532622790944437
11:09:03,2025-06-07,-1.058336,54.365117,15.382670187839507,204.20146310074844,11.1,241.0,24.270958194975556
11:09:04,2025-06-07,-1.058363,54.365082,16.230078639518155,200.2020949877993,11.1,241.0,24.632988952337527
11:09:05,2025-06-07,-1.058387,54.365044,16.3979033420497,201.7339269977965,11.1,241.0,24.991691205207893
11:09:06,2025-06-07,-1.058413,54.365006,16.026475372515275,202.2646185029354,11.1,241.0,24.684965509140117
11:09:07,2025-06-07,-1.058439,54.364969,16.454253970540883,198.19351017178064,11.1,241.0,24.597801163285286
11:09:08,2025-06-07,-1.058461,54.36493,16.07414003548025,198.63960900662835,11.1,241.0,24.276166626249633
11:09:09,2025-06-07,-1.058483,54.364892,14.649079018666036,201.5107080913257,11.1,241.0,23.21543128583022
11:09:10,2025-06-07,-1.058506,54.364858,15.022499024383013,200.95014176461314,11.1,241.0,23.51938036618091
11:09:11,2025-06-07,-1.058529,54.364823,16.23009024623534,200.20221207936234,11.1,241.0,24.633015380817646
11:09:12,2025-06-07,-1.058553,54.364785,16.230091951091982,200.20222926366336,11.1,241.0,24.63301926090608
11:09:13,2025-06-07,-1.058577,54.364747,15.748914484762642,203.6037777240138,11.1,241.0,24.567361270242642
11:09:14,2025-06-07,-1.058604,54.364711,17.602587516004697,200.99077944169835,11.1,241.0,26.10453250464434
11:09:15,2025-06-07,-1.058631,54.36467,16.000740213164715,197.84735756799844,11.1,241.0,24.098569696310552
11:09:16,2025-06-07,-1.058652,54.364632,15.799272173211879,195.4284627231465,11.1,241.0,23.569473987843597
11:09:17,2025-06-07,-1.05867,54.364594,14.405973635940732,198.91766802048897,11.1,241.0,22.644199850884824
11:09:18,2025-06-07,-1.05869,54.36456,14.649094269389305,201.51086608021004,11.1,241.0,23.2154660008269
11:09:19,2025-06-07,-1.058713,54.364526,13.80924254145898,196.7066589155343,11.1,241.0,21.75433281697395
11:09:20,2025-06-07,-1.05873,54.364493,11.984795733035837,200.53323853751627,11.1,241.0,20.42948255609965
11:09:21,2025-06-07,-1.058748,54.364465,12.97436474777982,196.73661174097083,11.1,241.0,20.92350622399721
11:09:22,2025-06-07,-1.058764,54.364434,13.569236517919284,192.92664956475036,11.1,241.0,20.98601985901039
11:09:23,2025-06-07,-1.058777,54.364401,13.12698058114621,192.32463443699777,11.1,241.0,20.456583801990263
11:09:24,2025-06-07,-1.058789,54.364369,13.42929002465107,190.012627718873,11.1,241.0,20.416647395807935
11:09:25,2025-06-07,-1.058799,54.364336,12.640877998723285,190.644282609468,11.1,241.0,19.722892356740388
11:09:26,2025-06-07,-1.058809,54.364305,13.429290519246955,190.01264300364016,11.1,241.0,20.41665019123203
11:09:27,2025-06-07,-1.058819,54.364272,12.68628219229228,191.68075611091578,11.1,241.0,19.921747629279626
11:09:28,2025-06-07,-1.05883,54.364241,14.219160479999116,189.4511324645253,11.1,241.0,21.12166133948152
11:09:29,2025-06-07,-1.05884,54.364206,12.686282888012931,191.680774362176,11.1,241.0,19.921751006419587
11:09:30,2025-06-07,-1.058851,54.364175,14.069455288387951,194.4154291522138,11.1,241.0,21.698298195937006
11:09:31,2025-06-07,-1.058866,54.364141,14.457852617248667,194.0200397333174,11.1,241.0,22.030873306194387
11:09:32,2025-06-07,-1.058881,54.364106,14.303635237696176,191.29669863684546,11.1,241.0,21.482513992314036
11:09:33,2025-06-07,-1.058893,54.364071,15.738514751220043,194.60918788746355,11.1,241.0,23.39458060233365
11:09:34,2025-06-07,-1.05891,54.364033,15.184360877279468,192.43233885292267,11.1,241.0,22.529620900744064
11:09:35,2025-06-07,-1.058924,54.363996,13.910934707434805,191.6200721001672,11.1,241.0,21.13748057741896
11:09:36,2025-06-07,-1.058936,54.363962,12.400606515680279,194.16963344269274,11.1,241.0,19.99478983113219
11:09:37,2025-06-07,-1.058949,54.363932,13.35855220196203,196.2417703905686,11.1,241.0,21.240487354776143
11:09:38,2025-06-07,-1.058965,54.3639,14.193462537346935,196.2417831545884,11.1,241.0,22.075399431295974
11:09:39,2025-06-07,-1.058982,54.363866,14.644143122667499,196.68039543924513,11.1,241.0,22.585679405255302
11:09:40,2025-06-07,-1.059,54.363831,14.069461849888164,194.41554485470832,11.1,241.0,21.698321039607144
11:09:41,2025-06-07,-1.059015,54.363797,14.069462494259401,194.4155562873418,11.1,241.0,21.69832329282775
11:09:42,2025-06-07,-1.05903,54.363763,14.516448756005282,194.91440318252052,11.1,241.0,22.215219397046702
11:09:43,2025-06-07,-1.059046,54.363728,15.29217438662885,194.14143747649936,11.1,241.0,22.88237284809483
11:09:44,2025-06-07,-1.059062,54.363691,14.713164814434087,197.55161873608432,11.1,241.0,22.771700732176136
11:09:45,2025-06-07,-1.059081,54.363656,14.331690045866807,198.03485847043635,11.1,241.0,22.454320292503695
11:09:46,2025-06-07,-1.0591,54.363622,14.406007455695141,198.9180838652449,11.1,241.0,22.644287663062535
11:09:47,2025-06-07,-1.05912,54.363588,12.523650229980309,196.24189846373716,11.1,241.0,20.40560285318726
11:09:48,2025-06-07,-1.059135,54.363558,14.259545820778314,190.3767873047968,11.1,241.0,21.30157893209899
11:09:49,2025-06-07,-1.059146,54.363523,13.078929527073246,191.32551352707273,11.1,241.0,20.26206506573035
11:09:50,2025-06-07,-1.059157,54.363491,9.781574583176921,199.5271138911599,11.1,241.0,18.098462774181534
11:09:51,2025-06-07,-1.059171,54.363468,12.069065526254528,201.57205958425263,11.1,241.0,20.642971414182647
11:09:52,2025-06-07,-1.05919,54.36344,13.446948068372478,202.4645065913913,11.1,241.0,22.12961641213259
11:09:53,2025-06-07,-1.059212,54.363409,13.27480606689806,200.60116268818206,11.1,241.0,21.72802726742134
11:09:54,2025-06-07,-1.059232,54.363378,13.878496111108637,197.63053261434015,11.1,241.0,21.94753802592743
11:09:55,2025-06-07,-1.05925,54.363345,13.732523906751384,200.9248450874306,11.1,241.0,22.22625100418223
11:09:56,2025-06-07,-1.059271,54.363313,14.564798547176691,200.65669090659827,11.1,241.0,23.02498780419381
11:09:57,2025-06-07,-1.059293,54.363279,13.633000796425737,204.27916336382816,11.1,241.0,22.53029741741828
11:09:58,2025-06-07,-1.059317,54.363248,15.11826864156517,205.63286771341936,11.1,241.0,24.169874265607916
11:09:59,2025-06-07,-1.059345,54.363214,13.53827859022942,203.37811749586197,11.1,241.0,22.330106382601056
11:10:00,2025-06-07,-1.059368,54.363183,14.027641953140632,199.44907815884798,11.1,241.0,22.334510313974448
11:10:01,2025-06-07,-1.059388,54.36315,11.071139462941956,199.72537149338075,11.1,241.0,19.41341460605596
11:10:02,2025-06-07,-1.059404,54.363124,9.569336756328767,195.5708688441591,11.1,241.0,17.359216230163778
11:10:03,2025-06-07,-1.059415,54.363101,9.063977570379183,193.40660966006777,11.1,241.0,16.54967961457272
11:10:04,2025-06-07,-1.059424,54.363079,7.307287813430104,189.19339776250763,11.1,241.0,14.170615796888136
11:10:05,2025-06-07,-1.059429,54.363061,8.136510315622631,189.91480428172162,11.1,241.0,15.109132068069492
11:10:06,2025-06-07,-1.059435,54.363041,7.899655723290562,195.42902481581285,11.1,241.0,15.669935302250934
11:10:07,2025-06-07,-1.059444,54.363022,7.658568333643939,199.59891255242798,11.1,241.0,15.984661884553674
11:10:08,2025-06-07,-1.059455,54.363004,6.078620442740193,202.59596519708342,11.1,241.0,14.777132265765506
11:10:09,2025-06-07,-1.059465,54.36299,1.2031477402474764,218.4282840224063,11.1,241.0,11.452885650565173
11:10:29,2025-06-07,-1.059529,54.362943,4.893228177613753,214.96042585791113,11.1,241.0,14.866478825782899
11:10:30,2025-06-07,-1.059541,54.362933,5.230372406769902,185.12220750684364,11.1,241.0,11.457027338439397
11:10:31,2025-06-07,-1.059543,54.36292,6.015388219707335,182.224437993711,11.1,241.0,11.769537145976969
11:10:32,2025-06-07,-1.059544,54.362905,4.432723087989927,186.0471465552783,11.1,241.0,10.80690132572312
11:10:33,2025-06-07,-1.059546,54.362894,7.0966893993566975,205.33300879626077,11.1,241.0,16.114546707424346
11:10:34,2025-06-07,-1.059559,54.362878,6.634455749710197,204.99116368423768,11.1,241.0,15.613538066706862
11:10:35,2025-06-07,-1.059571,54.362863,6.7486196310613185,198.1460750278362,11.1,241.0,14.88591941919282
11:10:36,2025-06-07,-1.05958,54.362847,5.783150509990953,194.0204568944288,11.1,241.0,13.356230285462267
11:10:37,2025-06-07,-1.059586,54.362833,4.432723124994761,186.04715707996084,11.1,241.0,10.806903031985678
11:10:38,2025-06-07,-1.059588,54.362822,4.808667597815886,180.0,11.1,241.0,10.190054382550228
11:10:39,2025-06-07,-1.059588,54.36281,4.8143584360130856,182.77976952860627,11.1,241.0,10.660236433606023
11:10:40,2025-06-07,-1.059589,54.362798,6.230050416453849,195.21119473773416,11.1,241.0,13.970137727404417
11:10:41,2025-06-07,-1.059596,54.362783,4.789032150676361,202.9646228706601,11.1,241.0,13.531730310518272
11:10:42,2025-06-07,-1.059604,54.362772,4.5605989959326045,194.8337417660237,11.1,241.0,12.248104927789765
11:10:43,2025-06-07,-1.059609,54.362761,5.080028079594282,198.77187198824396,11.1,241.0,13.299297711881975
11:10:44,2025-06-07,-1.059616,54.362749,5.080028228984654,198.77187709334424,11.1,241.0,13.299298525976331
11:10:45,2025-06-07,-1.059623,54.362737,6.0832840043720235,188.83164830603974,11.1,241.0,12.89139591970412
11:10:46,2025-06-07,-1.059627,54.362722,6.415825945199162,182.0855475686106,11.1,241.0,12.146948257976693
11:10:47,2025-06-07,-1.059628,54.362706,8.230200693285257,193.11922109044968,11.1,241.0,15.674698663801973
11:10:48,2025-06-07,-1.059636,54.362686,9.862440883615102,200.80633595881807,11.1,241.0,18.341369032861788
11:10:49,2025-06-07,-1.059651,54.362663,9.781595452016486,199.52747774478576,11.1,241.0,18.098530325902754
11:10:50,2025-06-07,-1.059665,54.36264,9.634931852599777,196.90890806591025,11.1,241.0,17.60733464921004
11:10:51,2025-06-07,-1.059677,54.362617,9.7815966123193,199.52749796064992,11.1,241.0,18.098534079916746
11:10:52,2025-06-07,-1.059691,54.362594,10.921751765270255,197.41856115420012,11.1,241.0,18.96253879528489
11:10:53,2025-06-07,-1.059705,54.362568,9.634933176320535,196.90893601135116,11.1,241.0,17.607339739937018
11:10:54,2025-06-07,-1.059717,54.362545,9.705722164696239,198.22808819504993,11.1,241.0,17.85381990893449
11:10:55,2025-06-07,-1.05973,54.362522,11.304660502272322,196.81048356573902,11.1,241.0,19.26378405449376
11:10:56,2025-06-07,-1.059744,54.362495,9.184027717917875,196.24230474891996,11.1,241.0,17.066035762010003
11:10:57,2025-06-07,-1.059755,54.362473,9.25234810066794,197.6308923424768,11.1,241.0,17.321437871939136
11:10:58,2025-06-07,-1.059767,54.362451,8.749472400769822,203.60494389402078,11.1,241.0,17.568056393319633
11:10:59,2025-06-07,-1.059782,54.362431,7.840515858790757,193.7840799443958,11.1,241.0,15.380051062869903
11:11:00,2025-06-07,-1.05979,54.362412,7.742111674175528,190.42563131949288,11.1,241.0,14.791456747714218
11:11:01,2025-06-07,-1.059796,54.362393,7.840516229278685,193.784092216347,11.1,241.0,15.38005317822283
11:11:02,2025-06-07,-1.059804,54.362374,7.671050073378799,186.9932314333218,11.1,241.0,14.194405476538499
11:11:03,2025-06-07,-1.059808,54.362355,8.180146072532485,191.52628414634233,11.1,241.0,15.392890689455967
11:11:04,2025-06-07,-1.059815,54.362335,7.5831276410288355,197.93669883656324,11.1,241.0,15.692785135488634
11:11:05,2025-06-07,-1.059825,54.362317,8.115101079042429,200.2033358503403,11.1,241.0,16.51816846177337
11:11:06,2025-06-07,-1.059837,54.362298,8.5724291263827,200.74307098590933,11.1,241.0,17.0434421424659
11:11:07,2025-06-07,-1.05985,54.362278,7.740379914629898,201.22810967423945,11.1,241.0,16.27181186508877
11:11:08,2025-06-07,-1.059862,54.36226,8.492198848929275,199.2693831594703,11.1,241.0,16.775935710052796
11:11:09,2025-06-07,-1.059874,54.36224,8.03712046912428,198.6407369305534,11.1,241.0,16.239294291530822
11:11:10,2025-06-07,-1.059885,54.362221,9.252352968212262,197.630993810989,11.1,241.0,17.321456238295035
11:11:11,2025-06-07,-1.059897,54.362199,6.825286229530757,200.00971193566062,11.1,241.0,15.20379683017074
11:11:12,2025-06-07,-1.059907,54.362183,8.288708361741566,203.23521594299336,11.1,241.0,17.063608863224566
11:11:13,2025-06-07,-1.059921,54.362164,8.12694231204254,207.38054554481826,11.1,241.0,17.37028185052546
11:11:14,2025-06-07,-1.059937,54.362146,7.545536401147333,211.76067968223603,11.1,241.0,17.231252864537417
11:11:15,2025-06-07,-1.059954,54.36213,8.199027881327382,201.73531536275917,11.1,241.0,16.792985979196782
11:11:16,2025-06-07,-1.059967,54.362111,8.115105692985514,200.2034289652417,11.1,241.0,16.518184862156595
11:11:17,2025-06-07,-1.059979,54.362092,6.909024960794364,201.83002561549245,11.1,241.0,15.514584061000235
11:11:18,2025-06-07,-1.05999,54.362076,9.12120722566346,194.83398596067812,11.1,241.0,16.808747283344857
11:11:19,2025-06-07,-1.06,54.362054,6.736871567169979,206.79256003973396,11.1,241.0,15.916655702526953
11:11:20,2025-06-07,-1.060013,54.362039,7.54554175572257,211.76074647248097,11.1,241.0,17.231264539456326
11:11:21,2025-06-07,-1.06003,54.362023,8.590456159103981,207.53434846379898,11.1,241.0,17.850259919539532
11:11:22,2025-06-07,-1.060047,54.362004,8.03712491777575,198.6408366313088,11.1,241.0,16.23931175429845
11:11:23,2025-06-07,-1.060058,54.361985,8.572436943383126,200.74321560340172,11.1,241.0,17.043468064461692
11:11:24,2025-06-07,-1.060071,54.361965,8.115108962799088,200.20349497445852,11.1,241.0,16.518196487372144
11:11:25,2025-06-07,-1.060083,54.361946,9.063989644993534,193.4069730180249,11.1,241.0,16.549743666311176
11:11:26,2025-06-07,-1.060092,54.361924,6.538864567144907,203.13636497055072,11.1,241.0,15.302023809396358
11:11:27,2025-06-07,-1.060103,54.361909,7.476663130385866,216.42883347200657,11.1,241.0,17.57150798774436
11:11:28,2025-06-07,-1.060122,54.361894,7.888877900743776,210.22781095236311,11.1,241.0,17.426090448045954
11:11:29,2025-06-07,-1.060139,54.361877,7.583135156950154,197.93688601756273,11.1,241.0,15.692817411866507
11:11:30,2025-06-07,-1.060149,54.361859,5.844387753587241,196.2425398433477,11.1,241.0,13.726427866453456
11:11:31,2025-06-07,-1.060156,54.361845,6.094530773867816,217.84313517381892,11.1,241.0,16.30022218028572
11:11:32,2025-06-07,-1.060172,54.361833,7.802467029702829,214.67991791142967,11.1,241.0,17.75174201218789
11:11:33,2025-06-07,-1.060191,54.361817,7.339907605791624,214.96116750926262,11.1,241.0,17.313221328027307
11:11:34,2025-06-07,-1.060209,54.361802,6.825293565086449,200.00988998318172,11.1,241.0,15.203826790993748
11:11:35,2025-06-07,-1.060219,54.361786,7.65859291287167,199.59945734389746,11.1,241.0,15.984756261940342
11:11:36,2025-06-07,-1.06023,54.361768,6.736880847046103,206.79272055824856,11.1,241.0,15.916682465094638
11:11:37,2025-06-07,-1.060243,54.361753,6.999596288827064,203.60529888596443,11.1,241.0,15.818222047635897
11:11:38,2025-06-07,-1.060255,54.361737,7.203036360019401,198.91888259537598,11.1,241.0,15.441420271638282
11:11:39,2025-06-07,-1.060265,54.36172,7.368408546701755,202.35706615918286,11.1,241.0,16.03809415002582
11:11:40,2025-06-07,-1.060277,54.361703,6.9607826215332755,210.2279254272632,11.1,241.0,16.498006515347758
11:11:41,2025-06-07,-1.060292,54.361688,6.9995980013975485,203.60533214437842,11.1,241.0,15.818227673177933
11:11:42,2025-06-07,-1.060304,54.361672,6.634489472642692,204.99180784085266,11.1,241.0,15.613645156395265
11:11:43,2025-06-07,-1.060316,54.361657,5.81071833485149,206.24449927407736,11.1,241.0,14.930391878867908
11:11:44,2025-06-07,-1.060327,54.361644,6.381915619104233,208.41552833822604,11.1,241.0,15.734757682199493
11:11:45,2025-06-07,-1.06034,54.36163,7.559188182037118,205.63373765815604,11.1,241.0,16.61089135579431
11:11:46,2025-06-07,-1.060354,54.361613,7.559188756721115,205.6337469024567,11.1,241.0,16.610892967060405
11:11:47,2025-06-07,-1.060368,54.361596,6.699406395755819,218.8955896984158,11.1,241.0,16.983552716481654
11:11:48,2025-06-07,-1.060386,54.361583,6.7448909418346865,213.6599076140172,11.1,241.0,16.604977405312695
11:11:49,2025-06-07,-1.060402,54.361569,8.037133103374325,198.64102038952677,11.1,241.0,16.239343926117563
11:11:50,2025-06-07,-1.060413,54.36155,7.424841698550491,210.22801895773813,11.1,241.0,16.962074862881472
11:11:51,2025-06-07,-1.060429,54.361534,8.59848800704791,212.91942480053075,11.1,241.0,18.391868167427198
11:11:52,2025-06-07,-1.060449,54.361516,8.068559721420954,221.7784371294386,11.1,241.0,18.549762878493958
11:11:53,2025-06-07,-1.060472,54.361501,7.20816753875909,213.43912511063263,11.1,241.0,17.048536651044408
11:11:54,2025-06-07,-1.060489,54.361486,5.690241192793273,212.26116169139786,11.1,241.0,15.42294807300219
11:11:55,2025-06-07,-1.060502,54.361474,6.73689039892338,206.79288554602925,11.1,241.0,15.916709986353425
11:11:56,2025-06-07,-1.060515,54.361459,7.545570777180485,211.76110855456554,11.1,241.0,17.231327824419537
11:11:57,2025-06-07,-1.060532,54.361443,6.554795059872828,217.30571156091975,11.1,241.0,16.71909455448753
11:11:58,2025-06-07,-1.060549,54.36143,6.674768889663361,237.23513463100429,11.1,241.0,17.75081421094176
11:11:59,2025-06-07,-1.060573,54.361421,7.325248315699357,232.94195452968802,11.1,241.0,18.315653203495927
11:12:00,2025-06-07,-1.060598,54.36141,6.710441944218996,224.16052462354304,11.1,241.0,17.33447543791726
11:12:01,2025-06-07,-1.060618,54.361398,6.41545508061304,215.64557069389895,11.1,241.0,16.446260505159216
11:12:02,2025-06-07,-1.060634,54.361385,7.663529999535323,207.20867324797416,11.1,241.0,16.888392236162865
11:12:03,2025-06-07,-1.060649,54.361368,6.8757197986255285,225.5581340757825,11.1,241.0,17.575022069605005
11:12:04,2025-06-07,-1.06067,54.361356,6.710409101317535,233.2701343387125,11.1,241.0,17.709545890364765
11:12:05,2025-06-07,-1.060693,54.361346,6.467057793017838,240.22709950211106,11.1,241.0,17.56604786991614
11:12:06,2025-06-07,-1.060717,54.361338,7.003182475224569,221.8736245535821,11.1,241.0,17.490442285235275
11:12:07,2025-06-07,-1.060737,54.361325,6.877575294058842,215.28056006981893,11.1,241.0,16.87789643955048
11:12:08,2025-06-07,-1.060754,54.361311,6.601688283732834,228.04515050020623,11.1,241.0,17.419160308546246
11:12:09,2025-06-07,-1.060775,54.3613,6.671319121429633,241.2246851297026,11.1,241.0,17.771233772943383
11:12:10,2025-06-07,-1.0608,54.361292,7.5731616759981195,230.5186290981564,11.1,241.0,18.48794826908115
11:12:11,2025-06-07,-1.060825,54.36128,7.139741007993594,231.81122381161222,11.1,241.0,18.097300986741878
11:12:12,2025-06-07,-1.060849,54.361269,6.777708297192675,229.36662398079272,11.1,241.0,17.649691555604875
11:12:13,2025-06-07,-1.060871,54.361258,6.2648949127753,239.1649472618735,11.1,241.0,17.35920235176156
11:12:14,2025-06-07,-1.060894,54.36125,5.8630807195055965,241.3622516639948,11.1,241.0,16.96285886561474
11:12:15,2025-06-07,-1.060916,54.361243,5.287020980513998,256.82807172723795,11.1,241.0,15.966158663615822
11:12:16,2025-06-07,-1.060938,54.36124,6.184176828695235,251.05544507519474,11.1,241.0,17.113672534142033
11:12:17,2025-06-07,-1.060963,54.361235,6.700079604599712,245.2001693936503,11.1,241.0,17.77026789829267
11:12:18,2025-06-07,-1.060989,54.361228,6.628715520203412,252.36871165601312,11.1,241.0,17.510922043773885
11:12:19,2025-06-07,-1.061016,54.361223,7.897316379521784,236.01088708753343,11.1,241.0,18.955261155193096
11:12:20,2025-06-07,-1.061044,54.361212,7.704246926312074,235.03862054011512,11.1,241.0,18.74421954074417
11:12:21,2025-06-07,-1.061071,54.361201,7.0731629690785125,239.28637114957735,11.1,241.0,18.168198773596465
11:12:22,2025-06-07,-1.061097,54.361192,7.513506724253393,234.0167645618809,11.1,241.0,18.53116434609682
11:12:23,2025-06-07,-1.061123,54.361181,7.704250817798986,235.03864086110116,11.1,241.0,18.744223841100535
11:12:24,2025-06-07,-1.06115,54.36117,7.343556727028284,247.49767306268964,11.1,241.0,18.372255348083733
11:12:25,2025-06-07,-1.061179,54.361163,7.479612137043525,241.11695514395325,11.1,241.0,18.57958901180488
11:12:26,2025-06-07,-1.061207,54.361154,7.897325463727409,236.01093168902173,11.1,241.0,18.9552709908477
11:12:27,2025-06-07,-1.061235,54.361143,8.083852386984345,240.22722457194072,11.1,241.0,19.182842790700334
11:12:28,2025-06-07,-1.061265,54.361133,7.718022625333634,245.40834782190018,11.1,241.0,18.785183984778143
11:12:29,2025-06-07,-1.061295,54.361125,10.98443141004212,216.5601237303997,11.1,241.0,21.089826244965153
11:12:30,2025-06-07,-1.061323,54.361103,10.123698109092173,227.64322729389016,11.1,241.0,20.92344805455318
11:12:31,2025-06-07,-1.061355,54.361086,7.940337865930257,232.66487648952977,11.1,241.0,18.923089784451093
11:12:32,2025-06-07,-1.061382,54.361074,7.755404294788794,231.6171853407187,11.1,241.0,18.706898564110496
11:12:33,2025-06-07,-1.061408,54.361062,8.83917908129421,223.43612653015873,11.1,241.0,19.42170963153734
11:12:34,2025-06-07,-1.061434,54.361046,8.70135305082515,208.89908395643482,11.1,241.0,18.104312071499432
11:12:35,2025-06-07,-1.061452,54.361027,9.281081609466463,210.22833911472802,11.1,241.0,18.818346506798527
11:12:36,2025-06-07,-1.061472,54.361007,9.770604154626342,205.4887882206752,11.1,241.0,18.80602490479745
11:12:37,2025-06-07,-1.06149,54.360985,9.281083971142005,210.228364596829,11.1,241.0,18.81835139417074
11:12:38,2025-06-07,-1.06151,54.360965,10.67324795688367,210.2283788551671,11.1,241.0,20.210516793148148
11:12:39,2025-06-07,-1.061533,54.360942,11.043965429471376,213.37205435519815,11.1,241.0,20.878315726015117
11:12:40,2025-06-07,-1.061559,54.360919,10.336981456368068,206.87025495687297,11.1,241.0,19.525219220157346
11:12:41,2025-06-07,-1.061579,54.360896,9.672016780846649,204.23971652005764,11.1,241.0,18.564741955574718
11:12:42,2025-06-07,-1.061596,54.360874,10.087067217469658,197.51660745831893,11.1,241.0,18.140937101600482
11:12:43,2025-06-07,-1.061609,54.36085,10.732095679191906,193.8483193765939,11.1,241.0,18.28075990992835
11:12:44,2025-06-07,-1.06162,54.360824,9.770611979358126,205.48888737008338,11.1,241.0,18.806043886931747
11:12:45,2025-06-07,-1.061638,54.360802,9.461258799925991,216.35366822536741,11.1,241.0,19.550039805254503
11:12:46,2025-06-07,-1.061662,54.360783,9.00190640525113,224.5167478520221,11.1,241.0,19.64572652017298
11:12:47,2025-06-07,-1.061689,54.360767,9.436680357181958,220.08560239269227,11.1,241.0,19.805354655900096
11:12:48,2025-06-07,-1.061715,54.360749,8.388117622571038,224.16098846972864,11.1,241.0,19.012177148056004
11:12:49,2025-06-07,-1.06174,54.360734,7.76421931877431,219.205931287233,11.1,241.0,18.070838672334496
11:12:50,2025-06-07,-1.061761,54.360719,8.135024834573612,213.07343139170396,11.1,241.0,17.942413756108433
11:12:51,2025-06-07,-1.06178,54.360702,9.489091114743665,201.66705383522265,11.1,241.0,18.074673335503984
11:12:52,2025-06-07,-1.061795,54.36068,7.208210637090581,213.4396516619167,11.1,241.0,17.048626947858576
11:12:53,2025-06-07,-1.061812,54.360665,7.938235565178761,216.06778545538626,11.1,241.0,18.003794859169574
11:12:54,2025-06-07,-1.061832,54.360649,8.12700417521934,207.3814084899316,11.1,241.0,17.37043627575786
11:12:55,2025-06-07,-1.061848,54.360631,7.309654527332493,208.64619918839122,11.1,241.0,16.686487231740152
11:12:56,2025-06-07,-1.061863,54.360615,8.237450885729768,208.8244648607115,11.1,241.0,17.63271980197228
11:12:57,2025-06-07,-1.06188,54.360597,7.545613905308657,211.7616466458784,11.1,241.0,17.231421870935016
11:12:58,2025-06-07,-1.061897,54.360581,8.701375568275482,208.89935837011944,11.1,241.0,18.10436284008549
11:12:59,2025-06-07,-1.061915,54.360562,7.54561566413479,211.7616684787797,11.1,241.0,17.231425695742132
11:13:00,2025-06-07,-1.061932,54.360546,8.38402142002861,204.7030412475493,11.1,241.0,17.33017414602022
11:13:01,2025-06-07,-1.061947,54.360527,7.787967480074659,192.11595940093326,11.1,241.0,15.087162322299223
11:13:02,2025-06-07,-1.061954,54.360508,7.742121072014075,190.42610396403413,11.1,241.0,14.791536875550465
11:13:03,2025-06-07,-1.06196,54.360489,7.348404274997359,190.99158719394032,11.1,241.0,14.482098146511225
11:13:04,2025-06-07,-1.061966,54.360471,6.748655385451589,198.14706245687796,11.1,241.0,14.886085278928775
11:13:05,2025-06-07,-1.061975,54.360455,8.03715407368486,198.64149100001228,11.1,241.0,16.239426325496797
11:13:06,2025-06-07,-1.061986,54.360436,8.021875333217578,205.89984113318414,11.1,241.0,17.103319499368233
11:13:07,2025-06-07,-1.062001,54.360418,7.200198421935062,207.01472470188543,11.1,241.0,16.404110349028205
11:13:08,2025-06-07,-1.062015,54.360402,7.339989531402003,214.96209436544478,11.1,241.0,17.313382076181675
11:13:09,2025-06-07,-1.062033,54.360387,7.208226021614563,213.43983957046458,11.1,241.0,17.04865917574171
11:13:10,2025-06-07,-1.06205,54.360372,7.618265283429191,217.84413320847256,11.1,241.0,17.82403272346625
11:13:11,2025-06-07,-1.06207,54.360357,7.3253686028241125,232.94266822231327,11.1,241.0,18.315792871206554
11:13:12,2025-06-07,-1.062095,54.360346,6.872984252885408,238.29104123216692,11.1,241.0,17.960579971660223
11:13:13,2025-06-07,-1.06212,54.360337,7.015606349606325,216.8393639463483,11.1,241.0,17.14326333815158
11:13:14,2025-06-07,-1.062138,54.360323,5.918155970034472,208.27421254980925,11.1,241.0,15.256225748029518
11:13:15,2025-06-07,-1.06215,54.36031,6.172666748311412,193.11995827569035,11.1,241.0,13.617270652134593
11:13:16,2025-06-07,-1.062156,54.360295,8.099415856976671,188.2880736494511,11.1,241.0,14.824049004512695
11:13:17,2025-06-07,-1.062161,54.360275,7.460779030316248,204.01699060141343,11.1,241.0,16.327613745693107
11:13:18,2025-06-07,-1.062174,54.360258,6.601781332757417,228.04588068275677,11.1,241.0,17.419285069506124
11:13:19,2025-06-07,-1.062195,54.360247,6.06511981679331,238.03303929783354,11.1,241.0,17.150240799195686
11:13:20,2025-06-07,-1.062217,54.360239,6.875815487655512,225.55892127252872,11.1,241.0,17.575158363642444
11:13:21,2025-06-07,-1.062238,54.360227,7.282464028295536,200.65810340359943,11.1,241.0,15.742830431382481
11:13:22,2025-06-07,-1.062249,54.36021,7.671053352246278,186.993596195284,11.1,241.0,14.194465930093617
11:13:23,2025-06-07,-1.062253,54.360191,7.2470873342919,185.54686644853803,11.1,241.0,13.541677121651658
11:13:24,2025-06-07,-1.062256,54.360173,6.736932648998785,206.79361569158382,11.1,241.0,15.916831758155862
11:13:25,2025-06-07,-1.062269,54.360158,8.22664886590245,222.99345890405885,11.1,241.0,18.78298453650884
11:13:26,2025-06-07,-1.062293,54.360143,7.513631815205516,234.017460166171,11.1,241.0,18.531305820272756
11:13:27,2025-06-07,-1.062319,54.360132,7.0032733226818245,221.87446060804788,11.1,241.0,17.49058620155082
11:13:28,2025-06-07,-1.062339,54.360119,7.583163981225005,197.9376044792522,11.1,241.0,15.692941274040816
11:13:29,2025-06-07,-1.062349,54.360101,6.84836023162002,185.8709488745956,11.1,241.0,13.194562697967942
11:13:30,2025-06-07,-1.062352,54.360084,8.86544883075456,186.04756039168913,11.1,241.0,15.239692704474074
11:13:31,2025-06-07,-1.062356,54.360062,7.773567304883862,208.74098044441257,11.1,241.0,17.160213586175626
11:13:32,2025-06-07,-1.062372,54.360045,8.892142241558117,227.40515791193226,11.1,241.0,19.681144270080395
11:13:33,2025-06-07,-1.0624,54.36003,7.091503611537741,235.53153259845274,11.1,241.0,18.140985248320128
11:13:34,2025-06-07,-1.062425,54.36002,7.200212454505387,207.01494934046235,11.1,241.0,16.40414870809453
11:13:35,2025-06-07,-1.062439,54.360004,7.7421235593332876,190.42622907201817,11.1,241.0,14.791558084866233
11:13:36,2025-06-07,-1.062445,54.359985,7.452024178129631,194.51912627926424,11.1,241.0,15.095447318404727
11:13:37,2025-06-07,-1.062453,54.359967,6.496798696243137,210.2289779621453,11.1,241.0,16.03412691332614
11:13:38,2025-06-07,-1.062467,54.359953,5.918167650461584,208.27442784044445,11.1,241.0,15.256259976846131
11:13:39,2025-06-07,-1.062479,54.35994,5.209387398377388,180.0,11.1,241.0,10.59077418311173
11:13:40,2025-06-07,-1.062479,54.359927,4.068262308912228,170.0844566673818,11.1,241.0,7.69753539179118
11:13:41,2025-06-07,-1.062476,54.359917,5.730846365593771,191.75570803963177,11.1,241.0,12.977317318049947
11:13:42,2025-06-07,-1.062481,54.359903,6.094638057760521,217.844447469303,11.1,241.0,16.30042943859805
11:13:43,2025-06-07,-1.062497,54.359891,6.960858967918104,210.229024786668,11.1,241.0,16.49819182599556
11:13:44,2025-06-07,-1.062512,54.359876,6.295668240573644,197.2636412629774,11.1,241.0,14.315735483438155
11:13:45,2025-06-07,-1.06252,54.359861,5.009492768714319,196.2432874250015,11.1,241.0,12.8916348568594
11:13:46,2025-06-07,-1.062526,54.359849,6.123673071036784,190.99175347630202,11.1,241.0,13.257391623023052
11:13:47,2025-06-07,-1.062531,54.359834,4.948993658023991,193.64671891343286,11.1,241.0,12.46897678432623
11:13:48,2025-06-07,-1.062536,54.359822,6.295668916823472,197.26366260715014,11.1,241.0,14.31573901841006
11:13:49,2025-06-07,-1.062544,54.359807,6.450365215310462,201.22927141277674,11.1,241.0,14.981941145713648
11:13:50,2025-06-07,-1.062554,54.359792,6.909076264181008,201.8311329824373,11.1,241.0,15.514770866092496
11:13:51,2025-06-07,-1.062565,54.359776,7.965290624812016,197.04978270152466,11.1,241.0,15.956659012366682
11:13:52,2025-06-07,-1.062575,54.359757,6.6793249347645185,196.24332795071626,11.1,241.0,14.561472550857452
11:13:53,2025-06-07,-1.062583,54.359741,7.787973089325974,192.1161843721421,11.1,241.0,15.08720076683461
11:13:54,2025-06-07,-1.06259,54.359722,8.037167868087424,198.6418006405102,11.1,241.0,16.2394805371573
11:13:55,2025-06-07,-1.062601,54.359703,8.492253305643633,199.2704942067668,11.1,241.0,16.776133438515846
11:13:56,2025-06-07,-1.062613,54.359683,9.489121854898405,201.66754151042755,11.1,241.0,18.074763957981613
11:13:57,2025-06-07,-1.062628,54.359661,8.492254198672297,199.27051245877658,11.1,241.0,16.7761366851513
11:13:58,2025-06-07,-1.06264,54.359641,9.404852287359445,191.45732880132192,11.1,241.0,16.607437533589327
11:13:59,2025-06-07,-1.062648,54.359618,9.121239574359794,194.83483445351925,11.1,241.0,16.808898206514268
11:14:00,2025-06-07,-1.062658,54.359596,8.572496613533437,200.74431927983585,11.1,241.0,17.04366590461708
11:14:01,2025-06-07,-1.062671,54.359576,9.489125085746394,201.66759271474885,11.1,241.0,18.074773476244
11:14:02,2025-06-07,-1.062686,54.359554,10.16013374641388,198.77324029726685,11.1,241.0,18.379581535542066
11:14:03,2025-06-07,-1.0627,54.35953,10.678391477783382,192.6320799583481,11.1,241.0,18.052618773160034
11:14:04,2025-06-07,-1.06271,54.359504,9.404853317030856,191.45736600125338,11.1,241.0,16.60744404683739
11:14:05,2025-06-07,-1.062718,54.359481,10.629552531978058,191.40373612610853,11.1,241.0,17.8242346240919
11:14:06,2025-06-07,-1.062727,54.359455,10.238005546815598,200.01094634548548,11.1,241.0,18.61667300757817
11:14:07,2025-06-07,-1.062742,54.359431,11.071247767115997,199.7270195634784,11.1,241.0,19.41373352796611
11:14:08,2025-06-07,-1.062758,54.359405,10.08709770968871,197.51719554271403,11.1,241.0,18.141045994018462
11:14:09,2025-06-07,-1.062771,54.359381,10.732115237119377,193.84879553086577,11.1,241.0,18.280847098435714
11:14:10,2025-06-07,-1.062782,54.359355,10.79064731609337,195.0528712136465,11.1,241.0,18.50872001378315
11:14:11,2025-06-07,-1.062794,54.359329,10.160139175402081,198.7733359128642,11.1,241.0,18.379599413715844
11:14:12,2025-06-07,-1.062808,54.359305,11.304729142405517,196.81172582122167,11.1,241.0,19.264020443779835
11:14:13,2025-06-07,-1.062822,54.359278,10.790648559622557,195.05289814372173,11.1,241.0,18.508725006908882
11:14:14,2025-06-07,-1.062834,54.359252,11.304730275318253,196.81174628863465,11.1,241.0,19.264024340497855
11:14:15,2025-06-07,-1.062848,54.359225,9.862540941940038,200.8079388966951,11.1,241.0,18.341669501832662
11:14:16,2025-06-07,-1.062863,54.359202,9.405067703375764,200.34530666243072,11.1,241.0,17.82607988634345
11:14:17,2025-06-07,-1.062877,54.35918,9.509107956436043,194.21669105496295,11.1,241.0,17.109937691009815
11:14:18,2025-06-07,-1.062887,54.359157,9.569397619293678,195.57229965053722,11.1,241.0,17.35947455779245
11:14:19,2025-06-07,-1.062898,54.359134,9.454229677490728,192.84465926942016,11.1,241.0,16.859187639918076
11:14:20,2025-06-07,-1.062907,54.359111,9.50910882391163,194.21671396879344,11.1,241.0,17.109941793587247
11:14:21,2025-06-07,-1.062917,54.359088,11.02261766109342,190.9919553181217,11.1,241.0,18.156366171386658
11:14:22,2025-06-07,-1.062926,54.359061,9.634997746837664,196.91029724602993,11.1,241.0,17.607587800682573
11:14:23,2025-06-07,-1.062938,54.359038,9.252414403486316,197.632275353293,11.1,241.0,17.321688160715198
11:14:24,2025-06-07,-1.06295,54.359016,9.845285900762196,192.3261984354205,11.1,241.0,17.175116662776226
11:14:25,2025-06-07,-1.062959,54.358992,10.921831783846406,197.41999616385291,11.1,241.0,18.96281046492148
11:14:26,2025-06-07,-1.062973,54.358966,9.634999493652025,196.91033411468953,11.1,241.0,17.60759451721573
11:14:27,2025-06-07,-1.062985,54.358943,9.121248463808007,194.83506745655387,11.1,241.0,16.808939657182048
11:14:28,2025-06-07,-1.062995,54.358921,9.509111199778284,194.2167770508645,11.1,241.0,17.109953075724757
11:14:29,2025-06-07,-1.063005,54.358898,7.840549874671277,193.78522027230196,11.1,241.0,15.380247212716942
11:14:30,2025-06-07,-1.063013,54.358879,9.290596455865606,187.21951169849316,11.1,241.0,15.849369321680783
11:14:31,2025-06-07,-1.063018,54.358856,7.787979400508971,192.1164376751415,11.1,241.0,15.087244048284536
11:14:32,2025-06-07,-1.063025,54.358837,8.893209063615226,187.54397990833684,11.1,241.0,15.502589148908623
11:14:33,2025-06-07,-1.06303,54.358815,8.017857107921104,181.6688621183874,11.1,241.0,13.679695695902591
11:14:34,2025-06-07,-1.063031,54.358795,7.70311996382831,188.7180635660728,11.1,241.0,14.493838645488829
11:14:35,2025-06-07,-1.063036,54.358776,8.484741107815045,206.13726045701452,11.1,241.0,17.592555054539925
11:14:36,2025-06-07,-1.063052,54.358757,8.937465795817166,211.52400754036069,11.1,241.0,18.600703443405873
11:14:37,2025-06-07,-1.063072,54.358738,8.384083876168493,204.7039986386324,11.1,241.0,17.33034639771946
11:14:38,2025-06-07,-1.063087,54.358719,7.965306999440576,197.05019593859373,11.1,241.0,15.956730949034128
11:14:39,2025-06-07,-1.063097,54.3587,7.84055177323357,193.78528417074722,11.1,241.0,15.380258196392003
11:14:40,2025-06-07,-1.063105,54.358681,6.17267779682659,193.12046054283198,11.1,241.0,13.61735387558728
11:14:41,2025-06-07,-1.063111,54.358666,7.671055691014112,186.99385644452443,11.1,241.0,14.194509061519739
11:14:42,2025-06-07,-1.063115,54.358647,6.2300898308775725,195.21266065916856,11.1,241.0,13.970380699797234
11:14:43,2025-06-07,-1.063122,54.358632,6.909102137364705,201.83169147814712,11.1,241.0,15.51486507775353
11:14:44,2025-06-07,-1.063133,54.358616,7.787981107056081,192.11650636697357,11.1,241.0,15.087255780568192
11:14:45,2025-06-07,-1.06314,54.358597,8.037189046089086,198.64227587337822,11.1,241.0,16.239563746660806
11:14:46,2025-06-07,-1.063151,54.358578,8.115184881115393,200.20502608989528,11.1,241.0,16.51846621011405
11:14:47,2025-06-07,-1.063163,54.358559,7.787981512710663,192.11652268330508,11.1,241.0,15.087258567628687
11:14:48,2025-06-07,-1.06317,54.35854,7.6280930703054,183.51001372426788,11.1,241.0,13.593754789584121
11:14:49,2025-06-07,-1.063172,54.358521,6.428615705169302,184.16600781892134,11.1,241.0,12.501056024194373
11:14:50,2025-06-07,-1.063174,54.358505,7.228168015221894,183.7044887801426,11.1,241.0,13.225567347313333
11:14:51,2025-06-07,-1.063176,54.358487,6.428615696833782,184.1660112570539,11.1,241.0,12.501056573422693
11:14:52,2025-06-07,-1.063178,54.358471,7.273493607064903,172.6217319909366,11.1,241.0,11.363590366976993
11:14:53,2025-06-07,-1.063174,54.358453,5.209386102133567,180.0,11.1,241.0,10.590772886867908
11:14:54,2025-06-07,-1.063174,54.35844,3.1463074941280245,255.21040650623362,11.1,241.0,13.90665614396785
11:14:55,2025-06-07,-1.063187,54.358438,4.111538392111529,321.297257295674,11.1,241.0,5.982294255053898
11:14:56,2025-06-07,-1.063198,54.358446,4.949001836426967,13.647154862572052,11.1,241.0,-2.571043411649172
11:14:57,2025-06-07,-1.063193,54.358458,7.282500881024656,20.658901095819658,11.1,241.0,-1.1779655610943474
11:14:58,2025-06-07,-1.063182,54.358475,7.452039487348478,14.519624802754663,11.1,241.0,-0.19145368689962705
11:14:59,2025-06-07,-1.063174,54.358493,6.563527074140978,12.326338651420713,11.1,241.0,-0.766324087187428
11:15:00,2025-06-07,-1.063168,54.358509,8.037190345707154,18.642296076498667,11.1,241.0,-0.16518699193797737
11:15:01,2025-06-07,-1.063157,54.358528,8.35309883952392,30.229828291424326,11.1,241.0,-1.184313656624136
11:15:02,2025-06-07,-1.063139,54.358546,8.223068104129023,38.70266200479705,11.1,241.0,-2.0469554498393485
11:15:03,2025-06-07,-1.063117,54.358562,8.068813839841603,41.78045507041202,11.1,241.0,-2.4125180164059987
11:15:04,2025-06-07,-1.063094,54.358577,8.371598260633638,39.951094871359714,11.1,241.0,-1.9877453539387773
11:15:05,2025-06-07,-1.063071,54.358593,8.937474269187819,31.52408139824439,11.1,241.0,-0.7257704190668317
11:15:06,2025-06-07,-1.063051,54.358612,7.828420849820745,22.823598671619607,11.1,241.0,-0.897417168387042
11:15:07,2025-06-07,-1.063038,54.35863,6.53894226006496,23.13800851490828,11.1,241.0,-2.2244124114101655
11:15:08,2025-06-07,-1.063027,54.358645,3.961157173239577,24.380915195405862,11.1,241.0,-4.947911867713982
11:15:09,2025-06-07,-1.06302,54.358654,0.4680778184909073,270.00000078183183,11.1,241.0,10.176356494306273
11:15:10,2025-06-07,-1.063022,54.358654,0.23403890929742074,270.0000003127327,11.1,241.0,9.942317629171946
11:15:11,2025-06-07,-1.063023,54.358654,0.0,0.0,11.1,241.0,-5.381386784734339
11:15:18,2025-06-07,-1.063023,54.358654,0.0886528383287132,13.421642769705215,11.1,241.0,-7.399199389779819
11:23:26,2025-06-07,-1.06298,54.358759,13.179104974618241,13.318176142885022,11.1,241.0,5.706061993341036
11:23:27,2025-06-07,-1.062967,54.358791,15.372427332880605,7.857729143256336,11.1,241.0,8.71431342133208
11:23:28,2025-06-07,-1.062958,54.358829,15.92156146046712,10.992005377617716,11.1,241.0,8.787805520123035
11:23:29,2025-06-07,-1.062945,54.358868,15.967936360796456,11.814581586054317,11.1,241.0,8.712829446068639
11:23:30,2025-06-07,-1.062931,54.358907,19.116818319599926,9.846827667030539,11.1,241.0,12.154448186030455
11:23:31,2025-06-07,-1.062917,54.358954,19.511731043710004,9.64556812991708,11.1,241.0,12.579770460636404
11:23:32,2025-06-07,-1.062903,54.359002,19.138798922245186,15.572329700584646,11.1,241.0,11.34871783661087
11:23:33,2025-06-07,-1.062881,54.359048,19.653662861957613,16.57040580526666,11.1,241.0,11.727028575968749
11:23:34,2025-06-07,-1.062857,54.359095,20.87291346536695,16.243550136714475,11.1,241.0,12.990735541856129
11:23:35,2025-06-07,-1.062832,54.359145,21.79951580999587,13.000743496938412,11.1,241.0,14.372059038340048
11:23:36,2025-06-07,-1.062811,54.359198,22.298446046158983,13.938461515747917,11.1,241.0,14.736987773356258
11:23:37,2025-06-07,-1.062788,54.359252,23.13102383031773,17.63215662325996,11.1,241.0,15.061765867906534
11:23:38,2025-06-07,-1.062758,54.359307,25.114093698412955,16.75501860375624,11.1,241.0,17.16246372184396
11:23:39,2025-06-07,-1.062727,54.359367,25.948974622287192,16.738535425494547,11.1,241.0,17.999573036762033
11:23:40,2025-06-07,-1.062695,54.359429,27.30455266624938,17.41978403010893,11.1,241.0,19.26360231613431
11:23:41,2025-06-07,-1.06266,54.359494,27.235255432704772,16.9509693887033,11.1,241.0,19.257184976109336
11:23:42,2025-06-07,-1.062626,54.359559,27.424700733358407,15.306470727645547,11.1,241.0,19.671393933500067
11:23:43,2025-06-07,-1.062595,54.359625,28.025960246636107,13.492111910688664,11.1,241.0,20.52803569956111
11:23:44,2025-06-07,-1.062567,54.359693,28.387132081962797,16.24331912628628,11.1,241.0,20.50498566957412
11:23:45,2025-06-07,-1.062533,54.359761,29.044834056973333,17.791607308933067,11.1,241.0,20.954395404407123
11:23:46,2025-06-07,-1.062495,54.35983,29.646302147323734,18.8443078795072,11.1,241.0,21.417607649799443
11:23:47,2025-06-07,-1.062454,54.3599,28.96772915115957,19.793667153202307,11.1,241.0,20.61673184122256
11:23:48,2025-06-07,-1.062412,54.359968,27.998569310825133,23.60616757276864,11.1,241.0,19.17984134887655
11:23:49,2025-06-07,-1.062364,54.360032,28.337529490079802,26.96229303741029,11.1,241.0,19.139299347155735
11:23:50,2025-06-07,-1.062309,54.360095,26.798019125444128,29.797257082774024,11.1,241.0,17.303751122706238
11:23:51,2025-06-07,-1.062252,54.360153,25.98716001734806,30.228815439744835,11.1,241.0,16.449847908659333
11:23:52,2025-06-07,-1.062196,54.360209,25.059038811602928,30.228782875861953,11.1,241.0,15.521729930489988
11:23:53,2025-06-07,-1.062142,54.360263,25.35163242806071,25.662434814752487,11.1,241.0,16.29671251931324
11:23:54,2025-06-07,-1.062095,54.36032,23.50177519117777,25.30218627765572,11.1,241.0,14.487400889805322
11:23:55,2025-06-07,-1.062052,54.360373,22.11508296446984,24.99246315570184,11.1,241.0,13.135852644249551
11:23:56,2025-06-07,-1.062012,54.360423,21.578355847805955,29.156652256414077,11.1,241.0,12.14897493788763
11:23:57,2025-06-07,-1.061967,54.36047,19.14586514237574,28.41617620218983,11.1,241.0,9.792955486507317
11:23:58,2025-06-07,-1.061928,54.360512,18.9272043776561,27.172135801502236,11.1,241.0,9.706280840047766
11:23:59,2025-06-07,-1.061891,54.360554,17.51724539992239,29.56833386931379,11.1,241.0,8.04602924962782
11:24:00,2025-06-07,-1.061854,54.360592,18.252201875434054,33.39886288720521,11.1,241.0,8.415444209529207
11:24:01,2025-06-07,-1.061811,54.36063,18.97710485463684,34.499363554328454,11.1,241.0,9.043388457481111
11:24:02,2025-06-07,-1.061765,54.360669,19.38980203738094,32.018377907272054,11.1,241.0,9.679797680902851
11:24:03,2025-06-07,-1.061721,54.36071,19.490305127035228,30.228487431551684,11.1,241.0,9.953025529085151
11:24:04,2025-06-07,-1.061679,54.360752,19.258498249080372,29.027317904502695,11.1,241.0,9.842360938933487
11:24:05,2025-06-07,-1.061639,54.360794,18.124198618042584,32.78206789739488,11.1,241.0,8.343372427167324
11:24:06,2025-06-07,-1.061597,54.360832,19.258489599603582,29.027270562943045,11.1,241.0,9.842357145933875
11:24:07,2025-06-07,-1.061557,54.360874,16.938794208817356,28.8627364373736,11.1,241.0,7.5395791040432645
11:24:08,2025-06-07,-1.061522,54.360911,15.435694744989092,27.980114735586653,11.1,241.0,6.128550170488127
11:24:09,2025-06-07,-1.061491,54.360945,14.972006968374396,27.910434865742843,11.1,241.0,5.6722253887607685
11:24:10,2025-06-07,-1.061461,54.360978,13.293001840743766,35.45693802168108,11.1,241.0,3.277899536901705
11:24:11,2025-06-07,-1.061428,54.361005,12.940329274510715,39.20570973458268,11.1,241.0,2.633725856654795
11:24:12,2025-06-07,-1.061393,54.36103,9.927939489816184,55.530849624810116,11.1,241.0,-1.1215295369754745
11:24:13,2025-06-07,-1.061358,54.361044,8.70374410571236,56.402167726672644,11.1,241.0,-2.360535117336253
11:24:14,2025-06-07,-1.061327,54.361056,6.3411694390215665,50.74263997867632,11.1,241.0,-4.5814284906697615
11:24:15,2025-06-07,-1.061306,54.361066,0.1409304424537012,224.6304158457103,11.1,241.0,10.790977758896876
11:32:19,2025-06-07,-1.061511,54.360945,4.111441601369218,218.7010509031182,11.1,241.0,14.381346728374737
11:32:20,2025-06-07,-1.061522,54.360937,5.454375866715465,208.10760833380414,11.1,241.0,14.774956906043364
11:32:21,2025-06-07,-1.061533,54.360925,4.527035322524676,207.67295561484698,11.1,241.0,13.801619477309053
11:32:22,2025-06-07,-1.061542,54.360915,4.299262708267946,212.91981174038781,11.1,241.0,14.092678154211196
11:32:23,2025-06-07,-1.061552,54.360906,4.990670575863496,207.91048629870193,11.1,241.0,14.290457595414985
11:32:24,2025-06-07,-1.061562,54.360895,5.0800506095809554,198.77266501338707,11.1,241.0,13.299423496055415
11:32:25,2025-06-07,-1.061569,54.360883,4.626189344757933,197.6315278698731,11.1,241.0,12.695363662673827
11:32:26,2025-06-07,-1.061575,54.360872,4.702511782140482,200.34454203686113,11.1,241.0,13.123427456490603
11:32:27,2025-06-07,-1.061582,54.360861,5.690265461310853,212.26155516953273,11.1,241.0,15.423008993624437
11:32:28,2025-06-07,-1.061595,54.360849,5.492228386443531,216.56029855505054,11.1,241.0,15.5976372342373
11:32:29,2025-06-07,-1.061609,54.360838,5.454378717852998,208.10766572252982,11.1,241.0,14.774965794953708
11:32:30,2025-06-07,-1.06162,54.360826,5.347907397983158,205.89962370934987,11.1,241.0,14.429327343684584
11:32:31,2025-06-07,-1.06163,54.360814,5.914264172974345,198.41567003661012,11.1,241.0,14.08699638122397
11:32:32,2025-06-07,-1.061638,54.3608,5.249716031359022,203.6057843814482,11.1,241.0,14.068398910155864
11:32:33,2025-06-07,-1.061647,54.360788,6.273755577072434,206.53935827755697,11.1,241.0,15.42587292569895
11:32:34,2025-06-07,-1.061659,54.360774,5.198807138212084,226.00952876397722,11.1,241.0,15.92106144744409
11:32:35,2025-06-07,-1.061675,54.360765,5.492232321581434,216.56035461992943,11.1,241.0,15.597645663171782
11:32:36,2025-06-07,-1.061689,54.360754,5.690269619971652,212.26162254677996,11.1,241.0,15.4230194283641
11:32:37,2025-06-07,-1.061702,54.360742,5.226533923344272,212.44212344847543,11.1,241.0,14.976048748774215
11:32:38,2025-06-07,-1.061714,54.360731,5.953673296118873,216.06773826028734,11.1,241.0,16.019228735837963
11:32:39,2025-06-07,-1.061729,54.360719,5.492234479541099,216.56038531748683,11.1,241.0,15.597650281644185
11:32:40,2025-06-07,-1.061743,54.360708,5.690271406930894,212.26165150008242,11.1,241.0,15.423023912271326
11:32:41,2025-06-07,-1.061756,54.360696,5.568659990046591,210.22853425421295,11.1,241.0,15.105944228873353
11:32:42,2025-06-07,-1.061768,54.360684,6.273758665131127,206.53941627114463,11.1,241.0,15.425882371071257
11:32:43,2025-06-07,-1.06178,54.36067,4.299270160053909,212.91996763290385,11.1,241.0,14.092699821918323
11:32:44,2025-06-07,-1.06179,54.360661,6.230070707767357,195.21194942940795,11.1,241.0,13.970262815897648
11:32:45,2025-06-07,-1.061797,54.360646,6.369174875662282,199.27008215574372,11.1,241.0,14.653001874102628
11:32:46,2025-06-07,-1.061806,54.360631,6.845788725145321,208.53895373145247,11.1,241.0,16.211486377073562
11:32:47,2025-06-07,-1.06182,54.360616,7.081735076950635,211.86208624715334,11.1,241.0,16.777032452332715
11:32:48,2025-06-07,-1.061836,54.360601,5.6902755592167775,212.26171883681315,11.1,241.0,15.423034336842802
11:32:49,2025-06-07,-1.061849,54.360589,6.845790290412795,208.5389783177133,11.1,241.0,16.211490498838632
11:32:50,2025-06-07,-1.061863,54.360574,5.953681086779424,216.06784249926963,11.1,241.0,16.019245039351347
11:32:51,2025-06-07,-1.061878,54.360562,6.744941693999905,213.66056458004417,11.1,241.0,16.60508661059822
11:32:52,2025-06-07,-1.061894,54.360548,6.4154995937857935,215.64613216028303,11.1,241.0,16.446351596567784
11:32:53,2025-06-07,-1.06191,54.360535,7.33998182834126,214.96200725591441,11.1,241.0,17.313366965184372
11:32:54,2025-06-07,-1.061928,54.36052,6.736921379112721,206.7934209595312,11.1,241.0,15.916799279727751
11:32:55,2025-06-07,-1.061941,54.360505,6.999629214689261,203.60593760031506,11.1,241.0,15.818330120010172
11:32:56,2025-06-07,-1.061953,54.360489,7.828369521753736,202.82268226660753,11.1,241.0,16.55409780621919
11:32:57,2025-06-07,-1.061966,54.360471,7.424890183103992,210.22867360022587,11.1,241.0,16.96218823331782
11:32:58,2025-06-07,-1.061982,54.360455,6.877623256007034,215.2811322063785,11.1,241.0,16.877992502047952
11:32:59,2025-06-07,-1.061999,54.360441,5.69028177379788,212.26181960150964,11.1,241.0,15.42304993743443
11:33:00,2025-06-07,-1.062012,54.360429,7.00648381767378,193.49188516788146,11.1,241.0,14.504375974049982
11:33:01,2025-06-07,-1.062019,54.360412,8.9270134290559,189.02960094875195,11.1,241.0,15.76537384904859
11:33:02,2025-06-07,-1.062025,54.36039,7.828372255431406,202.82273162849717,11.1,241.0,16.554106450729876
11:33:03,2025-06-07,-1.062038,54.360372,7.802555658157194,214.680871395571,11.1,241.0,17.75191254139338
11:33:04,2025-06-07,-1.062057,54.360356,9.191152251347637,214.00709792669676,11.1,241.0,19.081948872794893
11:33:05,2025-06-07,-1.062079,54.360337,7.3399932899692555,214.96213693473453,11.1,241.0,17.313389454902385
11:33:06,2025-06-07,-1.062097,54.360322,7.339994167417042,214.96214677080093,11.1,241.0,17.31339116882258
11:33:07,2025-06-07,-1.062115,54.360307,7.545628422398822,211.76182765277917,11.1,241.0,17.231453516114662
11:33:08,2025-06-07,-1.062132,54.360291,8.590531720080985,207.53533875051946,11.1,241.0,17.85044127219519
11:33:09,2025-06-07,-1.062149,54.360272,8.937377239247915,211.52306579780043,11.1,241.0,18.600525111738744
11:33:10,2025-06-07,-1.062169,54.360253,8.226640086399655,222.99339280438448,11.1,241.0,18.782971798463066
11:33:11,2025-06-07,-1.062193,54.360238,8.078465400168033,217.40793526990035,11.1,241.0,18.25070706217174
11:33:12,2025-06-07,-1.062214,54.360222,8.590534729969626,207.53537819306152,11.1,241.0,17.850448495647363
11:33:13,2025-06-07,-1.062231,54.360203,7.773561267409142,208.74089753608342,11.1,241.0,17.160198975658368
11:33:14,2025-06-07,-1.062247,54.360186,9.410660339589947,206.53969830116168,11.1,241.0,18.56281496180179
11:33:15,2025-06-07,-1.062265,54.360165,8.48468694340039,206.1364943234166,11.1,241.0,17.592416048171934
11:33:16,2025-06-07,-1.062281,54.360146,7.0967737975537775,205.33449113817878,11.1,241.0,16.11479854747994
11:33:17,2025-06-07,-1.062294,54.36013,10.445074710623809,208.0138883523528,11.1,241.0,19.755783153629977
11:33:18,2025-06-07,-1.062315,54.360107,9.489109069433669,201.6673385964723,11.1,241.0,18.07472625650307
11:33:19,2025-06-07,-1.06233,54.360085,8.947622053945718,206.3485772277823,11.1,241.0,18.078775085125713
11:33:20,2025-06-07,-1.062347,54.360065,10.33702424147515,206.87073519300907,11.1,241.0,19.525314205038182
11:33:21,2025-06-07,-1.062367,54.360042,9.981386369198134,207.91099201598297,11.1,241.0,19.28122687682628
11:33:22,2025-06-07,-1.062387,54.36002,9.054112887405502,207.67348132389571,11.1,241.0,18.328752997985426
11:33:23,2025-06-07,-1.062405,54.36,9.948224079152864,202.06518021763762,11.1,241.0,18.582485388544363
11:33:24,2025-06-07,-1.062421,54.359977,10.038655847080989,203.30080870211293,11.1,241.0,18.82133287076632
11:33:25,2025-06-07,-1.062438,54.359954,10.133686676503505,204.51390736143347,11.1,241.0,19.058100194333022
11:33:26,2025-06-07,-1.062456,54.359931,11.327980575017987,203.06494908450023,11.1,241.0,20.082640993933232
11:33:27,2025-06-07,-1.062475,54.359905,10.133688691041218,204.51393316399836,11.1,241.0,19.05810518127717
11:33:28,2025-06-07,-1.062493,54.359882,10.320582120256505,201.2292406728356,11.1,241.0,18.852154240953475
11:33:29,2025-06-07,-1.062509,54.359858,11.304717350329712,196.81151228368282,11.1,241.0,19.263979816725282
11:33:30,2025-06-07,-1.062523,54.359831,12.460157317817673,195.2122480285899,11.1,241.0,20.20039088933414
11:33:31,2025-06-07,-1.062537,54.359801,11.421879903529764,204.14315969240965,11.1,241.0,20.303397443926677
11:33:32,2025-06-07,-1.062557,54.359775,12.345144799200021,204.59977929191223,11.1,241.0,21.27944057630885
11:33:33,2025-06-07,-1.062579,54.359747,13.359259325842178,201.5405654014157,11.1,241.0,21.92928886458427
11:33:34,2025-06-07,-1.0626,54.359716,12.591340685017697,197.26371072132605,11.1,241.0,20.611417230750483
11:33:35,2025-06-07,-1.062616,54.359686,11.449148760865066,199.04984160211484,11.1,241.0,19.70451425375404
11:33:36,2025-06-07,-1.062632,54.359659,12.974481352202226,196.738460496095,11.1,241.0,20.92387280638237
11:33:37,2025-06-07,-1.062648,54.359628,12.523737247639652,196.24338173155147,11.1,241.0,20.4058921997514
11:33:38,2025-06-07,-1.062663,54.359598,12.662914451526996,198.27295227738784,11.1,241.0,20.8169119941279
11:33:39,2025-06-07,-1.06268,54.359568,11.37475963425433,197.9378335219634,11.1,241.0,19.484567224504076
11:33:40,2025-06-07,-1.062695,54.359541,12.460162829628281,195.2123504431963,11.1,241.0,20.20041062235557
11:33:41,2025-06-07,-1.062709,54.359511,9.89799122572069,193.64682615529182,11.1,241.0,17.417989633787514
11:33:42,2025-06-07,-1.062719,54.359487,13.623691144888468,193.88543994365867,11.1,241.0,21.177626231684577
11:33:43,2025-06-07,-1.062733,54.359454,11.688824977196472,196.2434461212388,11.1,241.0,19.570988712427045
11:33:44,2025-06-07,-1.062747,54.359426,12.209337858124515,197.8220338658992,11.1,241.0,20.30381111948013
11:33:45,2025-06-07,-1.062763,54.359397,11.449156863930584,199.04996595348572,11.1,241.0,19.70453846110079
11:33:46,2025-06-07,-1.062779,54.35937,11.304727753492518,196.81170072406488,11.1,241.0,19.264015665885385
11:33:47,2025-06-07,-1.062793,54.359343,10.853911005124996,196.2434869176359,11.1,241.0,18.736080305210542
11:33:48,2025-06-07,-1.062806,54.359317,9.705792222959028,198.22942588750354,11.1,241.0,17.854065951146136
11:33:49,2025-06-07,-1.062819,54.359294,11.449159747008991,199.05001027932167,11.1,241.0,19.70454708464312
11:33:50,2025-06-07,-1.062835,54.359267,10.921825676673171,197.41988660129877,11.1,241.0,18.962789725425438
11:33:51,2025-06-07,-1.062849,54.359241,10.087101110008797,197.51726120927395,11.1,241.0,18.14105814859293
11:33:52,2025-06-07,-1.062862,54.359217,10.790649533927844,195.05291948069902,11.1,241.0,18.508728952057105
11:33:53,2025-06-07,-1.062874,54.359191,9.634995354165108,196.9102467774296,11.1,241.0,17.60757860507897
11:33:54,2025-06-07,-1.062886,54.359168,11.121555693651239,193.35465288977312,11.1,241.0,18.599822399655945
11:33:55,2025-06-07,-1.062897,54.359141,10.790650758956804,195.0529460679609,11.1,241.0,18.508733878948146
11:33:56,2025-06-07,-1.062909,54.359115,11.44916477155182,199.0500872961413,11.1,241.0,19.704562083318294
11:33:57,2025-06-07,-1.062925,54.359088,11.449165529723476,199.0500989078459,11.1,241.0,19.70456434527288
11:33:58,2025-06-07,-1.062941,54.359061,10.921830252112201,197.41996867392666,11.1,241.0,18.96280526184924
11:33:59,2025-06-07,-1.062955,54.359035,11.566357336412683,194.02171142039612,11.1,241.0,19.139614799999066
11:34:00,2025-06-07,-1.062967,54.359007,11.17805138409256,194.5194604786863,11.1,241.0,18.821521473700287
11:34:01,2025-06-07,-1.062979,54.35898,12.40068715111172,194.17128282270673,11.1,241.0,19.99510351172041
11:34:02,2025-06-07,-1.062992,54.35895,12.847225576333699,194.7435401151042,11.1,241.0,20.522116420157264
11:34:03,2025-06-07,-1.063006,54.358919,10.8539190732355,196.24364572466285,11.1,241.0,18.736110035442806
11:34:04,2025-06-07,-1.063019,54.358893,11.022619226023814,190.9920062246172,11.1,241.0,18.156375292083244
11:34:05,2025-06-07,-1.063028,54.358866,12.599693261290893,189.6019865150784,11.1,241.0,19.525057549256104
11:34:06,2025-06-07,-1.063037,54.358835,12.64092468349411,190.6456755673095,11.1,241.0,19.72314683701885
11:34:07,2025-06-07,-1.063047,54.358804,12.01261843452875,194.63934281828762,11.1,241.0,19.6729131630648
11:34:08,2025-06-07,-1.06306,54.358775,11.688838906177505,196.24370044846518,11.1,241.0,19.571037332988006
11:34:09,2025-06-07,-1.063074,54.358747,13.179105640078387,193.31820046312941,11.1,241.0,20.652152105193615
11:34:10,2025-06-07,-1.063087,54.358715,13.518767143335157,191.9636877735498,11.1,241.0,20.79571165406333
11:34:11,2025-06-07,-1.063099,54.358682,11.902684176963666,192.46357515092882,11.1,241.0,19.252480113545687
11:34:12,2025-06-07,-1.06311,54.358653,10.585668289071867,190.1648637442527,11.1,241.0,17.595917181777597
11:34:13,2025-06-07,-1.063118,54.358627,9.755867374815004,189.6456602890962,11.1,241.0,16.68784190239255
11:34:14,2025-06-07,-1.063125,54.358603,10.11598795263899,187.96121234947861,11.1,241.0,16.790131919438995
11:34:15,2025-06-07,-1.063131,54.358578,8.230238019536287,193.12049387792678,11.1,241.0,15.67491888847339
11:34:16,2025-06-07,-1.063139,54.358558,8.871442040108466,198.41661623607314,11.0,243.0,16.705968146862844
11:34:17,2025-06-07,-1.063151,54.358537,6.617548979558099,194.30212307378576,11.0,243.0,13.877873538085678
11:34:18,2025-06-07,-1.063158,54.358521,7.39670665710583,192.76816058823235,11.0,243.0,14.4332159561102
11:34:19,2025-06-07,-1.063165,54.358503,6.825354559400491,200.01136943939724,11.0,243.0,14.871733768238933
11:34:20,2025-06-07,-1.063175,54.358487,5.99250047280384,200.53598344617885,11.0,243.0,14.107216775236331
11:34:21,2025-06-07,-1.063184,54.358473,4.007220093635489,180.0,11.0,243.0,9.001115590770503
11:34:22,2025-06-07,-1.063184,54.358463,0.3067768860623613,190.2309770942745,11.0,243.0,6.962103280264889
11:36:52,2025-06-07,-1.063219,54.35835,10.678404174882123,192.63243115447156,11.0,243.0,17.694864411953926
11:36:53,2025-06-07,-1.063229,54.358324,14.219202191595876,189.4524693492892,11.0,243.0,20.754915216678505
11:36:54,2025-06-07,-1.063239,54.358289,13.518772266006755,191.963808252814,11.0,243.0,20.435895330640246
11:36:55,2025-06-07,-1.063251,54.358256,15.484264473104087,190.42666778600005,11.0,243.0,22.16946526783451
11:36:56,2025-06-07,-1.063263,54.358218,16.564076184684488,187.28931122961527,11.0,243.0,22.76116738164108
11:36:57,2025-06-07,-1.063272,54.358177,18.034008221746134,180.74189683029113,11.0,243.0,23.15439112157764
11:36:58,2025-06-07,-1.063273,54.358132,20.968566352409056,173.6060473317499,11.0,243.0,24.839911232494373
11:36:59,2025-06-07,-1.063263,54.35808,20.03442641379146,168.57069895779637,11.0,243.0,22.987125882869176
11:37:00,2025-06-07,-1.063246,54.358031,24.10150946543276,168.8261017200848,11.0,243.0,27.101413710357104
11:37:01,2025-06-07,-1.063226,54.357972,22.2984819580536,166.06110243819626,11.0,243.0,24.7843723122698
11:37:02,2025-06-07,-1.063203,54.357918,27.1022757041389,163.9929784299835,11.0,243.0,29.199851360230678
11:37:03,2025-06-07,-1.063171,54.357853,25.706665167768385,162.00642204525775,11.0,243.0,27.428662036989362
11:37:04,2025-06-07,-1.063137,54.357792,26.994783214130152,161.85181080577377,11.0,243.0,28.687456592692957
11:37:05,2025-06-07,-1.063101,54.357728,28.357547359116236,161.26319818913055,11.0,243.0,29.938473807487195
11:37:06,2025-06-07,-1.063062,54.357661,28.387236674916725,163.75586669666563,11.0,243.0,30.44010761860441
11:37:07,2025-06-07,-1.063028,54.357593,29.750253591810623,165.91546159593508,11.0,243.0,32.208898272595505
11:37:08,2025-06-07,-1.062997,54.357521,30.64274874512929,165.43304951678442,11.0,243.0,33.01103398678511
11:37:09,2025-06-07,-1.062964,54.357447,29.5431357800955,164.40809526963517,11.0,243.0,31.718890020608086
11:37:10,2025-06-07,-1.06293,54.357376,30.315731192887622,164.81526472986366,11.0,243.0,32.56805636942613
11:37:11,2025-06-07,-1.062896,54.357303,29.69405323881582,166.35245200575855,11.0,243.0,32.23439925790975
11:37:12,2025-06-07,-1.062866,54.357231,31.49604031349758,168.45148753745673,11.0,243.0,34.42668640944851
11:37:13,2025-06-07,-1.062839,54.357154,27.82202779504944,168.37803545506392,11.0,243.0,30.73907938868148
11:37:14,2025-06-07,-1.062815,54.357086,31.924456448239663,165.16427189460376,11.0,243.0,34.2423243651574
11:37:15,2025-06-07,-1.06278,54.357009,27.10231760047859,163.9926424088087,11.0,243.0,29.19982992884859
11:37:16,2025-06-07,-1.062748,54.356944,33.14653677341345,165.30612947472196,11.0,243.0,35.49102077150866
11:37:17,2025-06-07,-1.062712,54.356864,29.196244524232746,167.05750017572814,11.0,243.0,31.86809536256281
11:37:18,2025-06-07,-1.062684,54.356793,30.441982203521174,163.966557085339,11.0,243.0,32.534578180900404
11:37:19,2025-06-07,-1.062648,54.35672,28.88939385266828,160.64073041997028,11.0,243.0,30.351964764865265
11:37:20,2025-06-07,-1.062607,54.356652,29.808985829087646,162.67790062225447,11.0,243.0,31.6581867475728
11:37:21,2025-06-07,-1.062569,54.356581,29.033202757705922,165.0830927862595,11.0,243.0,31.33583301183311
11:37:22,2025-06-07,-1.062537,54.356511,28.772167953611305,163.97870096402562,11.0,243.0,30.867052765141764
11:37:23,2025-06-07,-1.062503,54.356442,28.322577230714504,164.20903116305863,11.0,243.0,30.460855905350357
11:37:24,2025-06-07,-1.06247,54.356374,28.64623931098919,164.87666985485453,11.0,243.0,30.910102355789235
11:37:25,2025-06-07,-1.062438,54.356305,29.033214460762622,165.0829970438981,11.0,243.0,31.33582674090763
11:37:26,2025-06-07,-1.062406,54.356235,27.811489762110217,164.91028069734682,11.0,243.0,30.08166709920994
11:37:27,2025-06-07,-1.062375,54.356168,27.24749567885055,166.1134706205305,11.0,243.0,29.743178862550298
11:37:28,2025-06-07,-1.062347,54.356102,25.247695909806087,165.5365535226955,11.0,243.0,27.635382601475087
11:37:29,2025-06-07,-1.06232,54.356041,36.87259633656743,165.32336964568708,11.0,243.0,39.22031405196165
11:37:30,2025-06-07,-1.06228,54.355952,30.86348255043144,166.8786790656702,11.0,243.0,33.502017376247764
11:37:31,2025-06-07,-1.06225,54.355877,31.807611741760194,165.9772367002612,11.0,243.0,34.27781491351037
11:37:32,2025-06-07,-1.062217,54.3558,28.772202806123293,163.97843794432833,11.0,243.0,30.86703804565312
11:37:33,2025-06-07,-1.062183,54.355731,30.827302896778935,164.1719120208263,11.0,243.0,32.95859069820875
11:37:34,2025-06-07,-1.062147,54.355657,30.917582253907206,166.45707247869552,11.0,243.0,33.47746675698027
11:37:35,2025-06-07,-1.062116,54.355582,28.860078456077353,166.426998515028,11.0,243.0,31.41434734213821
11:37:36,2025-06-07,-1.062087,54.355512,29.607132662595237,163.97203445760908,11.0,243.0,31.700761006851664
11:37:37,2025-06-07,-1.062052,54.355441,29.222269290231324,163.75503445263882,11.0,243.0,31.27498326143656
11:37:38,2025-06-07,-1.062017,54.355371,29.03325405610169,165.08267306063783,11.0,243.0,31.335805513912394
11:37:39,2025-06-07,-1.061985,54.355301,26.024428483842847,165.9770526033326,11.0,243.0,28.49459721421751
11:37:40,2025-06-07,-1.061958,54.355238,29.30492314747262,166.16689893094076,11.0,243.0,31.81059525552552
11:37:41,2025-06-07,-1.061928,54.355167,26.203799345634224,164.49041321901768,11.0,243.0,28.395043012892135
11:37:42,2025-06-07,-1.061898,54.355104,28.00293578956705,163.5255015578216,11.0,243.0,30.01234033580179
11:37:43,2025-06-07,-1.061864,54.355037,27.873520145627037,164.4463057319922,11.0,243.0,30.056464850637198
11:37:44,2025-06-07,-1.061832,54.35497,28.52748262451947,165.781895379778,11.0,243.0,30.961126515973202
11:37:45,2025-06-07,-1.061802,54.354901,28.415883494922028,166.69490577567103,11.0,243.0,31.02015289604077
11:37:46,2025-06-07,-1.061774,54.354832,31.86530120640297,165.56945115906956,11.0,243.0,34.25915281167798
11:37:47,2025-06-07,-1.06174,54.354755,28.592176554020423,162.40653253869823,11.0,243.0,30.38999944377238
11:37:48,2025-06-07,-1.061703,54.354687,31.34262544882155,163.5497849137597,11.0,243.0,33.35661343872301
11:37:49,2025-06-07,-1.061665,54.354612,31.599042924023244,164.56793893816575,11.0,243.0,33.804870148756216
11:37:50,2025-06-07,-1.061629,54.354536,32.196540223461646,166.14961675466304,11.0,243.0,34.69898150435245
11:37:51,2025-06-07,-1.061596,54.354458,32.56201359820168,163.7546631757391,11.0,243.0,34.61465754142111
11:37:52,2025-06-07,-1.061557,54.35438,32.88278053154715,164.340732028091,11.0,243.0,35.04585596778345
11:37:53,2025-06-07,-1.061519,54.354301,33.463318411416616,163.37064508493404,11.0,243.0,35.443485596588076
11:37:54,2025-06-07,-1.061478,54.354221,33.71767007121995,164.3261609427085,11.0,243.0,35.878002609819454
11:37:55,2025-06-07,-1.061439,54.35414,33.20694219500823,164.91534914695546,11.0,243.0,35.478071647360686
11:37:56,2025-06-07,-1.061402,54.35406,31.92459586586321,165.16322741833403,11.0,243.0,34.24226775963983
11:37:57,2025-06-07,-1.061367,54.353983,26.65289977377445,164.23655570026608,11.0,243.0,28.796361732142742
11:37:58,2025-06-07,-1.061336,54.353919,36.87270662250761,165.3226443748498,11.0,243.0,39.22028830403919
11:37:59,2025-06-07,-1.061296,54.35383,34.36894848688453,165.43688600152313,11.0,243.0,36.73795300198823
11:38:00,2025-06-07,-1.061259,54.353747,28.322703299366893,164.20804704291197,11.0,243.0,30.46079664025482
11:38:01,2025-06-07,-1.061226,54.353679,25.755342120563636,164.75214167847867,11.0,243.0,27.995803938360545
11:38:02,2025-06-07,-1.061197,54.353617,23.637977261180296,165.11333002399635,11.0,243.0,25.946283714869512
11:38:03,2025-06-07,-1.061171,54.35356,20.7467449044772,164.99300883291494,11.0,243.0,23.0324606091835
11:38:04,2025-06-07,-1.061148,54.35351,20.24126819192143,165.97647020562283,11.0,243.0,22.711327965512893
11:38:05,2025-06-07,-1.061127,54.353461,23.132879487579853,165.97645177871482,11.0,243.0,25.602935813803622
11:38:06,2025-06-07,-1.061103,54.353405,24.35598851623681,166.12873846920866,11.0,243.0,26.854526389465853
11:38:07,2025-06-07,-1.061078,54.353346,23.911127578647367,166.44183495363404,11.0,243.0,26.468166914451903
11:38:08,2025-06-07,-1.061054,54.353288,25.0298488262282,167.60683531470113,11.0,243.0,27.80388165857409
11:38:09,2025-06-07,-1.061031,54.353227,26.205154069570458,168.17099603597012,11.0,243.0,29.083861104769063
11:38:10,2025-06-07,-1.061008,54.353163,27.382791499865494,168.6866685416062,11.0,243.0,30.356932357617012
11:38:11,2025-06-07,-1.060985,54.353096,27.382792929495917,168.68665056992006,11.0,243.0,30.35693046543936
11:38:12,2025-06-07,-1.060962,54.353029,29.305003222409987,166.16618379648753,11.0,243.0,31.81054164372849
11:38:13,2025-06-07,-1.060932,54.352958,27.757596587953415,162.3652582985767,11.0,243.0,29.547601477600086
11:38:14,2025-06-07,-1.060896,54.352892,29.723396071376275,160.72652351053046,11.0,243.0,31.202290186458043
11:38:15,2025-06-07,-1.060854,54.352822,30.93583056473523,161.05320456702543,11.0,243.0,32.476849150154415
11:38:16,2025-06-07,-1.060811,54.352749,30.19192289406687,162.9028390460437,11.0,243.0,32.083679936253674
11:38:17,2025-06-07,-1.060773,54.352677,32.04799027264605,164.35538493344734,11.0,243.0,34.21382386743767
11:38:18,2025-06-07,-1.060736,54.3526,32.56211976233407,163.7539673272081,11.0,243.0,34.6146324586128
11:38:19,2025-06-07,-1.060697,54.352522,34.818029707811384,162.83130718735163,11.0,243.0,36.69625676079156
11:38:20,2025-06-07,-1.060653,54.352439,34.04777206325297,160.3552475109468,11.0,243.0,35.45600289341345
11:38:21,2025-06-07,-1.060604,54.352359,36.33105239541824,159.68295321947403,11.0,243.0,37.611180050574994
11:38:22,2025-06-07,-1.06055,54.352274,29.345573720636935,160.46793598956606,11.0,243.0,30.775258426593503
11:38:23,2025-06-07,-1.060508,54.352205,48.29935921509822,161.09241549163653,11.0,243.0,49.847831158524514
11:38:24,2025-06-07,-1.060441,54.352091,37.62102363394503,159.65142847416178,11.0,243.0,38.89513990258873
11:38:25,2025-06-07,-1.060385,54.352003,43.5984062130243,161.24773633588097,11.0,243.0,45.17639495881083
11:38:26,2025-06-07,-1.060325,54.3519,42.61542101916677,161.79340561670006,11.0,243.0,44.297014079670625
11:38:27,2025-06-07,-1.060268,54.351799,44.35789921589073,161.58052134861782,11.0,243.0,45.99909031318577
11:38:28,2025-06-07,-1.060208,54.351694,39.80720414886579,161.1703324735929,11.0,243.0,41.37048468546691
11:38:29,2025-06-07,-1.060153,54.3516,45.19878893655888,160.05505350163367,11.0,243.0,46.54984182355602
11:38:30,2025-06-07,-1.060087,54.351494,44.28592028794919,160.26942672605378,11.0,243.0,45.67780871338713
11:38:31,2025-06-07,-1.060023,54.35139,40.5767342172385,159.79168815314415,11.0,243.0,41.877593320231526
11:38:32,2025-06-07,-1.059963,54.351295,45.49680134363436,160.50365235245465,11.0,243.0,46.933284657596225
11:38:33,2025-06-07,-1.059898,54.351188,40.57675685281867,159.7915968525026,11.0,243.0,41.87759855034815
11:38:34,2025-06-07,-1.059838,54.351093,44.585297212778194,160.7257258094711,11.0,243.0,46.064039570524066
11:38:35,2025-06-07,-1.059775,54.350988,41.17287109147386,160.78705652953226,11.0,243.0,42.66328037355938
11:38:36,2025-06-07,-1.059717,54.350891,43.5985211130362,161.2472643571059,11.0,243.0,45.17642018255892
11:38:37,2025-06-07,-1.059657,54.350788,39.12758262251499,160.4672723905211,11.0,243.0,40.557141007159274
11:38:38,2025-06-07,-1.059601,54.350696,44.20737425994545,160.55407184786213,11.0,243.0,45.65345397169867
11:38:39,2025-06-07,-1.059538,54.350592,40.57682364900012,159.79132747169115,11.0,243.0,41.87761399202021
11:38:40,2025-06-07,-1.059478,54.350497,39.20665721261178,160.1453932888743,11.0,243.0,40.57492108870568
11:38:41,2025-06-07,-1.059421,54.350405,40.496414169918225,160.1014225090447,11.0,243.0,41.85630142161164
11:38:42,2025-06-07,-1.059362,54.35031,40.79484701132003,160.6015046404741,11.0,243.0,42.2499536363114
11:38:43,2025-06-07,-1.059304,54.350214,38.67174792362174,160.59466359260114,11.0,243.0,40.12555269329427
11:38:44,2025-06-07,-1.059249,54.350123,39.66325210574016,160.02447214127392,11.0,243.0,41.00847805409863
11:38:45,2025-06-07,-1.059191,54.35003,38.373472888023414,160.06673245774698,11.0,243.0,39.72675096895153
11:38:46,2025-06-07,-1.059135,54.34994,36.49683071274558,158.99395683473608,11.0,243.0,37.64548995357556
11:38:47,2025-06-07,-1.059079,54.349855,40.41723707050322,160.4125802691383,11.0,243.0,41.8363837208488
11:38:48,2025-06-07,-1.059021,54.34976,37.91667222931755,162.0581315092379,11.0,243.0,39.64847350214377
11:38:49,2025-06-07,-1.058971,54.34967,37.50691121157418,164.09545913591478,11.0,243.0,39.62379736213185
11:38:50,2025-06-07,-1.058927,54.34958,37.09216953876375,169.47778669619368,11.0,243.0,40.212249066978075
11:38:51,2025-06-07,-1.058898,54.349489,38.114568988707354,177.19010126330147,11.0,243.0,42.62198888143824
11:38:52,2025-06-07,-1.05889,54.349394,36.57368579729062,184.3950164250168,11.0,243.0,42.30397506748002
11:38:53,2025-06-07,-1.058902,54.349303,34.64277757346975,190.48889078114027,11.0,243.0,41.33746108928324
11:38:54,2025-06-07,-1.058929,54.349218,37.09041979687039,193.47481648120254,11.0,243.0,44.230671160472646
11:38:55,2025-06-07,-1.058966,54.349128,36.93309668987105,195.02955222257788,11.0,243.0,44.29774870150014
11:38:56,2025-06-07,-1.059007,54.349039,32.628730992512885,196.64119216406363,11.0,243.0,40.22027100110807
11:38:57,2025-06-07,-1.059047,54.348961,34.68265565438999,196.43264745061782,11.0,243.0,42.2451711147647
11:38:58,2025-06-07,-1.059089,54.348878,34.749748060520986,196.80211880965064,11.0,243.0,42.363616567139665
11:38:59,2025-06-07,-1.059132,54.348795,31.72740539868903,196.24745685091136,11.0,243.0,39.26406265803838
11:39:00,2025-06-07,-1.05917,54.348719,33.39727341436899,196.24748687420296,11.0,243.0,40.933934872265255
11:39:01,2025-06-07,-1.05921,54.348639,31.410209462718434,196.8611860505661,11.0,243.0,39.03225846204949
11:39:02,2025-06-07,-1.059249,54.348564,34.05355582295082,197.568411338314,11.0,243.0,41.77292008788264
11:39:03,2025-06-07,-1.059293,54.348483,31.410218765734104,196.8612464190689,11.0,243.0,39.03227612163329
11:39:04,2025-06-07,-1.059332,54.348408,32.3138664719441,197.2418298015762,11.0,243.0,39.9884378856568
11:39:05,2025-06-07,-1.059373,54.348331,29.647123600414538,198.84927308207236,11.0,243.0,37.539732377098545
11:39:06,2025-06-07,-1.059414,54.348261,30.86079362947093,198.53851707637702,11.0,243.0,38.71172984419868
11:39:07,2025-06-07,-1.059456,54.348188,29.572175529767307,198.42097251969201,11.0,243.0,37.407288684340514
11:39:08,2025-06-07,-1.059496,54.348118,27.235853924943086,196.95544673477738,11.0,243.0,34.87094073624264
11:39:09,2025-06-07,-1.05953,54.348053,30.89251384313698,196.2477339376816,11.0,243.0,38.42920985105069
11:39:10,2025-06-07,-1.059567,54.347979,29.118116414213535,198.23414392661263,11.0,243.0,36.928012122249015
11:39:11,2025-06-07,-1.059606,54.34791,29.192368742493105,198.6696783598095,11.0,243.0,37.060922000245014
11:39:12,2025-06-07,-1.059646,54.347841,27.937666347977924,196.01783184145626,11.0,243.0,35.44215171114688
11:39:13,2025-06-07,-1.059679,54.347774,28.860345651893333,193.57548526749605,11.0,243.0,36.01528788328291
11:39:14,2025-06-07,-1.059708,54.347704,30.50809202775191,196.4584689612907,11.0,243.0,38.07420668109578
11:39:15,2025-06-07,-1.059745,54.347631,30.19222501044187,197.09916616688568,11.0,243.0,37.847150811281914
11:39:16,2025-06-07,-1.059783,54.347559,32.88314435008828,195.66173983833826,11.0,243.0,40.337500796739654
11:39:17,2025-06-07,-1.059821,54.34748,30.82772511306626,195.83110708455922,11.0,243.0,38.3059602894616
11:39:18,2025-06-07,-1.059857,54.347406,33.269108028575126,195.4754614924276,11.0,243.0,40.69712627663095
11:39:19,2025-06-07,-1.059895,54.347326,34.490233252846835,195.31654051462638,11.0,243.0,41.8957193290801
11:39:20,2025-06-07,-1.059934,54.347243,36.81429765896501,194.32793662790152,11.0,243.0,44.078344509135114
11:39:21,2025-06-07,-1.059973,54.347154,35.145419693203415,194.23675535851044,11.0,243.0,42.39631169583024
11:39:22,2025-06-07,-1.06001,54.347069,33.92271636654715,194.353764425859,11.0,243.0,41.19048608664203
11:39:23,2025-06-07,-1.060046,54.346987,34.311021987480444,194.18787805444714,11.0,243.0,41.55485483169255
11:39:24,2025-06-07,-1.060082,54.346904,34.31102571102581,194.1879055487748,11.0,243.0,41.55486252761876
11:39:25,2025-06-07,-1.060118,54.346821,35.145435112403256,194.2368660190044,11.0,243.0,42.396343091308765
11:39:26,2025-06-07,-1.060155,54.346736,36.64645945152895,193.26644216640656,11.0,243.0,43.756232207452854
11:39:27,2025-06-07,-1.060191,54.346647,35.53394051701161,194.0779976952704,11.0,243.0,42.76188453093821
11:39:28,2025-06-07,-1.060228,54.346561,29.305237693719675,193.8359099931868,11.0,243.0,36.49808181888079
11:39:29,2025-06-07,-1.060258,54.34649,39.982049504515665,193.51546948487007,11.0,243.0,47.128236126621864
11:39:30,2025-06-07,-1.060298,54.346393,40.4829050179386,194.0258793153081,11.0,243.0,47.70330335387159
11:39:31,2025-06-07,-1.06034,54.346295,39.70594343022767,194.3062372303136,11.0,243.0,46.966861345223485
11:39:32,2025-06-07,-1.060382,54.346199,39.2599417707312,194.12044510609522,11.0,243.0,46.49402688492459
11:39:33,2025-06-07,-1.060423,54.346104,38.483324651539775,194.41161944306856,11.0,243.0,45.75942834796748
11:39:34,2025-06-07,-1.060464,54.346011,42.48418800803084,193.6766811589875,11.0,243.0,49.65387576753589
11:39:35,2025-06-07,-1.060507,54.345908,42.1515909238204,194.11406040613966,11.0,243.0,49.3847525819828
11:39:36,2025-06-07,-1.060551,54.345806,43.37457375088832,194.02607408950232,11.0,243.0,50.59500029727632
11:39:37,2025-06-07,-1.060596,54.345701,42.59758127751046,194.28740832996309,11.0,243.0,49.85578332349686
11:39:38,2025-06-07,-1.060641,54.345598,39.37706629863458,194.77995717644873,11.0,243.0,46.706054471533776
11:39:39,2025-06-07,-1.060684,54.345503,52.941314899298426,194.30651261428477,11.0,243.0,60.20227252969148
11:39:40,2025-06-07,-1.06074,54.345375,47.27652296317066,194.8895436637911,11.0,243.0,54.62118676611155
11:39:41,2025-06-07,-1.060792,54.345261,45.431949530208854,193.98542125577376,11.0,243.0,52.64648624531131
11:39:42,2025-06-07,-1.060839,54.345151,48.26741879701924,193.71881674174105,11.0,243.0,55.44323965432001
11:39:43,2025-06-07,-1.060888,54.345034,51.063247650317415,195.11633024568596,11.0,243.0,58.44026638867119
11:39:44,2025-06-07,-1.060945,54.344911,48.558961113340935,195.05795593394691,11.0,243.0,55.92766279603204
11:39:45,2025-06-07,-1.060999,54.344794,49.841775033941325,195.2175905752777,11.0,243.0,57.233202974996836
11:39:46,2025-06-07,-1.061055,54.344674,52.999836988395934,194.55151159499172,11.0,243.0,60.29606138184996
11:39:47,2025-06-07,-1.061112,54.344546,50.26990652086719,193.43602432471081,11.0,243.0,57.40449095436729
11:39:48,2025-06-07,-1.061162,54.344424,49.61862654218753,192.23164673066213,11.0,243.0,56.575656168980785
11:39:49,2025-06-07,-1.061207,54.344303,49.12903926934289,191.79818475246404,11.0,243.0,56.021409589656884
11:39:50,2025-06-07,-1.06125,54.344183,47.66261663970088,192.7420693217704,11.0,243.0,54.69527497020819
11:39:51,2025-06-07,-1.061295,54.344067,51.063321839603645,195.11666959677393,11.0,243.0,58.44038890564595
11:39:52,2025-06-07,-1.061352,54.343944,48.43923033903407,194.52459003162014,11.0,243.0,55.73158597841039
11:39:53,2025-06-07,-1.061404,54.343827,47.013286976422755,195.56593705403324,11.0,243.0,54.4541075350058
11:39:54,2025-06-07,-1.061458,54.343714,51.5736859848449,195.50181509881816,11.0,243.0,59.00543518683892
11:39:55,2025-06-07,-1.061517,54.34359,47.0133048088573,195.56602245102505,11.0,243.0,54.45413744237268
11:39:56,2025-06-07,-1.061571,54.343477,44.043185838849396,193.1843719117664,11.0,243.0,51.14092846326672
11:39:57,2025-06-07,-1.061614,54.34337,42.91159735944468,191.3022733397891,11.0,243.0,49.72950921939922
11:39:58,2025-06-07,-1.06165,54.343265,40.6567523587309,192.6122308226998,11.0,243.0,47.670225366397545
11:39:59,2025-06-07,-1.061688,54.343166,34.10419671920521,195.4958957533798,11.0,243.0,41.53510803975695
11:40:00,2025-06-07,-1.061727,54.343084,28.522809026074825,197.15078790825348,11.0,243.0,36.18484892703738
11:40:01,2025-06-07,-1.061763,54.343016,27.10296253999682,196.01252960906555,11.0,243.0,34.6067036015808
11:40:02,2025-06-07,-1.061795,54.342951,29.03378070847465,194.9216347358357,11.0,243.0,36.38302984580705
11:40:03,2025-06-07,-1.061827,54.342881,29.53631234360292,192.33090532483183,11.0,243.0,36.508092429455914
11:40:04,2025-06-07,-1.061854,54.342809,30.03026837611687,193.03855392477593,11.0,243.0,37.1066006062583
11:40:05,2025-06-07,-1.061883,54.342736,31.30771806370075,193.3752250047163,11.0,243.0,38.43341408430848
11:40:06,2025-06-07,-1.061914,54.34266,29.808808912988432,194.5250088073758,11.0,243.0,37.10122474472128
11:40:07,2025-06-07,-1.061946,54.342588,31.419581891229285,194.2042619504756,11.0,243.0,38.665781585267524
11:40:08,2025-06-07,-1.061979,54.342512,29.750831313192013,194.08950216088797,11.0,243.0,36.98044013343628
11:40:09,2025-06-07,-1.06201,54.34244,30.13960572097685,193.90405638407455,11.0,243.0,37.3423432896999
11:40:10,2025-06-07,-1.062041,54.342367,28.26026419692486,195.34031303762774,11.0,243.0,35.66912442269236
11:40:11,2025-06-07,-1.062073,54.342299,26.529723754350275,194.79648702343863,11.0,243.0,33.8610781321818
11:40:12,2025-06-07,-1.062102,54.342235,25.30781049949416,194.98029113252375,11.0,243.0,32.665434799663274
11:40:13,2025-06-07,-1.06213,54.342174,25.081531331904333,192.91766542294303,11.0,243.0,32.14007879796912
11:40:14,2025-06-07,-1.062154,54.342113,24.58882191782908,192.06521615187577,11.0,243.0,31.521072068464
11:40:15,2025-06-07,-1.062176,54.342053,23.52213662191897,193.79066898381984,11.0,243.0,30.708407069493596
11:40:16,2025-06-07,-1.0622,54.341996,24.086191484584383,195.18280383252355,11.0,243.0,31.472671921975344
11:40:17,2025-06-07,-1.062227,54.341938,25.369479743396244,195.49012765587526,11.0,243.0,32.79957451530298
11:40:18,2025-06-07,-1.062256,54.341877,25.818519416146483,195.7522635981036,11.0,243.0,33.28564673279216
11:40:19,2025-06-07,-1.062286,54.341815,25.707562478209013,198.00014846302352,11.0,243.0,33.48575722579652
11:40:20,2025-06-07,-1.06232,54.341754,28.010157093330584,201.53481061300857,11.0,243.0,36.25309689562899
11:40:21,2025-06-07,-1.062364,54.341689,29.354853912265074,209.05766135180048,11.0,243.0,38.480452960050904
11:40:22,2025-06-07,-1.062425,54.341625,30.334916148581083,217.50817530827695,11.0,243.0,40.26402988255076
11:40:23,2025-06-07,-1.062504,54.341565,32.990594878525606,225.1454950943582,11.0,243.0,43.460814606233654
11:40:24,2025-06-07,-1.062604,54.341507,36.4635228069402,230.3375218896841,11.0,243.0,47.19598419211792
11:40:25,2025-06-07,-1.062724,54.341449,39.52754904016415,232.47254523706317,11.0,243.0,50.34239122988893
11:40:26,2025-06-07,-1.062858,54.341389,39.37811776015123,234.4843757364302,11.0,243.0,50.25684847713167
11:40:27,2025-06-07,-1.062995,54.341332,37.69322117837484,235.64436087703243,11.0,243.0,48.602697605443765
11:40:28,2025-06-07,-1.063128,54.341279,36.081315235176845,235.43868343938698,11.0,243.0,46.985665919658885
11:40:29,2025-06-07,-1.063255,54.341228,36.61612676444215,237.51211387734594,11.0,243.0,47.565707609980066
11:40:30,2025-06-07,-1.063387,54.341179,33.36911609723705,241.23657064793736,11.0,243.0,44.36390655849188
11:40:31,2025-06-07,-1.063512,54.341139,35.31354437323338,234.57738167508006,11.0,243.0,46.19490483600908
11:40:32,2025-06-07,-1.063635,54.341088,36.7573476522367,231.5176301976783,11.0,243.0,47.537193704363304
11:40:33,2025-06-07,-1.063758,54.341031,35.83575641813827,232.79179994994306,11.0,243.0,46.66162921102253
11:40:34,2025-06-07,-1.06388,54.340977,36.14151365128252,231.55414255984644,11.0,243.0,46.92275294408728
11:40:35,2025-06-07,-1.064001,54.340921,35.09383379641426,231.86798952879195,11.0,243.0,45.88686825869166
11:40:36,2025-06-07,-1.064119,54.340867,33.56364621902296,230.68072013974898,11.0,243.0,44.310358404314385
11:40:37,2025-06-07,-1.06423,54.340814,34.7236543137404,226.11281227573625,11.0,243.0,45.24931853876792
11:40:38,2025-06-07,-1.064337,54.340754,36.689423597941804,221.03053396866144,11.0,243.0,46.89064053154572
11:40:39,2025-06-07,-1.06444,54.340685,35.78168803137051,219.33569903168853,11.0,243.0,45.856729441189835
11:40:40,2025-06-07,-1.064537,54.340616,38.290705935190964,214.17250490493927,11.0,243.0,47.927535282720385
11:40:41,2025-06-07,-1.064629,54.340537,39.03569280022229,206.68220579302277,11.0,243.0,47.89888101687511
11:40:42,2025-06-07,-1.064704,54.34045,42.310701320042114,198.68153477487547,11.0,243.0,50.18084505179657
11:40:43,2025-06-07,-1.064762,54.34035,42.59788403545968,194.28919215164794,11.0,243.0,49.85634341240646
11:40:44,2025-06-07,-1.064807,54.340247,44.54199283586381,193.65301295776106,11.0,243.0,51.70823383957645
11:40:45,2025-06-07,-1.064852,54.340139,45.62278639206056,190.32487384314837,11.0,243.0,52.29245689866276
11:40:46,2025-06-07,-1.064887,54.340027,48.015741560595124,186.70575766163262,11.0,243.0,54.119949866869774
11:40:47,2025-06-07,-1.064911,54.339908,46.275216085408964,185.2137204492864,11.0,243.0,52.139083942966195
11:40:48,2025-06-07,-1.064929,54.339793,43.74127669440649,183.06150630807556,11.0,243.0,49.251499866137486
11:40:49,2025-06-07,-1.064939,54.339684,50.10377346335464,181.3358505134335,11.0,243.0,55.324802895085796
11:40:50,2025-06-07,-1.064944,54.339559,44.079903544134254,180.30365538226357,11.0,243.0,49.125672249674615
11:40:51,2025-06-07,-1.064945,54.339449,44.08487755654648,180.91090036148415,11.0,243.0,49.233954893530885
11:40:52,2025-06-07,-1.064948,54.339339,40.90636414969828,182.29111178074578,11.0,243.0,46.28808294156032
11:40:53,2025-06-07,-1.064955,54.339237,38.89529067316839,182.06524875926428,11.0,243.0,44.23914927625808
11:40:54,2025-06-07,-1.064961,54.33914,36.48437405550658,181.83468749201646,11.0,243.0,41.78949928132214
11:40:55,2025-06-07,-1.064966,54.339049,33.289477376457576,182.41323200757128,11.0,243.0,38.6916317216097
11:40:56,2025-06-07,-1.064972,54.338966,31.31229596322684,183.42186024855482,11.0,243.0,36.88228681800097
11:40:57,2025-06-07,-1.06498,54.338888,27.748696550852905,184.82953188005177,11.0,243.0,33.55002817959324
11:40:58,2025-06-07,-1.06499,54.338819,26.95019845378622,184.97299252866776,11.0,243.0,32.77491253074443
11:40:59,2025-06-07,-1.065,54.338752,27.330374772303404,184.4122461297906,11.0,243.0,33.06348736478459
11:41:00,2025-06-07,-1.065009,54.338684,24.53463451564719,184.9162220438719,11.0,243.0,30.350100009509912
11:41:01,2025-06-07,-1.065018,54.338623,22.93808878493562,185.25935554299014,11.0,243.0,28.809367423356903
11:41:02,2025-06-07,-1.065027,54.338566,22.562190473556267,185.94344121473674,11.0,243.0,28.544110230800904
11:41:03,2025-06-07,-1.065037,54.33851,21.320645912008516,185.02903935116967,11.0,243.0,27.15448506943305
11:41:04,2025-06-07,-1.065045,54.338457,21.28461318884212,183.77602407064222,11.0,243.0,26.913130375758552
11:41:05,2025-06-07,-1.065051,54.338404,19.68551036188981,184.08327228773388,11.0,243.0,25.364626843950944
11:41:06,2025-06-07,-1.065057,54.338355,18.43909846469274,181.45200781757796,11.0,243.0,23.679745709067582
11:41:07,2025-06-07,-1.065059,54.338309,18.43463756565498,180.72612130544235,11.0,243.0,23.552339724699703
11:41:08,2025-06-07,-1.06506,54.338263,18.032429604764687,180.0,11.0,243.0,23.0263251018997
11:41:09,2025-06-07,-1.06506,54.338218,18.439098083643277,181.45201265408286,11.0,243.0,23.67974614440778
11:41:10,2025-06-07,-1.065062,54.338172,16.836781616022524,181.59023327540316,11.0,243.0,22.10074569161776
11:41:11,2025-06-07,-1.065064,54.33813,16.8318960617158,180.79527060458867,11.0,243.0,21.96134590726144
11:41:12,2025-06-07,-1.065065,54.338088,18.43314972398609,180.0,11.0,243.0,23.427045221121105
11:41:13,2025-06-07,-1.065065,54.338042,18.433149583912275,180.0,11.0,243.0,23.42704508104729
11:41:14,2025-06-07,-1.065065,54.337996,18.04610626912187,182.2257877938058,11.0,243.0,23.41688372673239
11:41:15,2025-06-07,-1.065068,54.337951,16.856308873585682,183.17803736461278,11.0,243.0,22.385883645257934
11:41:16,2025-06-07,-1.065072,54.337909,16.85630881004175,183.17804060360476,11.0,243.0,22.38588411927607
11:41:17,2025-06-07,-1.065076,54.337867,16.471208752155633,184.0667815723445,11.0,243.0,22.147613588609396
11:41:18,2025-06-07,-1.065081,54.337826,17.27071672895243,183.87822421358194,11.0,243.0,22.916082823900602
11:41:19,2025-06-07,-1.065086,54.337783,18.486612649549073,184.3486473791362,11.0,243.0,24.209301145585528
11:41:20,2025-06-07,-1.065092,54.337737,16.934195406304323,186.33667175412666,11.0,243.0,22.979329644677954
11:41:21,2025-06-07,-1.0651,54.337695,18.55322606712731,186.50741345027566,11.0,243.0,24.62571970798033
11:41:22,2025-06-07,-1.065109,54.337649,18.18382432367819,187.38197066918138,11.0,243.0,24.39560501985701
11:41:23,2025-06-07,-1.065119,54.337604,17.38936226672898,187.72127459646921,11.0,243.0,23.654794581925334
11:41:24,2025-06-07,-1.065129,54.337561,18.215458246433503,188.11080024237714,11.0,243.0,24.542212338072613
11:41:25,2025-06-07,-1.06514,54.337516,17.294619270664207,193.27776297378898,11.0,243.0,24.40605032394022
11:41:26,2025-06-07,-1.065157,54.337474,16.961576113777493,194.35696251306396,11.0,243.0,24.22980670975352
11:41:27,2025-06-07,-1.065175,54.337433,16.753410466729594,191.2590717192884,11.0,243.0,23.564811567136793
11:41:28,2025-06-07,-1.065189,54.337392,17.4978079668283,189.99624241089694,11.0,243.0,24.11719706735948
11:41:29,2025-06-07,-1.065202,54.337349,15.09057869799527,190.70736266136151,11.0,243.0,21.818494502307335
11:41:30,2025-06-07,-1.065214,54.337312,14.351768720197907,192.21860606122706,11.0,243.0,21.306858867769
11:41:31,2025-06-07,-1.065227,54.337277,14.654089903174476,190.10087800043377,11.0,243.0,21.289512211516882
11:41:32,2025-06-07,-1.065238,54.337241,13.429499861081712,190.01910572309615,11.0,243.0,20.052394171063074
11:41:33,2025-06-07,-1.065248,54.337208,13.682302004665148,194.8425727120875,11.0,243.0,21.0202502070235
11:41:34,2025-06-07,-1.065263,54.337175,12.460587619340362,195.22024742137327,11.0,243.0,19.85239331524241
11:41:35,2025-06-07,-1.065277,54.337145,12.927396356409211,187.26795615344867,11.0,243.0,19.121099787922628
11:41:36,2025-06-07,-1.065284,54.337113,13.656657684973185,183.92377566400984,11.0,243.0,19.30952769404348
11:41:37,2025-06-07,-1.065288,54.337079,13.2755084874208,185.04816284356193,11.0,243.0,19.112459896978358
11:41:38,2025-06-07,-1.065293,54.337046,14.120678358388744,186.65084331476368,11.0,243.0,20.2161133261665
11:41:39,2025-06-07,-1.0653,54.337011,12.599835546287629,189.60699875428418,11.0,243.0,19.159387839209444
11:41:40,2025-06-07,-1.065309,54.33698,13.47230459499452,190.9977272211734,11.0,243.0,20.244236975894502
11:41:41,2025-06-07,-1.06532,54.336947,12.16669744060149,188.837108166654,11.0,243.0,18.607008742267126
11:41:42,2025-06-07,-1.065328,54.336917,10.882619915981723,186.16214604276416,11.0,243.0,16.899732927469028
11:41:43,2025-06-07,-1.065333,54.33689,10.910296541260772,187.38210222071038,11.0,243.0,17.122098081045102
11:41:44,2025-06-07,-1.065339,54.336863,10.629743313473579,191.40984917486114,11.0,243.0,17.463850686103164
11:41:45,2025-06-07,-1.065348,54.336837,10.585806468987698,190.17014823549073,11.0,243.0,17.231830815612266
11:41:46,2025-06-07,-1.065356,54.336811,9.36119661218637,190.06187947310033,11.0,243.0,15.990645798894398
11:41:47,2025-06-07,-1.065363,54.336788,9.75597877468855,189.6506907343315,11.0,243.0,16.322262788870674
11:41:48,2025-06-07,-1.06537,54.336764,9.01268720625836,191.96989181744365,11.0,243.0,15.930718371840307
11:41:49,2025-06-07,-1.065378,54.336742,8.966941821881075,190.50927936583116,11.0,243.0,15.664730820335215
11:41:50,2025-06-07,-1.065385,54.33672,7.9656477313091365,197.05879495904225,11.0,243.0,15.615005561244057
11:41:51,2025-06-07,-1.065395,54.336701,7.899982789367325,195.4384453622515,11.0,243.0,15.322757906465633
11:41:52,2025-06-07,-1.065404,54.336682,8.068959525504551,186.65089924848678,11.0,243.0,14.164403432330548
11:41:53,2025-06-07,-1.065408,54.336662,8.8189614817656,181.51803955679324,11.0,243.0,14.070751232392322
11:41:54,2025-06-07,-1.065409,54.33664,7.628080598214915,183.5118798806775,11.0,243.0,13.212967651594319
11:41:55,2025-06-07,-1.065411,54.336621,8.068959608903294,186.65090902854251,11.0,243.0,14.16440507872835
11:41:56,2025-06-07,-1.065415,54.336601,8.927106608611078,189.03474769524055,11.0,243.0,15.398140210425364
11:41:57,2025-06-07,-1.065421,54.336579,7.646030206035435,185.25961069869467,11.0,243.0,13.517350269273006
11:41:58,2025-06-07,-1.065424,54.33656,6.123776644161403,190.99783203433333,11.0,243.0,12.895724882431395
11:41:59,2025-06-07,-1.065429,54.336545,7.703188118526016,188.72271200564995,11.0,243.0,14.12568194160183
11:42:00,2025-06-07,-1.065434,54.336526,6.449899073965679,186.23862640446194,11.0,243.0,12.479298387503846
11:42:01,2025-06-07,-1.065437,54.33651,7.613690283892694,180.0,11.0,243.0,12.607585781027709
11:42:02,2025-06-07,-1.065437,54.336491,7.613690270760387,180.0,11.0,243.0,12.6075857678954
11:42:03,2025-06-07,-1.065437,54.336472,6.479585737699377,188.2928117223278,11.0,243.0,12.83489324501693
11:42:04,2025-06-07,-1.065441,54.336456,7.671089338918423,186.9975994801593,11.0,243.0,13.821829195867263
11:42:05,2025-06-07,-1.065445,54.336437,7.216769683702561,178.1448226717771,11.0,243.0,11.890754628338362
11:42:06,2025-06-07,-1.065444,54.336419,6.84837487352932,174.12569078390675,11.0,243.0,10.812940949347745
11:42:07,2025-06-07,-1.065441,54.336402,9.243305998571811,175.6512095442646,11.0,243.0,13.479629424098961
11:42:08,2025-06-07,-1.065438,54.336379,8.818961110041183,181.51805000002904,11.0,243.0,14.070752622357343
11:42:09,2025-06-07,-1.065439,54.336357,9.219546463027319,181.45207753820162,11.0,243.0,14.460205476061565
11:42:10,2025-06-07,-1.06544,54.336334,9.628689098366147,182.7815589640115,11.0,243.0,15.092330128280437
11:42:11,2025-06-07,-1.065442,54.33631,10.421364887155162,178.7154085075457,11.0,243.0,15.194280230129989
11:42:12,2025-06-07,-1.065441,54.336284,8.865471186508394,173.94896242805567,11.0,243.0,12.798369371235612
11:42:13,2025-06-07,-1.065437,54.336262,8.068960079357861,173.34903342080077,11.0,243.0,11.894079891608012
11:42:14,2025-06-07,-1.065433,54.336242,8.81896093083864,181.5180550562831,11.0,243.0,14.070753296103911
11:42:15,2025-06-07,-1.065434,54.33622,8.017830671993016,181.6697793362821,11.0,243.0,13.295199250309478
11:42:16,2025-06-07,-1.065435,54.3362,9.219546252699331,178.54791691928676,11.0,243.0,13.963469892872341
11:42:17,2025-06-07,-1.065434,54.336177,10.442390244702558,176.15136598824677,11.0,243.0,14.767167668354716
11:42:18,2025-06-07,-1.065431,54.336151,10.82958543902393,177.5270843709127,11.0,243.0,15.395942238617138
11:42:19,2025-06-07,-1.065429,54.336124,11.222617717684486,181.1928679416662,11.0,243.0,16.419469360139583
11:42:20,2025-06-07,-1.06543,54.336096,12.442183823727202,183.2293329341314,11.0,243.0,17.98026969135718
11:42:21,2025-06-07,-1.065433,54.336065,12.562795349545716,188.55650919564388,11.0,243.0,18.959357082621906
11:42:22,2025-06-07,-1.065441,54.336034,14.074004267039353,184.76118301904958,11.0,243.0,19.864183010865908
11:42:23,2025-06-07,-1.065446,54.335999,13.656656891455247,183.9238816437412,11.0,243.0,19.309544354922892
11:42:24,2025-06-07,-1.06545,54.335965,13.696750323036886,185.87437605035643,11.0,243.0,19.667538211225335
11:42:25,2025-06-07,-1.065456,54.335931,14.149775631228767,187.59077017247063,11.0,243.0,20.394598148393207
11:42:26,2025-06-07,-1.065464,54.335896,15.406380258980603,188.72285158960557,11.0,243.0,21.828895838210087
11:42:27,2025-06-07,-1.065474,54.335858,15.443707241300293,189.57969470041687,11.0,243.0,21.999050800527748
11:42:28,2025-06-07,-1.065485,54.33582,15.878719423840002,190.17039774735656,11.0,243.0,22.524781941530655
11:42:29,2025-06-07,-1.065497,54.335781,16.99238614942477,187.90316392158482,11.0,243.0,23.28648893204073
11:42:30,2025-06-07,-1.065507,54.335739,15.80256323111946,188.50253208065504,11.0,243.0,22.190691499272823
11:42:31,2025-06-07,-1.065517,54.3357,16.59558126376185,188.09341540031917,11.0,243.0,22.91960472855282
11:42:32,2025-06-07,-1.065527,54.335659,15.769563908857158,187.66294597663216,11.0,243.0,22.025788738393693
11:42:33,2025-06-07,-1.065536,54.33562,16.66811614661754,189.6839550675291,11.0,243.0,23.23952271119274
11:42:34,2025-06-07,-1.065548,54.335579,15.528691936976097,191.28018804959973,11.0,243.0,22.343275886990753
11:42:35,2025-06-07,-1.065561,54.335541,15.576291368286219,192.12311527195024,11.0,243.0,22.51716863468733
11:42:36,2025-06-07,-1.065575,54.335503,14.130282152245057,195.34274119527004,11.0,243.0,21.539486946427704
11:42:37,2025-06-07,-1.065591,54.335469,13.865858859618031,190.6822001274475,11.0,243.0,20.589952105012056
11:42:38,2025-06-07,-1.065602,54.335435,12.686589602006404,191.6887298803297,11.0,243.0,19.562570065415866
11:42:39,2025-06-07,-1.065613,54.335404,13.786537414061558,188.77346895136264,11.0,243.0,20.21693991806026
11:42:40,2025-06-07,-1.065622,54.33537,13.865859785280332,190.6822252564292,11.0,243.0,20.58995684878325
11:42:41,2025-06-07,-1.065633,54.335336,14.351795161927628,192.21917564480853,11.0,243.0,21.30697002858954
11:42:42,2025-06-07,-1.065646,54.335301,15.237058390403325,193.2988122553603,11.0,243.0,22.3515720517721
11:42:43,2025-06-07,-1.065661,54.335264,14.654107248558784,190.10136235730496,11.0,243.0,21.289603723009428
11:42:44,2025-06-07,-1.065672,54.335228,15.010443448976138,188.95497581357043,11.0,243.0,21.46908606688784
11:42:45,2025-06-07,-1.065682,54.335191,14.219365267405536,189.45769497070225,11.0,243.0,20.75588522729128
11:42:46,2025-06-07,-1.065692,54.335156,15.406384795470277,188.7230061656654,11.0,243.0,21.82892446754258
11:42:47,2025-06-07,-1.065702,54.335118,15.484492978604381,190.43241036946688,11.0,243.0,22.17056926762789
11:42:48,2025-06-07,-1.065714,54.33508,15.237062195816307,193.2988811952032,11.0,243.0,22.351585951653828
11:42:49,2025-06-07,-1.065729,54.335043,17.933903564711155,190.50970955593948,11.0,243.0,24.631758078338866
11:42:50,2025-06-07,-1.065743,54.334999,15.921837469979693,190.99824577468428,11.0,243.0,22.693848303544414
11:42:51,2025-06-07,-1.065756,54.33496,18.64610490180459,188.6483479913838,11.0,243.0,25.05700261448277
11:42:52,2025-06-07,-1.065768,54.334914,18.68283106233699,189.3567860443795,11.0,243.0,25.20375917054988
11:42:53,2025-06-07,-1.065781,54.334868,18.612253728020626,187.93726328057306,11.0,243.0,24.911724400771334
11:42:54,2025-06-07,-1.065792,54.334822,18.25006221047685,188.8375609009796,11.0,243.0,24.690443975651142
11:42:55,2025-06-07,-1.065804,54.334777,16.99239121665172,187.9033544632791,11.0,243.0,23.286524000363837
11:42:56,2025-06-07,-1.065814,54.334735,16.630246039913835,188.8906078213515,11.0,243.0,23.078881235495878
11:42:57,2025-06-07,-1.065825,54.334694,16.992391637331863,187.9033702132463,11.0,243.0,23.286526900898526
11:42:58,2025-06-07,-1.065835,54.334652,17.10336843750121,190.22994634408244,11.0,243.0,23.758537270164933
11:42:59,2025-06-07,-1.065848,54.33461,17.24227810179959,192.52293861452213,11.0,243.0,24.242536119860702
11:43:00,2025-06-07,-1.065864,54.334568,17.350077433698306,194.02973607084104,11.0,243.0,24.57103435391199
11:43:01,2025-06-07,-1.065882,54.334526,17.350078356961667,194.02974983522344,11.0,243.0,24.571037270649295
11:43:02,2025-06-07,-1.0659,54.334484,17.73906095176823,193.71595111447851,11.0,243.0,24.914464822039484
11:43:03,2025-06-07,-1.065918,54.334441,18.57323000843052,193.82996619086907,11.0,243.0,25.76521073403582
11:43:04,2025-06-07,-1.065937,54.334396,17.469775866029625,195.5170408106463,11.0,243.0,24.90367989819257
11:43:05,2025-06-07,-1.065957,54.334354,17.24228245376706,192.52301412198017,11.0,243.0,24.242551653901472
11:43:06,2025-06-07,-1.065973,54.334312,16.85136348851187,192.8184893287016,11.0,243.0,23.895296989350744
11:43:07,2025-06-07,-1.065989,54.334271,14.194200511999616,196.25287883633698,11.0,243.0,21.73161596445245
11:43:08,2025-06-07,-1.066006,54.334237,15.351814813506099,194.9968770640662,11.0,243.0,22.711805912119747
11:43:09,2025-06-07,-1.066023,54.3342,13.235527169785286,194.31025193468855,11.0,243.0,20.497024061859072
11:43:10,2025-06-07,-1.066037,54.334168,15.484502354958883,190.43264611278335,11.0,243.0,22.170614583152965
11:43:11,2025-06-07,-1.066049,54.33413,14.219372748751804,189.45793460568137,11.0,243.0,20.75592971150786
11:43:12,2025-06-07,-1.066059,54.334095,17.06324762304949,189.45794411424632,11.0,243.0,23.599806054053765
11:43:13,2025-06-07,-1.066071,54.334053,16.01799866184924,192.6396650566357,11.0,243.0,23.035528437863384
11:43:14,2025-06-07,-1.066086,54.334014,17.19291915365865,191.76292084706316,11.0,243.0,24.080011773194
11:43:15,2025-06-07,-1.066101,54.333972,18.250068612707906,188.83774070785182,11.0,243.0,24.690478362887685
11:43:16,2025-06-07,-1.066113,54.333927,17.63364920924247,192.24078530431788,11.0,243.0,24.592037759605283
11:43:17,2025-06-07,-1.066129,54.333884,18.2431570105977,194.8437236089684,11.0,243.0,25.581269819648
11:43:18,2025-06-07,-1.066149,54.33384,17.534025786906756,196.25304332523402,11.0,243.0,25.071464239906057
11:43:19,2025-06-07,-1.06617,54.333798,20.038888190930802,196.25306138952826,11.0,243.0,27.57632916986361
11:43:20,2025-06-07,-1.066194,54.33375,18.753955523852483,195.91037243654515,11.0,243.0,26.24334371987932
11:43:21,2025-06-07,-1.066216,54.333705,17.469795050994566,195.5172890045849,11.0,243.0,24.90373420464089
11:43:22,2025-06-07,-1.066236,54.333663,19.13957783947505,195.5815011705886,11.0,243.0,26.58259885421432
11:43:23,2025-06-07,-1.066258,54.333617,18.81963986808835,196.59464365282642,11.0,243.0,26.404710117640153
11:43:24,2025-06-07,-1.066281,54.333572,18.124428638294198,198.02655320650814,11.0,243.0,25.90620712001126
11:43:25,2025-06-07,-1.066305,54.333529,18.887998622483153,197.27406537265796,11.0,243.0,26.567002476058825
11:43:26,2025-06-07,-1.066329,54.333484,19.203945067800955,196.25317817081896,11.0,243.0,26.74140237626452
11:43:27,2025-06-07,-1.066352,54.333438,19.139584737349214,195.58158228783898,11.0,243.0,26.582617219013862
11:43:28,2025-06-07,-1.066374,54.333392,19.270941216418525,196.92026747761392,11.0,243.0,26.90116456959639
11:43:29,2025-06-07,-1.066398,54.333346,20.74736541389544,195.01403958740028,11.0,243.0,28.10980494082611
11:43:30,2025-06-07,-1.066421,54.333296,19.077884469842466,194.9055990288445,11.0,243.0,26.424842632498898
11:43:31,2025-06-07,-1.066442,54.33325,20.082669356013774,192.08946895940292,11.0,243.0,27.018534098586212
11:43:32,2025-06-07,-1.06646,54.333201,18.72243271421773,190.0627504458011,11.0,243.0,25.352015335039724
11:43:33,2025-06-07,-1.066474,54.333155,20.200936294078822,187.30974429281076,11.0,243.0,26.401268182579624
11:43:34,2025-06-07,-1.066485,54.333105,21.765249494418388,186.16271699580952,11.0,243.0,27.782454267258508
11:43:35,2025-06-07,-1.066495,54.333051,21.7652496264173,186.1627250260189,11.0,243.0,27.78245568983718
11:43:36,2025-06-07,-1.066505,54.332997,23.284212755871845,183.4517862210097,11.0,243.0,28.859157204885783
11:43:37,2025-06-07,-1.066511,54.332939,22.851859404026165,181.75775045750325,11.0,243.0,28.14404036650224
11:43:38,2025-06-07,-1.066514,54.332882,24.05348023064627,181.66991644101796,11.0,243.0,29.330871904045672
11:43:39,2025-06-07,-1.066517,54.332822,25.284451441303258,183.17843462588303,11.0,243.0,30.814092144649553
11:43:40,2025-06-07,-1.066523,54.332759,25.672815382704098,182.60818851014315,11.0,243.0,31.107542776174995
11:43:41,2025-06-07,-1.066528,54.332695,26.498294940885604,183.53876036630547,11.0,243.0,32.08762743105394
11:43:42,2025-06-07,-1.066535,54.332629,26.08469106842933,183.08084259725007,11.0,243.0,31.598126878894693
11:43:43,2025-06-07,-1.066541,54.332564,26.07312445422964,182.56812889725677,11.0,243.0,31.50116386991688
11:43:44,2025-06-07,-1.066546,54.332499,25.684561367799585,183.1288956448381,11.0,243.0,31.20597825901985
11:43:45,2025-06-07,-1.066552,54.332435,26.531389290179728,184.54609369409326,11.0,243.0,32.28641695599886
11:43:46,2025-06-07,-1.066561,54.332369,25.775151536098853,185.72292752490344,11.0,243.0,31.72149872135505
11:43:47,2025-06-07,-1.066572,54.332305,26.114109393811763,184.10474910154144,11.0,243.0,31.796756703651766
11:43:48,2025-06-07,-1.06658,54.33224,26.131954844949465,184.61575534414357,11.0,243.0,31.898375903907173
11:43:49,2025-06-07,-1.066589,54.332175,27.81680289136212,186.2691914642073,11.0,243.0,33.85110937120817
11:43:50,2025-06-07,-1.066602,54.332106,25.521937372763354,188.4234610348769,11.0,243.0,31.897701229060583
11:43:51,2025-06-07,-1.066618,54.332043,24.76602874187323,189.22988000076143,11.0,243.0,31.267319368876585
11:43:52,2025-06-07,-1.066635,54.331982,28.478283629668677,189.9221676416569,11.0,243.0,35.08630897713027
11:43:53,2025-06-07,-1.066656,54.331912,25.472491712432593,192.71921453836828,11.0,243.0,32.50177556838236
11:43:54,2025-06-07,-1.06668,54.33185,25.28230780095048,190.65251508791755,11.0,243.0,32.00188978492386
11:43:55,2025-06-07,-1.0667,54.331788,28.83410225221969,189.3276114655378,11.0,243.0,35.3505187052765
11:43:56,2025-06-07,-1.06672,54.331717,26.314959690369044,188.16790569149197,11.0,243.0,32.65067920069322
11:43:57,2025-06-07,-1.066736,54.331652,25.00309271504591,186.4389726859645,11.0,243.0,31.064625968873898
11:43:58,2025-06-07,-1.066748,54.33159,21.74130107597331,185.55070837992028,11.0,243.0,27.659805129256867
11:43:59,2025-06-07,-1.066757,54.331536,29.764985256134292,184.9538060779894,11.0,243.0,35.58657427273903
11:44:00,2025-06-07,-1.066768,54.331462,24.471963469783365,182.73635566189506,11.0,243.0,29.928070587076498
11:44:01,2025-06-07,-1.066773,54.331401,24.47196330276009,182.73635971450923,11.0,243.0,29.92807109564381
11:44:02,2025-06-07,-1.066778,54.33134,24.06145423048023,182.22614856700204,11.0,243.0,29.43229213439156
11:44:03,2025-06-07,-1.066782,54.33128,23.252387971518424,181.72753263022116,11.0,243.0,28.539482327541666
11:44:04,2025-06-07,-1.066785,54.331222,24.043211212409318,180.0,11.0,243.0,29.037106709544332
11:44:05,2025-06-07,-1.066785,54.331162,22.84105042681901,180.0,11.0,243.0,27.834945923954024
11:44:06,2025-06-07,-1.066785,54.331105,22.841050208033366,180.0,11.0,243.0,27.83494570516838
11:44:07,2025-06-07,-1.066785,54.331048,21.643958248707232,178.76281180083288,11.0,243.0,26.425071398380894
11:44:08,2025-06-07,-1.066783,54.330994,22.470860918312255,177.01971581286705,11.0,243.0,26.948421646881858
11:44:09,2025-06-07,-1.066778,54.330938,21.76525496832206,173.83696074486284,11.0,243.0,25.67806422123296
11:44:10,2025-06-07,-1.066768,54.330884,21.8206244028707,172.6168265289922,11.0,243.0,25.51363479143691
11:44:11,2025-06-07,-1.066756,54.33083,22.938095844203044,174.73965317640364,11.0,243.0,27.0123825589172
11:44:12,2025-06-07,-1.066747,54.330773,23.284208731199925,176.54802754739012,11.0,243.0,27.67890281644239
11:44:13,2025-06-07,-1.066741,54.330715,23.271249131827403,177.1222887877807,11.0,243.0,27.766790001361706
11:44:14,2025-06-07,-1.066736,54.330657,24.04777103429485,178.88648699520445,11.0,243.0,28.850256840376808
11:44:15,2025-06-07,-1.066734,54.330597,23.2712488416622,182.87771945556608,11.0,243.0,28.750905363802552
11:44:16,2025-06-07,-1.066739,54.330539,24.579308114384215,186.00264054465595,11.0,243.0,30.570762655706133
11:44:17,2025-06-07,-1.06675,54.330478,25.99024880329767,189.3135825348598,11.0,243.0,32.50449517362384
11:44:18,2025-06-07,-1.066768,54.330414,25.081843952692903,192.9212366322215,11.0,243.0,32.14091725546832
11:44:19,2025-06-07,-1.066792,54.330353,25.756262282151702,195.25610978020563,11.0,243.0,33.153165393001345
11:44:20,2025-06-07,-1.066821,54.330291,25.048764677615097,196.2543790332728,11.0,243.0,32.58638990088868
11:44:21,2025-06-07,-1.066851,54.330231,25.63673347197112,194.2483262067908,11.0,243.0,32.88929583484314
11:44:22,2025-06-07,-1.066878,54.330169,24.9338015746209,191.3509319553807,11.0,243.0,31.759041956321624
11:44:23,2025-06-07,-1.066899,54.330108,26.424176669204307,189.6730520282784,11.0,243.0,32.99390446110534
11:44:24,2025-06-07,-1.066918,54.330043,24.66285121632198,187.62259828488712,11.0,243.0,30.912703151868556
11:44:25,2025-06-07,-1.066932,54.329982,24.845750293159213,180.5388574423252,11.0,243.0,29.931601053807036
11:44:26,2025-06-07,-1.066933,54.32992,25.647155734952563,180.52201990659577,11.0,243.0,30.730139960119235
11:44:27,2025-06-07,-1.066934,54.329856,25.650363277331827,181.04395478636405,11.0,243.0,30.821999889104895
11:44:28,2025-06-07,-1.066936,54.329792,24.49884079968319,183.82826178019224,11.0,243.0,30.13597223456074
11:44:29,2025-06-07,-1.066943,54.329731,26.93086066778734,184.47881305377317,11.0,243.0,32.67487628623266
11:44:30,2025-06-07,-1.066952,54.329664,27.31330479235926,183.92448754046342,11.0,243.0,32.96629204399061
11:44:31,2025-06-07,-1.06696,54.329596,27.330369391355312,184.41322482362824,11.0,243.0,33.06364234062132
11:44:32,2025-06-07,-1.066969,54.329528,26.551021653184247,185.04908917642638,11.0,243.0,32.38812380224422
11:44:33,2025-06-07,-1.066979,54.329462,27.349429142300462,184.90132890611858,11.0,243.0,33.16246742223821
11:44:34,2025-06-07,-1.066989,54.329394,26.596433027034976,186.05205045994964,11.0,243.0,32.595840749505356
11:44:35,2025-06-07,-1.067001,54.329328,27.1084932165429,187.92768897086663,11.0,243.0,33.40645693536193
11:44:36,2025-06-07,-1.067017,54.329261,26.424188442889953,189.67324748459868,11.0,243.0,32.993946331863626
11:44:37,2025-06-07,-1.067036,54.329196,26.819271282369733,189.52940613705164,11.0,243.0,33.366859307298405
11:44:38,2025-06-07,-1.067055,54.32913,27.214518961089425,189.38974280867046,11.0,243.0,33.740541580585
11:44:39,2025-06-07,-1.067074,54.329063,26.597992224538753,191.65869666807063,11.0,243.0,33.469471101759765
11:44:40,2025-06-07,-1.067097,54.328998,26.859650702558078,194.10066235607886,11.0,243.0,34.090874231371224
11:44:41,2025-06-07,-1.067125,54.328933,25.934525248065935,199.47883982619507,11.0,243.0,33.91084637099142
11:44:42,2025-06-07,-1.067162,54.328872,26.162030050895886,198.2209192300572,11.0,243.0,33.97013758712515
11:44:43,2025-06-07,-1.067197,54.32881,27.169312967564082,196.4915206576664,11.0,243.0,34.74003236810987
11:44:44,2025-06-07,-1.06723,54.328745,26.924291900111836,197.68757462876738,11.0,243.0,34.6599378369338
11:44:45,2025-06-07,-1.067265,54.328681,27.0397964656825,195.54182433789663,11.0,243.0,34.477206882165376
11:44:46,2025-06-07,-1.067296,54.328616,26.47125182298529,194.31212639551094,11.0,243.0,33.733019026577296
11:44:47,2025-06-07,-1.067324,54.328552,25.69556394646769,194.7539826749703,11.0,243.0,33.02083270420405
11:44:48,2025-06-07,-1.067352,54.32849,26.143085112471624,195.02563153115292,11.0,243.0,33.50717798769624
11:44:49,2025-06-07,-1.067381,54.328427,25.636794490803254,194.24892576099614,11.0,243.0,32.88944339687659
11:44:50,2025-06-07,-1.067408,54.328365,28.80679026629377,193.12982290514492,11.0,243.0,35.89652885750413
11:44:51,2025-06-07,-1.067436,54.328295,26.591182028801118,195.2881823918668,11.0,243.0,33.992641431691034
11:44:52,2025-06-07,-1.067466,54.328231,25.636801118283465,194.2489909014262,11.0,243.0,32.88945942706405
11:44:53,2025-06-07,-1.067493,54.328169,26.30600685880195,192.83245366641094,11.0,243.0,33.35199933420353
11:44:54,2025-06-07,-1.067518,54.328105,26.74916996128806,193.12990144957843,11.0,243.0,33.83892008202752
11:44:55,2025-06-07,-1.067544,54.32804,25.19102296096162,193.9582105264764,11.0,243.0,32.40161532366972
11:44:56,2025-06-07,-1.06757,54.327979,26.41422508407183,193.82112367944495,11.0,243.0,33.6049211990369
11:44:57,2025-06-07,-1.067597,54.327915,24.802380562684313,194.181574828803,11.0,243.0,32.04530267274504
11:44:58,2025-06-07,-1.067623,54.327855,23.25189635800247,195.14945392560585,11.0,243.0,30.633631087543737
11:44:59,2025-06-07,-1.067649,54.327799,26.02534115133659,194.03196141211438,11.0,243.0,33.24662035882878
11:45:00,2025-06-07,-1.067676,54.327736,23.467682195824437,193.24114757780893,11.0,243.0,30.57374874062793
11:45:01,2025-06-07,-1.067699,54.327679,25.42194299697883,192.20668251212726,11.0,243.0,32.37525949421237
11:45:02,2025-06-07,-1.067722,54.327617,26.859148892689845,190.02141128910753,11.0,243.0,33.482396614006106
11:45:03,2025-06-07,-1.067742,54.327551,25.953321889290596,188.80511732544454,11.0,243.0,32.38865312296512
11:45:04,2025-06-07,-1.067759,54.327487,26.224157742339216,186.65238048819447,11.0,243.0,32.319838371382666
11:45:05,2025-06-07,-1.067772,54.327422,26.151889086032043,185.1266176736288,11.0,243.0,32.00160181467335
11:45:06,2025-06-07,-1.067782,54.327357,25.684548997790166,183.12928609954406,11.0,243.0,31.206030723327775
11:45:07,2025-06-07,-1.067788,54.327293,24.443915374725616,180.0,11.0,243.0,29.43781087186063
11:45:08,2025-06-07,-1.067788,54.327232,24.061441400634926,177.7736292850983,11.0,243.0,28.67081791064672
11:45:09,2025-06-07,-1.067784,54.327172,24.854569019424584,178.3836984344755,11.0,243.0,29.570028149223344
11:45:10,2025-06-07,-1.067781,54.32711,24.46186202952981,177.81008479204536,11.0,243.0,29.0775924502259
11:45:11,2025-06-07,-1.067777,54.327049,24.89867294522984,176.23305458247876,11.0,243.0,29.237866084446615
11:45:12,2025-06-07,-1.06777,54.326987,26.114103694896315,175.89472189908292,11.0,243.0,30.39353367025847
11:45:13,2025-06-07,-1.067762,54.326922,26.11410362981482,175.89471543373156,11.0,243.0,30.39353246170338
11:45:14,2025-06-07,-1.067754,54.326857,26.056269200936622,178.45824817917378,11.0,243.0,30.784655089326083
11:45:15,2025-06-07,-1.067751,54.326792,27.65364030738023,179.03160689966455,11.0,243.0,32.481176150449464
11:45:16,2025-06-07,-1.067749,54.326723,27.68536260144512,177.09702577013877,11.0,243.0,32.17647642110317
11:45:17,2025-06-07,-1.067743,54.326654,28.512747229953874,176.24057537058934,11.0,243.0,32.85326713159005
11:45:18,2025-06-07,-1.067735,54.326583,28.085572844344235,177.1384176097131,11.0,243.0,32.583939645184756
11:45:19,2025-06-07,-1.067729,54.326513,29.286288133293898,177.25582842268477,11.0,243.0,33.80521572926278
11:45:20,2025-06-07,-1.067723,54.32644,29.26754957793065,178.16977165247158,11.0,243.0,33.945870036624214
11:45:21,2025-06-07,-1.067719,54.326367,28.867037630738345,178.1443662180793,11.0,243.0,33.54094324678463
11:45:22,2025-06-07,-1.067715,54.326295,29.28628742058952,177.25581390072693,11.0,243.0,33.805212474667805
11:45:23,2025-06-07,-1.067709,54.326222,30.498810729243516,176.9254218192218,11.0,243.0,34.95982988844267
11:45:24,2025-06-07,-1.067702,54.326146,29.3284049951626,175.88763181340596,11.0,243.0,33.60658097256784
11:45:25,2025-06-07,-1.067693,54.326073,30.51229824513424,176.48721499877956,11.0,243.0,34.89628692980287
11:45:26,2025-06-07,-1.067685,54.325997,28.91261164843923,176.29258381872296,11.0,243.0,33.262304452010966
11:45:27,2025-06-07,-1.067677,54.325925,29.267547438775793,178.1697487521036,11.0,243.0,33.94586391835999
11:45:28,2025-06-07,-1.067673,54.325852,30.06858698912316,178.2185203252277,11.0,243.0,34.75537619737034
11:45:29,2025-06-07,-1.067669,54.325777,28.8603827126849,178.60804180484683,11.0,243.0,33.61471825607896
11:45:30,2025-06-07,-1.067666,54.325705,29.275980556000025,177.7126111993773,11.0,243.0,33.87471791507136
11:45:31,2025-06-07,-1.067661,54.325632,27.665536050668038,178.06371219027255,11.0,243.0,32.32541988554566
11:45:32,2025-06-07,-1.067657,54.325563,27.729910273604197,175.6500627343387,11.0,243.0,31.966030509224055
11:45:33,2025-06-07,-1.067648,54.325494,29.298458872492407,176.79927052329117,11.0,243.0,33.73732899238849
11:45:34,2025-06-07,-1.067641,54.325421,28.45978181455571,178.58843245867592,11.0,243.0,33.21072215717891
11:45:35,2025-06-07,-1.067638,54.32535,28.074823317730107,177.61467077011162,11.0,243.0,32.65647282384716
11:45:36,2025-06-07,-1.067633,54.32528,28.928734993473437,175.83062825817024,11.0,243.0,33.19682657801737
11:45:37,2025-06-07,-1.067624,54.325208,28.886032182868952,177.21768633814588,11.0,243.0,33.39828247435252
11:45:38,2025-06-07,-1.067618,54.325136,28.867032614798582,178.1443107214751,11.0,243.0,33.54092858588725
11:45:39,2025-06-07,-1.067614,54.325064,29.69855800315429,176.8424024847867,11.0,243.0,34.14500345221314
11:45:40,2025-06-07,-1.067607,54.32499,28.875583330131285,177.68083614860006,11.0,243.0,33.4687783058345
11:45:41,2025-06-07,-1.067602,54.324918,28.875583065589773,177.68083209336203,11.0,243.0,33.468777333865326
11:45:42,2025-06-07,-1.067597,54.324846,27.685357206762166,177.09689352094074,11.0,243.0,32.17644784898905
11:45:43,2025-06-07,-1.067591,54.324777,28.886030819737957,177.21765723020224,11.0,243.0,33.39827601470557
11:45:44,2025-06-07,-1.067585,54.324705,28.48579207709912,177.17852732516917,11.0,243.0,32.991184956257385
11:45:45,2025-06-07,-1.067579,54.324634,30.0986735268323,176.8843877025738,11.0,243.0,34.55249048062385
11:45:46,2025-06-07,-1.067572,54.324559,29.298456399678123,176.79919791830116,11.0,243.0,33.73731376573218
11:45:47,2025-06-07,-1.067565,54.324486,30.487110345247526,177.36386515112474,11.0,243.0,35.024940399604546
11:45:48,2025-06-07,-1.067559,54.32441,30.112341181973818,176.44035403948442,11.0,243.0,34.488077124832614
11:45:49,2025-06-07,-1.067551,54.324335,31.32714985596098,176.15025608713074,11.0,243.0,35.65173135300607
11:45:50,2025-06-07,-1.067542,54.324257,30.527574600526894,176.04925648319454,11.0,243.0,34.83432023938852
11:45:51,2025-06-07,-1.067533,54.324181,30.544643699783155,175.61190617044667,11.0,243.0,34.77400245071765
11:45:52,2025-06-07,-1.067523,54.324105,31.005309199845815,174.37664356306072,11.0,243.0,35.01477853378292
11:45:53,2025-06-07,-1.06751,54.324028,30.656704959126586,173.43383247188592,11.0,243.0,34.497084802585015
11:45:54,2025-06-07,-1.067495,54.323952,30.713922681763275,172.56755165441712,11.0,243.0,34.39802068337633
11:45:55,2025-06-07,-1.067478,54.323876,29.22967920729198,170.79796809139555,11.0,243.0,32.59195613557355
11:45:56,2025-06-07,-1.067458,54.323804,29.589152545688524,171.36878817567322,11.0,243.0,33.05560554431896
11:45:57,2025-06-07,-1.067439,54.323731,30.18143743593117,169.289163594564,11.0,243.0,33.266774361058836
11:45:58,2025-06-07,-1.067415,54.323657,30.42135973527626,167.12594368441864,11.0,243.0,33.105955357520706
11:45:59,2025-06-07,-1.067386,54.323583,31.254909088194452,167.03560765944223,11.0,243.0,33.92268254156326
11:46:00,2025-06-07,-1.067356,54.323507,30.369918557762784,167.55576860749,11.0,243.0,33.13446306311448
11:46:01,2025-06-07,-1.067328,54.323433,29.587899875200073,167.22127788559783,11.0,243.0,32.29024117687647
11:46:02,2025-06-07,-1.0673,54.323361,29.487593683488882,168.10707952530117,11.0,243.0,32.35445549935717
11:46:03,2025-06-07,-1.067274,54.323289,29.09563347884529,167.94442122050498,11.0,243.0,31.932334861151524
11:46:04,2025-06-07,-1.067248,54.323218,28.41690440164999,166.68501346902656,11.0,243.0,31.01932857096857
11:46:05,2025-06-07,-1.06722,54.323149,28.36375856041942,167.14445144941817,11.0,243.0,31.0517998342025
11:46:06,2025-06-07,-1.067193,54.32308,27.97327244095797,166.96179336064506,11.0,243.0,30.627295438492297
11:46:07,2025-06-07,-1.067166,54.323012,27.1396682154488,167.06074563886864,11.0,243.0,29.812123473841957
11:46:08,2025-06-07,-1.06714,54.322946,27.87109234414248,167.89799716619996,11.0,243.0,30.699181479581963
11:46:09,2025-06-07,-1.067115,54.322878,28.125792926069636,169.4659654329755,11.0,243.0,31.24369607796078
11:46:10,2025-06-07,-1.067093,54.322809,28.519824577030132,169.61313598969923,11.0,243.0,31.664813357343284
11:46:11,2025-06-07,-1.067071,54.322739,27.088072187878623,167.54249813282308,11.0,243.0,29.85015064472583
11:46:12,2025-06-07,-1.067046,54.322673,27.248634583260486,166.10259074733221,11.0,243.0,29.742283406262466
11:46:13,2025-06-07,-1.067018,54.322607,27.92125802473339,167.4289215894405,11.0,243.0,30.662224537910994
11:46:14,2025-06-07,-1.066992,54.322539,25.915650643975866,166.96903276745866,11.0,243.0,28.571022425598983
11:46:15,2025-06-07,-1.066967,54.322476,25.135595087870666,166.55704394793315,11.0,243.0,27.71414187263506
11:46:16,2025-06-07,-1.066942,54.322415,24.30167228932138,166.65367807041548,11.0,243.0,26.89825089208006
11:46:17,2025-06-07,-1.066918,54.322356,28.02718493846829,166.4960544504196,11.0,243.0,30.59434737319498
11:46:18,2025-06-07,-1.06689,54.322288,25.030597152861592,167.5977765039571,11.0,243.0,27.802946995181184
11:46:19,2025-06-07,-1.066867,54.322227,24.541240406887063,168.46274917103142,11.0,243.0,27.473970379306863
11:46:20,2025-06-07,-1.066846,54.322167,23.415161051651257,167.31386477319222,11.0,243.0,26.1347294820596
11:46:21,2025-06-07,-1.066824,54.32211,23.46783009933391,166.75710506811595,11.0,243.0,26.083699878399262
11:46:22,2025-06-07,-1.066801,54.322053,24.14879056834316,168.27252741826476,11.0,243.0,27.046306364263415
11:46:23,2025-06-07,-1.06678,54.321994,25.082067815197476,167.07620681176593,11.0,243.0,27.75740237324956
11:46:24,2025-06-07,-1.066756,54.321933,24.639429899582684,167.397518948501,11.0,243.0,27.374557292848596
11:46:25,2025-06-07,-1.066733,54.321873,22.924129769998675,168.2336991267698,11.0,243.0,25.814453668567076
11:46:26,2025-06-07,-1.066713,54.321817,24.35694612405394,166.11848930406381,11.0,243.0,26.85356769025305
11:46:27,2025-06-07,-1.066688,54.321758,23.364732114357846,167.87293597273288,11.0,243.0,26.18817131068081
11:46:28,2025-06-07,-1.066667,54.321701,22.973150786814255,167.6629412864329,11.0,243.0,25.75760571376049
11:46:29,2025-06-07,-1.066646,54.321645,22.140216238104646,167.81065379600727,11.0,243.0,24.952097049966625
11:46:30,2025-06-07,-1.066626,54.321591,22.24406771267107,166.6335640013059,11.0,243.0,24.836893659871414
11:46:31,2025-06-07,-1.066604,54.321537,23.13382122750449,165.9659890627978,11.0,243.0,25.601920112534614
11:46:32,2025-06-07,-1.06658,54.321481,22.03075455255738,164.61778175087034,11.0,243.0,24.245955702626908
11:46:33,2025-06-07,-1.066555,54.321428,22.544238773853078,163.74230548584148,11.0,243.0,24.594551835767444
11:46:34,2025-06-07,-1.066528,54.321374,22.544240913806377,163.74228527177354,11.0,243.0,24.594550162907876
11:46:35,2025-06-07,-1.066501,54.32132,23.764107418419684,164.01279221099776,11.0,243.0,25.86541712111624
11:46:36,2025-06-07,-1.066473,54.321263,23.639089265861156,165.10213167337395,11.0,243.0,25.945293615862987
11:46:37,2025-06-07,-1.066447,54.321206,23.63909122416636,165.10211194732688,11.0,243.0,25.945291871206177
11:46:38,2025-06-07,-1.066421,54.321149,25.637040666906447,165.74865558663237,11.0,243.0,28.064460707002155
11:46:39,2025-06-07,-1.066394,54.321087,24.73256260982066,162.9623270863981,11.0,243.0,26.635569352239983
11:46:40,2025-06-07,-1.066363,54.321028,26.719116801970376,163.7421518567703,11.0,243.0,28.769400886094136
11:46:41,2025-06-07,-1.066331,54.320964,26.749379906693566,166.8678979570634,11.0,243.0,29.385905288393694
11:46:42,2025-06-07,-1.066305,54.320899,27.30602929670725,165.62589196328554,11.0,243.0,29.710455891621116
11:46:43,2025-06-07,-1.066276,54.320833,27.752722640907503,165.36379782935455,11.0,243.0,30.108022585951755
11:46:44,2025-06-07,-1.066246,54.320766,29.159193649791277,164.18300752630626,11.0,243.0,31.292571228932733
11:46:45,2025-06-07,-1.066212,54.320696,28.647777401733528,164.8641421837093,11.0,243.0,30.90928673939176
11:46:46,2025-06-07,-1.06618,54.320627,29.096087487949475,164.62584528811044,11.0,243.0,31.312804988100467
11:46:47,2025-06-07,-1.066147,54.320557,30.644319677477124,165.42050455485128,11.0,243.0,33.010252885184634
11:46:48,2025-06-07,-1.066114,54.320483,27.812978921145824,164.89775237970196,11.0,243.0,30.080802720277102
11:46:49,2025-06-07,-1.066083,54.320416,32.31359015084403,165.33372471142093,11.0,243.0,34.66325005080356
11:46:50,2025-06-07,-1.066048,54.320338,27.875066587912972,164.43380987240107,11.0,243.0,30.05565992230502
11:46:51,2025-06-07,-1.066016,54.320271,27.62076344324648,163.27633642543196,11.0,243.0,29.583117773293562
11:46:52,2025-06-07,-1.065982,54.320205,28.907141044514407,163.07460760056824,11.0,243.0,30.831375398371378
11:46:53,2025-06-07,-1.065946,54.320136,29.159224050986843,164.1827774302261,11.0,243.0,31.292558293603417
11:46:54,2025-06-07,-1.065912,54.320066,28.471990054482134,166.22627686183876,11.0,243.0,30.988760867658037
11:46:55,2025-06-07,-1.065883,54.319997,29.536956346746003,167.6624411617546,11.0,243.0,32.32131838365463
11:46:56,2025-06-07,-1.065856,54.319925,30.586090722400204,165.8440790855675,10.8,241.0,33.35293714787519
11:46:57,2025-06-07,-1.065824,54.319851,31.664091768629817,164.14778734158278,10.8,241.0,34.12069832148498
11:46:58,2025-06-07,-1.065787,54.319775,33.3989699246585,163.74167660053945,10.8,241.0,35.78097195993076
11:46:59,2025-06-07,-1.065747,54.319695,35.90389790182661,163.7416443147149,10.8,241.0,38.28589400122898
11:47:00,2025-06-07,-1.065704,54.319609,35.20325011816216,163.01106629464425,10.8,241.0,37.45073670154088
11:47:01,2025-06-07,-1.06566,54.319525,36.73888329513835,163.74157990130436,10.8,241.0,39.12086755189143
11:47:02,2025-06-07,-1.065616,54.319437,36.94222305720552,162.69726931781224,10.8,241.0,39.13182181756808
11:47:03,2025-06-07,-1.065569,54.319349,38.15981080356095,162.89906689740997,10.8,241.0,40.3866438998168
11:47:04,2025-06-07,-1.065521,54.319258,38.300496012379625,162.23049922857467,10.8,241.0,40.403866189008184
11:47:05,2025-06-07,-1.065471,54.319167,39.37785163418934,163.08834318095273,10.8,241.0,41.639583624062
11:47:06,2025-06-07,-1.065422,54.319073,39.5641747188091,164.22891082073556,10.8,241.0,42.03566937975366
11:47:07,2025-06-07,-1.065376,54.318978,39.761352931871535,163.25627601002975,10.8,241.0,42.05402784183029
11:47:08,2025-06-07,-1.065327,54.318883,40.529334318967926,163.5827037621425,10.8,241.0,42.88209947243845
11:47:09,2025-06-07,-1.065278,54.318786,43.62113433247478,162.8569145490104,10.8,241.0,45.84019202714346
11:47:10,2025-06-07,-1.065223,54.318682,42.78626909089232,162.83961612110204,10.8,241.0,45.0021355781807
11:47:11,2025-06-07,-1.065169,54.31858,44.004150773929865,163.01065730270477,10.8,241.0,46.251561951854804
11:47:12,2025-06-07,-1.065114,54.318475,46.308450272160684,163.88001390847955,10.8,241.0,48.71587917085536
11:47:13,2025-06-07,-1.065059,54.318364,46.892288152191746,163.19268893281333,10.8,241.0,49.17324895487475
11:47:14,2025-06-07,-1.065001,54.318252,49.082485946423965,162.82410284565356,10.8,241.0,51.29549037877713
11:47:15,2025-06-07,-1.064939,54.318135,49.78084865562939,163.35358249768717,10.8,241.0,52.091444041597256
11:47:16,2025-06-07,-1.064878,54.318016,49.46542250400004,162.96110483858956,10.8,241.0,51.70369689508121
11:47:17,2025-06-07,-1.064816,54.317898,49.44181640522968,161.52963198661678,10.8,241.0,51.41545178529919
11:47:18,2025-06-07,-1.064749,54.317781,48.696603054075624,159.7764929264364,10.8,241.0,50.344471127825244
11:47:19,2025-06-07,-1.064677,54.317667,51.06688498799417,159.07683322321793,10.8,241.0,52.58429489913664
11:47:20,2025-06-07,-1.064599,54.317548,50.983542408209736,159.32220416166456,10.8,241.0,52.54673080910011
11:47:21,2025-06-07,-1.064522,54.317429,49.40270259140604,158.91922126083853,10.8,241.0,50.89069234194554
11:47:22,2025-06-07,-1.064446,54.317314,48.303422536804526,161.07750625894892,10.8,241.0,50.19320876850854
11:47:23,2025-06-07,-1.064379,54.3172,48.31762809301589,162.5429781030823,10.8,241.0,50.47873972618189
11:47:24,2025-06-07,-1.064317,54.317085,48.494990153676376,163.47549211569253,10.8,241.0,50.82802764675779
11:47:25,2025-06-07,-1.064258,54.316969,50.16493997886988,163.4842736379892,10.8,241.0,52.49959363890068
11:47:26,2025-06-07,-1.064197,54.316849,47.66004142606354,163.47075773962274,10.8,241.0,49.99220757342973
11:47:27,2025-06-07,-1.064139,54.316735,47.72737309401702,163.20165543812107,10.8,241.0,50.009985890310816
11:47:28,2025-06-07,-1.06408,54.316621,48.178900579615735,163.07319879827537,10.8,241.0,50.4378411410058
11:47:29,2025-06-07,-1.06402,54.316506,47.91388247237308,164.1430099281663,10.8,241.0,50.369612101207
11:47:30,2025-06-07,-1.063964,54.316391,47.593816258703335,163.74039671313392,10.8,241.0,49.97558298129819
11:47:31,2025-06-07,-1.063907,54.316277,47.41294031927314,162.79103012830785,10.8,241.0,49.619842601742825
11:47:32,2025-06-07,-1.063847,54.316164,48.56236757857601,163.21070003668763,10.8,241.0,50.84664669978797
11:47:33,2025-06-07,-1.063787,54.316048,47.86523882531022,162.66555592829957,10.8,241.0,50.04898356227473
11:47:34,2025-06-07,-1.063726,54.315934,48.38869958159922,162.27839190018653,10.8,241.0,50.50092371525538
11:47:35,2025-06-07,-1.063663,54.315819,49.917595971978606,162.83848516618286,10.8,241.0,52.1332538140975
11:47:36,2025-06-07,-1.0636,54.3157,49.15257623741981,162.56272549503024,10.8,241.0,51.31733475397177
11:47:37,2025-06-07,-1.063537,54.315583,48.53371288061764,161.7524176726614,10.8,241.0,50.54862019056417
11:47:38,2025-06-07,-1.063472,54.315468,49.53497102716932,162.70155523786377,10.8,241.0,51.72536088069773
11:47:39,2025-06-07,-1.063409,54.31535,49.71435126799411,163.61067095763542,10.8,241.0,52.072261220629976
11:47:40,2025-06-07,-1.063349,54.315231,48.44594588014489,167.4584712187501,10.8,241.0,51.5058051657693
11:47:41,2025-06-07,-1.063304,54.315113,47.73773597019904,172.11936603400795,10.8,241.0,51.629106939969624
11:47:42,2025-06-07,-1.063276,54.314995,46.504666321544455,178.27178131768176,10.8,241.0,51.4533542687657
11:47:43,2025-06-07,-1.06327,54.314879,42.52852867990385,182.8354382791624,10.8,241.0,48.22532743001175
11:47:44,2025-06-07,-1.063279,54.314773,39.7271879054259,183.03556849351688,10.8,241.0,45.45600059706789
11:47:45,2025-06-07,-1.063288,54.314674,39.28793812147481,181.70473201762857,10.8,241.0,44.80256857365165
11:47:46,2025-06-07,-1.063293,54.314576,37.679249183290906,181.42194999053996,10.8,241.0,43.14798206404705
11:47:47,2025-06-07,-1.063297,54.314482,36.06471602595822,180.0,10.8,241.0,41.30065992461866
11:47:48,2025-06-07,-1.063297,54.314392,35.69169031341064,177.7479358436999,10.8,241.0,40.55240602937681
11:47:49,2025-06-07,-1.063291,54.314303,39.3151716068008,177.27365854865457,10.8,241.0,44.095888685946804
11:47:50,2025-06-07,-1.063283,54.314205,38.87045378446474,180.34456276055224,10.8,241.0,44.16310794340376
11:47:51,2025-06-07,-1.063284,54.314108,37.285278431154254,181.79635023376466,10.8,241.0,42.814750426425576
11:47:52,2025-06-07,-1.063289,54.314015,38.48044126866004,181.39235685991517,10.8,241.0,43.94436325085841
11:47:53,2025-06-07,-1.063293,54.313919,37.69381120883706,182.13241194372333,10.8,241.0,43.27760163785645
11:47:54,2025-06-07,-1.063299,54.313825,36.8780601783105,181.45287527238295,10.8,241.0,42.351818963995726
11:47:55,2025-06-07,-1.063303,54.313733,36.0647115180424,180.0,10.8,241.0,41.30065541670284
11:47:56,2025-06-07,-1.063303,54.313643,35.26638621455713,179.2404208691505,10.8,241.0,40.37664799158951
11:47:57,2025-06-07,-1.063301,54.313555,34.86334073211482,179.61582747542047,10.8,241.0,40.03583198274694
11:47:58,2025-06-07,-1.0633,54.313468,34.4626303859532,180.3886403228845,10.8,241.0,39.76252533537465
11:47:59,2025-06-07,-1.063301,54.313382,36.86912532698747,179.27343774966198,10.8,241.0,41.9848690023041
11:48:00,2025-06-07,-1.063299,54.31329,36.083730423411126,178.1437759008462,10.8,241.0,41.01095963179427
11:48:01,2025-06-07,-1.063294,54.3132,34.882228583588294,178.079811235305,10.8,241.0,39.79872557821578
11:48:02,2025-06-07,-1.063289,54.313113,33.26710145680491,178.79208743281924,10.8,241.0,38.30275778627536
11:48:03,2025-06-07,-1.063286,54.31303,32.05751761670183,180.0,10.8,241.0,37.29346151536227
11:48:04,2025-06-07,-1.063286,54.31295,30.863365383345776,181.30200936096992,10.8,241.0,36.31259073311392
11:48:05,2025-06-07,-1.063289,54.312873,31.657664863405063,180.4230816514015,10.8,241.0,36.96321543941979
11:48:06,2025-06-07,-1.06329,54.312794,30.45824545343305,180.87951300917928,10.8,241.0,35.838564997623806
11:48:07,2025-06-07,-1.063292,54.312718,30.458245087917263,180.87951463331947,10.8,241.0,35.83856489755713
11:48:08,2025-06-07,-1.063294,54.312642,28.875538180909825,182.3198592362975,10.8,241.0,34.48954281436913
11:48:09,2025-06-07,-1.063299,54.31257,28.475153545786405,182.35250090868576,10.8,241.0,34.09441348274157
11:48:10,2025-06-07,-1.063304,54.312499,25.67275506298735,182.60947158647406,10.8,241.0,31.333323402509443
11:48:11,2025-06-07,-1.063309,54.312435,24.461815018194926,182.19069572275566,10.8,241.0,30.055006495043088
11:48:12,2025-06-07,-1.063313,54.312374,22.89978798084194,184.09775544826988,10.8,241.0,28.79733472650772
11:48:13,2025-06-07,-1.06332,54.312317,23.284175289541768,183.4535177086062,10.8,241.0,29.079619603430622
11:48:14,2025-06-07,-1.063326,54.312259,24.915181394600413,184.30472620392158,10.8,241.0,30.845372403216196
11:48:15,2025-06-07,-1.063334,54.312197,27.72990076490841,184.3513452300697,10.8,241.0,33.667434051700084
11:48:16,2025-06-07,-1.063343,54.312128,31.362157082494583,184.70314264094333,10.8,241.0,37.35496971779526
11:48:17,2025-06-07,-1.063354,54.31205,32.95987418717522,184.47468538776272,10.8,241.0,38.91681400056804
11:48:18,2025-06-07,-1.063365,54.311968,36.95612141345086,183.98998159086398,10.8,241.0,42.836639134703766
11:48:19,2025-06-07,-1.063376,54.311876,39.38840260817684,184.42509371720786,10.8,241.0,45.337542906467526
11:48:20,2025-06-07,-1.063389,54.311778,41.843041627498366,185.12856188801848,10.8,241.0,47.90240011843736
11:48:21,2025-06-07,-1.063405,54.311674,43.641448987878206,187.38659346609157,10.8,241.0,50.048338763107225
11:48:22,2025-06-07,-1.063429,54.311566,46.58093083843636,188.3689213395305,10.8,241.0,53.13593511129216
11:48:23,2025-06-07,-1.063458,54.311451,48.20084195076933,188.36655445773832,10.8,241.0,54.75549164563173
11:48:24,2025-06-07,-1.063488,54.311332,47.951219152363535,189.54182905958018,10.8,241.0,54.68054598184195
11:48:25,2025-06-07,-1.063522,54.311214,47.77008119627769,193.29897439248532,10.8,241.0,55.038473353714494
11:48:26,2025-06-07,-1.063569,54.311098,46.180823939649606,195.56536215084947,10.8,241.0,53.75942665099214
11:48:27,2025-06-07,-1.063622,54.310987,46.374798675937654,196.4002859676071,10.8,241.0,54.06471782113881
11:48:28,2025-06-07,-1.063678,54.310876,47.04607607805333,193.8007454157247,10.8,241.0,54.384145258045166
11:48:29,2025-06-07,-1.063726,54.310762,44.15434140171885,193.78527281490008,10.8,241.0,51.4902704046607
11:48:30,2025-06-07,-1.063771,54.310655,44.82535282296331,192.9606752314518,10.8,241.0,52.04645307605093
11:48:31,2025-06-07,-1.063814,54.310546,42.54218031573976,193.99398654038282,10.8,241.0,49.906933566797285
11:48:32,2025-06-07,-1.063858,54.310443,43.35420373027355,195.96517939412752,10.8,241.0,50.98631444081959
11:48:33,2025-06-07,-1.063909,54.310339,43.67611175181784,195.5257035443475,10.8,241.0,51.24938674567326
11:48:34,2025-06-07,-1.063959,54.310234,40.8492898475802,195.94706319958138,10.8,241.0,48.47898406569341
11:48:35,2025-06-07,-1.064007,54.310136,37.50939790357196,195.91906229803547,10.8,241.0,45.135355622268754
11:48:36,2025-06-07,-1.064051,54.310046,34.75894272213308,194.41168883336834,10.8,241.0,42.18108854140899
11:48:37,2025-06-07,-1.064088,54.309962,35.00449100909131,195.89458774618276,10.8,241.0,42.62718130015924
11:48:38,2025-06-07,-1.064129,54.309878,36.874996119976856,194.6924027860836,10.8,241.0,44.33549077535986
11:48:39,2025-06-07,-1.064169,54.309789,39.09572843037267,193.1355547877928,10.8,241.0,46.34130718313932
11:48:40,2025-06-07,-1.064207,54.309694,38.72982692171878,195.7639925137707,10.8,241.0,46.33505885198384
11:48:41,2025-06-07,-1.064252,54.309601,40.014357056082545,195.94072542404803,10.8,241.0,47.64320570756409
11:48:42,2025-06-07,-1.064299,54.309505,40.21381926801556,194.82287939195245,10.8,241.0,47.69207765894489
11:48:43,2025-06-07,-1.064343,54.309408,40.72280573624655,195.3147189041745,10.8,241.0,48.26767622231247
11:48:44,2025-06-07,-1.064389,54.30931,40.988995656456495,194.53630107325964,10.8,241.0,48.428187021729485
11:48:45,2025-06-07,-1.064433,54.309211,41.2626820360811,193.7680890598853,10.8,241.0,48.59623354737133
11:48:46,2025-06-07,-1.064475,54.309111,43.17428598569775,190.2943404076897,10.8,241.0,50.01397383776455
11:48:47,2025-06-07,-1.064508,54.309005,42.08444968593595,187.9833216334663,10.8,241.0,48.581540911901875
11:48:48,2025-06-07,-1.064533,54.308901,43.583565331270925,186.77747757973322,10.8,241.0,49.89766446209169
11:48:49,2025-06-07,-1.064555,54.308793,41.594712659371126,187.10321477406157,10.8,241.0,47.95852292691322
11:48:50,2025-06-07,-1.064577,54.30869,42.76026186053431,186.59316834691856,10.8,241.0,49.046142834205554
11:48:51,2025-06-07,-1.064598,54.308584,44.61843096075518,184.50791413183447,10.8,241.0,50.58059431836898
11:48:52,2025-06-07,-1.064613,54.308473,44.21896878758637,184.54873606573915,10.8,241.0,50.187546590345235
11:48:53,2025-06-07,-1.064628,54.308363,41.82270110139952,184.80997734337814,10.8,241.0,47.83225647766187
11:48:54,2025-06-07,-1.064643,54.308259,41.84304591389145,185.1289980786734,10.8,241.0,47.90247246478961
11:48:55,2025-06-07,-1.064659,54.308155,41.82270114856542,184.81000153699233,10.8,241.0,47.83226031399771
11:48:56,2025-06-07,-1.064674,54.308051,41.32786374794056,182.91836626386257,10.8,241.0,47.03793657500315
11:48:57,2025-06-07,-1.064683,54.307948,41.34048333421558,183.24198008343544,10.8,241.0,47.10224154712421
11:48:58,2025-06-07,-1.064693,54.307845,41.82270121694495,184.8100375946925,10.8,241.0,47.83226602968168
11:48:59,2025-06-07,-1.064708,54.307741,42.62135628099094,184.7197081722216,10.8,241.0,48.6167663716891
11:49:00,2025-06-07,-1.064723,54.307635,41.803659506062324,184.49074940881155,10.8,241.0,47.76312482690876
11:49:01,2025-06-07,-1.064737,54.307531,43.061547065538285,185.2959236363001,10.8,241.0,49.14699362418233
11:49:02,2025-06-07,-1.064754,54.307424,42.621356270638294,184.71974435824544,10.8,241.0,48.61677203471301
11:49:03,2025-06-07,-1.064769,54.307318,43.061547455600596,185.2959508866491,10.8,241.0,49.14699825776141
11:49:04,2025-06-07,-1.064786,54.307211,44.61843002147246,184.508063890573,10.8,241.0,50.58061691655733
11:49:05,2025-06-07,-1.064801,54.3071,43.040502113683054,184.986069696675,10.8,241.0,49.077608405572015
11:49:06,2025-06-07,-1.064817,54.306993,42.24216936492973,185.08056290291628,10.8,241.0,48.29403630503434
11:49:07,2025-06-07,-1.064833,54.306888,39.07330538892151,185.8383873712565,10.8,241.0,45.24295224777616
11:49:08,2025-06-07,-1.06485,54.306791,36.634407646709136,185.4933812179376,10.8,241.0,42.750566775763524
11:49:09,2025-06-07,-1.064865,54.3067,36.57365059079442,184.3995631535359,10.8,241.0,42.51877383914558
11:49:10,2025-06-07,-1.064877,54.306609,33.39885996468442,185.22138851344187,10.8,241.0,39.472694513401855
11:49:11,2025-06-07,-1.06489,54.306526,33.128544254526076,187.29838836075797,10.8,241.0,39.522041752622016
11:49:12,2025-06-07,-1.064908,54.306444,37.25800318748371,188.2987979994889,10.8,241.0,43.80249767708779
11:49:13,2025-06-07,-1.064931,54.306352,36.31049703358353,186.65577182389063,10.8,241.0,42.60597004928041
11:49:14,2025-06-07,-1.064949,54.306262,31.76153650526188,184.64453036758,10.8,241.0,37.745154786087355
11:49:15,2025-06-07,-1.06496,54.306183,33.07214035155906,186.4948652680993,10.8,241.0,39.34294428667916
11:49:16,2025-06-07,-1.064976,54.306101,35.51460949016544,186.8056768846014,10.8,241.0,41.833020242080146
11:49:17,2025-06-07,-1.064994,54.306013,35.77463853128093,184.49810300366445,10.8,241.0,41.735259792340095
11:49:18,2025-06-07,-1.065006,54.305924,37.43222773909494,185.37605649329956,10.8,241.0,43.53014690430299
11:49:19,2025-06-07,-1.065021,54.305831,39.42741564458529,185.1032669287476,10.8,241.0,45.482826696872216
11:49:20,2025-06-07,-1.065036,54.305733,40.64587234726338,185.28081751804245,10.8,241.0,46.7289663180778
11:49:21,2025-06-07,-1.065052,54.305632,42.70888089280835,185.9704585146593,10.8,241.0,48.89894418418794
11:49:22,2025-06-07,-1.065071,54.305526,45.1756091663632,186.53809055183984,10.8,241.0,51.45304496959866
11:49:23,2025-06-07,-1.065093,54.305414,42.66256708807512,185.3458703129872,10.8,241.0,48.755789200662775
11:49:24,2025-06-07,-1.06511,54.305308,42.31036799420787,186.0269504080299,10.8,241.0,48.50915414015036
11:49:25,2025-06-07,-1.065129,54.305203,36.82802553349152,188.0290769070669,10.8,241.0,43.33200416207668
11:49:26,2025-06-07,-1.065151,54.305112,36.828026576977514,188.0290944251905,10.8,241.0,43.332007841718664
11:49:27,2025-06-07,-1.065173,54.305021,34.59617947923659,185.04039587712273,10.8,241.0,40.64177399489819
11:49:28,2025-06-07,-1.065186,54.304935,32.08829509684304,182.50568931094372,10.8,241.0,37.73219394766301
11:49:29,2025-06-07,-1.065192,54.304855,31.31221122816049,183.4246920195452,10.8,241.0,37.103069862313035
11:49:30,2025-06-07,-1.0652,54.304777,29.74561890833183,184.50832532135647,10.8,241.0,35.70784689220353
11:49:31,2025-06-07,-1.06521,54.304703,30.51224954639218,183.5146052500835,10.8,241.0,36.31740700553285
11:49:32,2025-06-07,-1.065218,54.304627,30.656796557741625,186.569236981184,10.8,241.0,36.939008808241134
11:49:33,2025-06-07,-1.065233,54.304551,32.036994807618214,188.81642339554668,10.8,241.0,38.65883682730794
11:49:34,2025-06-07,-1.065254,54.304472,35.60496711846618,187.92686040333786,10.8,241.0,42.093553696068454
11:49:35,2025-06-07,-1.065275,54.304384,37.45496447928947,185.7323604140211,10.8,241.0,43.60819726101868
11:49:36,2025-06-07,-1.065291,54.304291,39.78792641656265,184.38137497454377,10.8,241.0,45.730187166150415
11:49:37,2025-06-07,-1.065304,54.304192,40.07457882141219,180.66859216038904,10.8,241.0,45.420389131231445
11:49:38,2025-06-07,-1.065306,54.304092,38.97127918004088,175.8713417231404,10.8,241.0,43.51356558220417
11:49:39,2025-06-07,-1.065294,54.303995,35.63811999421127,171.7007159338002,10.8,241.0,39.45577454522113
11:49:40,2025-06-07,-1.065272,54.303907,34.04380592716751,167.70581791125642,10.8,241.0,37.14834992199931
11:49:41,2025-06-07,-1.065241,54.303824,35.147427111040706,165.74885041556638,10.8,241.0,37.8969186004132
11:49:42,2025-06-07,-1.065204,54.303739,37.01393094676949,162.34544327877938,10.8,241.0,39.13854844228878
11:49:43,2025-06-07,-1.065156,54.303651,38.09255840142407,163.2291163937365,10.8,241.0,40.38023027054116
11:49:44,2025-06-07,-1.065109,54.30356,38.34479502577424,164.07105505076515,10.8,241.0,40.78731482654466
11:49:45,2025-06-07,-1.065064,54.303468,37.77041258020622,164.92756532953797,10.8,241.0,40.369918925242246
11:49:46,2025-06-07,-1.065022,54.303377,36.162362209166524,164.62480206217379,10.8,241.0,38.70644078665326
11:49:47,2025-06-07,-1.064981,54.30329,34.37135596693804,165.41974184723165,10.8,241.0,37.060810929418146
11:49:48,2025-06-07,-1.064944,54.303207,34.53734659189096,167.08909168954983,10.8,241.0,37.53036926986184
11:49:49,2025-06-07,-1.064911,54.303123,35.564354399175734,168.62362661453767,10.8,241.0,38.83419398751583
11:49:50,2025-06-07,-1.064881,54.303036,38.629239951774586,174.79064247057568,10.8,241.0,42.985915240143854
11:49:51,2025-06-07,-1.064866,54.30294,39.682185258786106,178.64945658844988,10.8,241.0,44.694042070555334
11:49:52,2025-06-07,-1.064862,54.302841,39.70501522498803,177.63744543026462,10.8,241.0,44.547123546910136
11:49:53,2025-06-07,-1.064855,54.302742,39.682184055407156,178.64945009508062,10.8,241.0,44.694039782978514
11:49:54,2025-06-07,-1.064851,54.302643,41.68524253362342,181.28564521021133,10.8,241.0,47.13180451195843
11:49:55,2025-06-07,-1.064855,54.302539,40.14029986815557,183.33946017214996,10.8,241.0,45.9175909867439
11:49:56,2025-06-07,-1.064865,54.302439,41.93745503611648,186.4025535537095,10.8,241.0,48.19408403954686
11:49:57,2025-06-07,-1.064885,54.302335,44.92382697002557,191.10437211773464,10.8,241.0,51.880992541873596
11:49:58,2025-06-07,-1.064922,54.302225,43.56876504900706,190.20183166790957,10.8,241.0,50.39494907261534
11:49:59,2025-06-07,-1.064955,54.302118,42.78029551526961,190.39198273550835,10.8,241.0,49.63421722127953
11:50:00,2025-06-07,-1.064988,54.302013,39.98007713641415,190.7875612503467,10.8,241.0,46.89146037270209
11:50:01,2025-06-07,-1.06502,54.301915,36.7891496653566,191.3643876646354,10.8,241.0,43.783731215807215
11:50:02,2025-06-07,-1.065051,54.301825,34.43546604395612,192.15279431266484,10.8,241.0,41.54261476471301
11:50:03,2025-06-07,-1.065082,54.301741,33.98382399874486,194.75088733301206,10.8,241.0,41.45228582168937
11:50:04,2025-06-07,-1.065119,54.301659,31.48200182008119,197.2866658523241,10.8,241.0,39.288310301539
11:50:05,2025-06-07,-1.065159,54.301584,28.66727370722219,198.06034887626157,10.8,241.0,36.57364737091766
11:50:06,2025-06-07,-1.065197,54.301516,26.998149516545325,198.1714074364272,10.8,241.0,34.918769169288986
11:50:07,2025-06-07,-1.065233,54.301452,26.09680239070661,200.45909444222508,10.8,241.0,34.30417714710352
11:50:08,2025-06-07,-1.065272,54.301391,25.2563935539668,197.79337403935415,10.8,241.0,33.12839970267593
11:50:09,2025-06-07,-1.065305,54.301331,22.852582910680955,201.62116375135764,10.8,241.0,31.200637048457477
11:50:10,2025-06-07,-1.065341,54.301278,22.56967006298248,202.5482100831094,10.8,241.0,31.027492195424777
11:50:11,2025-06-07,-1.065378,54.301226,21.65002005436336,202.2184053291686,10.8,241.0,30.06904353221244
11:50:12,2025-06-07,-1.065413,54.301176,21.393530519768902,200.4784574941564,10.8,241.0,29.603277175778395
11:50:13,2025-06-07,-1.065445,54.301126,20.936234636853058,200.2626084222428,10.8,241.0,29.11948763954169
11:50:14,2025-06-07,-1.065476,54.301077,20.731159632002196,201.85940257134328,10.8,241.0,29.107632519151956
11:50:15,2025-06-07,-1.065509,54.301029,18.610162158976173,202.151831108932,10.8,241.0,27.02131988066224
11:50:16,2025-06-07,-1.065539,54.300986,18.896230523516756,201.0366402167003,10.8,241.0,27.173948241502316
11:50:17,2025-06-07,-1.065568,54.300942,19.813189448065085,201.46710968540705,10.8,241.0,28.142790095503187
11:50:18,2025-06-07,-1.065599,54.300896,17.136797314269767,204.1738122520308,10.8,241.0,25.781738272586452
11:50:19,2025-06-07,-1.065629,54.300857,17.32003707030897,202.2185798205573,10.8,241.0,25.739081149416887
11:50:20,2025-06-07,-1.065657,54.300817,16.45660593186038,198.22004007586995,10.8,241.0,24.38345454968307
11:50:21,2025-06-07,-1.065679,54.300778,14.280170813571747,202.13173329636376,10.8,241.0,22.68895174302321
11:50:22,2025-06-07,-1.065702,54.300745,13.27238759652265,205.02433776188096,10.8,241.0,22.012466847567822
11:50:23,2025-06-07,-1.065726,54.300715,11.953200406044068,209.2962593507824,10.8,241.0,21.14158986040487
11:50:24,2025-06-07,-1.065751,54.300689,12.348126458551768,204.63095102064526,10.8,241.0,21.04444028437954
11:50:25,2025-06-07,-1.065773,54.300661,12.713341001153315,203.87799824533886,10.8,241.0,21.32474515332912
11:50:26,2025-06-07,-1.065795,54.300632,11.489051450900584,209.25717215015246,10.8,241.0,20.673566807212286
11:50:27,2025-06-07,-1.065819,54.300607,14.830886556388675,203.22264603666517,10.8,241.0,23.367176325863525
11:50:28,2025-06-07,-1.065844,54.300573,12.903063771176503,201.25714816622997,10.8,241.0,21.207417071517252
11:50:29,2025-06-07,-1.065864,54.300543,11.98698396172214,200.56252292087152,10.8,241.0,20.207017434587623
11:50:30,2025-06-07,-1.065882,54.300515,14.195041540033422,196.2655134839685,10.8,241.0,21.867102011523375
11:50:31,2025-06-07,-1.065899,54.300481,14.4861467586521,199.8201067921413,10.8,241.0,22.61472373438348
11:50:32,2025-06-07,-1.06592,54.300447,13.734748669010465,205.20134880390734,10.8,241.0,22.494386633382014
11:50:33,2025-06-07,-1.065945,54.300416,14.567445832163173,200.68563423333586,10.8,241.0,22.80251210279774
11:50:34,2025-06-07,-1.065967,54.300382,14.580088299231825,195.82442283688414,10.8,241.0,22.19340365259398
11:50:35,2025-06-07,-1.065984,54.300347,13.953340669345879,198.57109878827862,10.8,241.0,21.924983902761845
11:50:36,2025-06-07,-1.066003,54.300314,13.735091220760182,200.95415755155108,10.8,241.0,22.00281416821508
11:50:37,2025-06-07,-1.066024,54.300282,14.408211387933541,198.9451670648188,10.8,241.0,22.42725585218789
11:50:38,2025-06-07,-1.066044,54.300248,14.195048197887402,196.26561338963313,10.8,241.0,21.8671219235903
11:50:39,2025-06-07,-1.066061,54.300214,14.459031318122383,194.04098934551627,10.8,241.0,21.830262386607917
11:50:40,2025-06-07,-1.066076,54.300179,14.131056437674754,195.35529747953356,10.8,241.0,21.681397907275187
11:50:41,2025-06-07,-1.066092,54.300145,13.74511736550155,195.79771011748852,10.8,241.0,21.35486055310888
11:50:42,2025-06-07,-1.066108,54.300112,12.975926602119106,196.7613546287186,10.8,241.0,20.713480918074776
11:50:43,2025-06-07,-1.066124,54.300081,13.722837812143307,186.85072042676384,10.8,241.0,20.04813246226925
11:50:44,2025-06-07,-1.066131,54.300047,12.431101912119358,177.8439578814074,10.8,241.0,17.307973763709573
11:50:45,2025-06-07,-1.066129,54.300016,14.149908537585203,172.4026782719991,10.8,241.0,18.091047840558335
11:50:46,2025-06-07,-1.066121,54.299981,13.472666732812241,168.99261993193318,10.8,241.0,16.808727220094998
11:50:47,2025-06-07,-1.06611,54.299948,13.427721530771004,162.77620247368372,10.8,241.0,15.63188776740335
11:50:48,2025-06-07,-1.066093,54.299916,15.41507939942129,164.15151078857002,10.8,241.0,17.872369402344933
11:50:49,2025-06-07,-1.066075,54.299879,14.333689798243409,161.93896642479058,10.8,241.0,16.383132594497955
11:50:50,2025-06-07,-1.066056,54.299845,13.361774990446083,158.4309185347995,10.8,241.0,14.758546696661547
11:50:51,2025-06-07,-1.066035,54.299814,13.926781734158492,149.73454306952044,10.8,241.0,13.688268114988402
11:50:52,2025-06-07,-1.066005,54.299784,14.886334223245706,146.62147347727375,10.8,241.0,14.06180450323717
11:50:53,2025-06-07,-1.06597,54.299753,15.537560439793312,140.75243544193552,10.8,241.0,13.616221893964639
11:50:54,2025-06-07,-1.065928,54.299723,15.081722832260665,138.13459276587884,10.8,241.0,12.676978029434906
11:50:55,2025-06-07,-1.065885,54.299695,16.914543053348552,141.48916396598065,10.8,241.0,15.13001440991793
11:50:56,2025-06-07,-1.06584,54.299662,17.058440321481378,138.80369407154615,10.8,241.0,14.776813114912194
11:50:57,2025-06-07,-1.065792,54.29963,19.50396441497774,141.39129734018593,10.8,241.0,17.70124453077703
11:50:58,2025-06-07,-1.06574,54.299592,19.493774354505096,139.58015155006387,10.8,241.0,17.355407674239125
11:50:59,2025-06-07,-1.065686,54.299555,21.474246336842317,139.97846778068038,10.8,241.0,19.40952517492823
11:51:00,2025-06-07,-1.065627,54.299514,22.082910991893282,139.71754623453018,10.8,241.0,19.96993600571366
11:51:01,2025-06-07,-1.065566,54.299472,22.389248530119616,138.80355349495312,10.8,241.0,20.107595423567872
11:51:02,2025-06-07,-1.065503,54.29943,22.540214752290485,139.9228157340308,10.8,241.0,20.4651978891208
11:51:03,2025-06-07,-1.065441,54.299387,23.15864677150801,141.2006053700178,10.8,241.0,21.320496625079215
11:51:04,2025-06-07,-1.065379,54.299342,21.779093621275283,139.03514077094314,10.8,241.0,19.540126913981048
11:51:05,2025-06-07,-1.065318,54.299301,22.082958311650835,139.717400032451,10.8,241.0,19.96995629961282
11:51:06,2025-06-07,-1.065257,54.299259,21.342962329454274,142.1145860966866,10.8,241.0,19.67480652266681
11:51:07,2025-06-07,-1.065201,54.299217,20.779595005223378,144.15210465597346,10.8,241.0,19.491868043501395
11:51:08,2025-06-07,-1.065149,54.299175,20.838294033023935,145.8411162878652,10.8,241.0,19.86718075904543
11:51:09,2025-06-07,-1.065099,54.299132,21.25392133219202,148.09947497130804,10.8,241.0,20.70741874054912
11:51:10,2025-06-07,-1.065051,54.299087,20.08115973482039,149.15748012802658,10.8,241.0,19.733912778703715
11:51:11,2025-06-07,-1.065007,54.299044,21.860527976812836,153.97461447844626,10.8,241.0,22.420977748589515
11:51:12,2025-06-07,-1.064966,54.298995,20.21676091570264,153.17205487880915,10.8,241.0,20.62608555610904
11:51:13,2025-06-07,-1.064927,54.29895,19.290063890421177,153.3373884710162,10.8,241.0,19.730529040195055
11:51:14,2025-06-07,-1.06489,54.298907,20.371063571537526,154.85543069776986,10.8,241.0,21.097246828418573
11:51:15,2025-06-07,-1.064853,54.298861,20.081822085360287,156.66823018870173,10.8,241.0,21.148516359215648
11:51:16,2025-06-07,-1.064819,54.298815,19.71464923065329,156.206788826727,10.8,241.0,20.694755487019965
11:51:17,2025-06-07,-1.064785,54.29877,18.3635554072013,153.51933299767643,10.8,241.0,18.83828547961229
11:51:18,2025-06-07,-1.06475,54.298729,19.29008420575715,153.33726514456816,10.8,241.0,19.73052612838343
11:51:19,2025-06-07,-1.064713,54.298686,20.43301393726094,152.00093438530553,10.8,241.0,20.621676027414154
11:51:20,2025-06-07,-1.064672,54.298641,19.0415030696451,152.1666674795456,10.8,241.0,19.261399512354654
11:51:21,2025-06-07,-1.064634,54.298599,19.396594211761585,152.71958226941865,10.8,241.0,19.72067917528951
11:51:22,2025-06-07,-1.064596,54.298556,19.908765745682246,154.97448572072915,10.8,241.0,20.65733797452395
11:51:23,2025-06-07,-1.06456,54.298511,18.260079947474132,154.17625522736273,10.8,241.0,18.85848334436361
11:51:24,2025-06-07,-1.064526,54.29847,16.77233340421963,155.26409694721156,10.8,241.0,17.57535497918491
11:51:25,2025-06-07,-1.064496,54.298432,16.48991965032616,157.47926587364907,10.8,241.0,17.708631111366685
11:51:26,2025-06-07,-1.064469,54.298394,16.77409473263162,158.7418226693561,10.8,241.0,18.22895745346663
11:51:27,2025-06-07,-1.064443,54.298355,16.58128475916353,156.73252014373077,10.8,241.0,17.660037477092466
11:51:28,2025-06-07,-1.064415,54.298317,16.860662292547346,158.00094710679252,10.8,241.0,18.17702839586616
11:51:29,2025-06-07,-1.064388,54.298278,17.821012178664954,160.84477399800596,10.8,241.0,19.667590754362212
11:51:30,2025-06-07,-1.064363,54.298236,19.272236275402093,163.06609707406858,10.8,241.0,21.529867785177665
11:51:31,2025-06-07,-1.064339,54.29819,17.409357371956155,165.21160022113554,10.8,241.0,20.060796864806164
11:51:32,2025-06-07,-1.06432,54.298148,18.722814978996556,169.92884906301538,10.8,241.0,22.22626738861366
11:51:33,2025-06-07,-1.064306,54.298102,18.287926274541775,170.43068411108152,10.8,241.0,21.880721413023174
11:51:34,2025-06-07,-1.064293,54.298057,18.9790276548512,172.92216740323374,10.8,241.0,23.011172329037223
11:51:35,2025-06-07,-1.064283,54.29801,19.30431021340696,175.13562266281508,10.8,241.0,23.72040775299031
11:51:36,2025-06-07,-1.064276,54.297962,16.870906767042158,176.02589281770145,10.8,241.0,21.439606926950983
11:51:37,2025-06-07,-1.064271,54.29792,18.4464326800899,177.82043183940687,10.8,241.0,23.319347435424273
11:51:38,2025-06-07,-1.064268,54.297874,18.839576915283896,178.57747477757107,10.8,241.0,23.83941097232633
11:51:39,2025-06-07,-1.064266,54.297827,18.033831184397066,179.25701387666027,10.8,241.0,23.146848163770866
11:51:40,2025-06-07,-1.064265,54.297782,16.83668104096057,178.40820567015146,10.8,241.0,21.808211878457637
11:51:41,2025-06-07,-1.064263,54.29774,18.033830930360114,179.25701230704567,10.8,241.0,23.146847649125984
11:51:42,2025-06-07,-1.064262,54.297695,16.831785751553625,180.79605245265006,10.8,241.0,22.198458817851616
11:51:43,2025-06-07,-1.064263,54.297653,18.438985105142432,181.4534443227413,10.8,241.0,23.912836356632333
11:51:44,2025-06-07,-1.064265,54.297607,16.43110737360203,180.8154674985737,10.8,241.0,21.8009559748169
11:51:45,2025-06-07,-1.064266,54.297566,15.62975711376238,179.142718932688,10.8,241.0,20.723787192204508
11:51:46,2025-06-07,-1.064265,54.297527,16.43110716554293,179.1845309175594,10.8,241.0,21.532085488535483
11:51:47,2025-06-07,-1.064264,54.297486,17.232465160105214,180.77754587004168,10.8,241.0,22.59611070656422
11:51:48,2025-06-07,-1.064265,54.297443,16.831785066231937,180.79605732405963,10.8,241.0,22.198458929377495
11:51:49,2025-06-07,-1.064266,54.297401,16.431106826328634,179.18452842241106,10.8,241.0,21.532084734762687
11:51:50,2025-06-07,-1.064265,54.29736,15.627999034904342,180.0,10.8,241.0,20.863942933564783
11:51:51,2025-06-07,-1.064265,54.297321,16.436121103485025,181.63061607813526,10.8,241.0,21.93873494621262
11:51:52,2025-06-07,-1.064267,54.29728,15.227280912800373,180.0,10.8,241.0,20.46322481146081
11:51:53,2025-06-07,-1.064267,54.297242,15.229084632800479,179.12015550440265,10.8,241.0,20.319364031892825
11:51:54,2025-06-07,-1.064266,54.297204,14.042742861621035,177.13637985306525,10.8,241.0,18.80024310876783
11:51:55,2025-06-07,-1.064263,54.297169,14.833971606445763,178.19320576085045,10.8,241.0,19.769490122736816
11:51:56,2025-06-07,-1.064261,54.297132,14.027085233156459,179.044751203077,10.8,241.0,19.104824582742708
11:51:57,2025-06-07,-1.06426,54.297097,13.624408820791867,180.0,10.8,241.0,18.860352719452308
11:51:58,2025-06-07,-1.06426,54.297063,13.632471033730921,178.0338978777571,10.8,241.0,18.541260747255002
11:51:59,2025-06-07,-1.064258,54.297029,14.032958649689599,178.0900283851238,10.8,241.0,18.951170324763133
11:52:00,2025-06-07,-1.064256,54.296994,13.231997159180217,177.97436458680863,10.8,241.0,18.130788578280633
11:52:01,2025-06-07,-1.064254,54.296961,12.876416059197476,174.7898860700061,10.8,241.0,17.23296088453669
11:52:02,2025-06-07,-1.064249,54.296929,13.674720062126445,175.09481766650765,10.8,241.0,18.08379731701737
11:52:03,2025-06-07,-1.064244,54.296895,13.256885295026079,175.95377055875485,10.8,241.0,17.813263430694715
11:52:04,2025-06-07,-1.06424,54.296862,12.825114532489245,178.95520885485644,10.8,241.0,17.88795119556926
11:52:05,2025-06-07,-1.064239,54.29683,13.642541866569568,177.05227549603626,10.8,241.0,18.38580472598423
11:52:06,2025-06-07,-1.064236,54.296796,14.056428499540138,176.18427070791085,10.8,241.0,18.652161951921777
11:52:07,2025-06-07,-1.064232,54.296761,15.272312150815516,175.6089970901246,10.8,241.0,19.76968663579704
11:52:08,2025-06-07,-1.064227,54.296723,14.856175640512065,176.38995883229882,10.8,241.0,19.486965253406183
11:52:09,2025-06-07,-1.064223,54.296686,14.43345841143169,178.14302997409857,10.8,241.0,19.360562500997368
11:52:10,2025-06-07,-1.064221,54.29665,14.856175568742284,176.38995244817215,10.8,241.0,19.486964094490734
11:52:11,2025-06-07,-1.064217,54.296613,14.074005558447219,175.23427428610773,10.8,241.0,18.507066329750117
11:52:12,2025-06-07,-1.064212,54.296578,15.256115529574583,176.48470605264038,10.8,241.0,19.903033199484195
11:52:13,2025-06-07,-1.064208,54.29654,15.629754529886654,179.14269757403656,10.8,241.0,20.723781058290847
11:52:14,2025-06-07,-1.064207,54.296501,16.831782494951494,179.20392446616347,10.8,241.0,21.93598268289724
11:52:15,2025-06-07,-1.064206,54.296459,16.444473463061513,177.55484957010515,10.8,241.0,21.272660272335735
11:52:16,2025-06-07,-1.064203,54.296418,15.656095154399102,176.5746110030999,10.8,241.0,20.318304871652337
11:52:17,2025-06-07,-1.064199,54.296379,16.909938237405736,174.44457132517869,10.8,241.0,21.20684467028166
11:52:18,2025-06-07,-1.064192,54.296337,16.48951432576399,175.1185588183754,10.8,241.0,20.902676393067654
11:52:19,2025-06-07,-1.064186,54.296296,15.292084742270925,174.73526403199116,10.8,241.0,19.63920642068424
11:52:20,2025-06-07,-1.06418,54.296258,15.769731463761147,172.32980009166772,10.8,241.0,19.69807770394026
11:52:21,2025-06-07,-1.064171,54.296219,15.406623402288147,171.26886272410434,10.8,241.0,19.14802319266008
11:52:22,2025-06-07,-1.064161,54.296181,15.879096144309889,169.82000476874737,10.8,241.0,19.36313507514813
11:52:23,2025-06-07,-1.064149,54.296142,16.40979299002482,167.65551724649106,10.8,241.0,19.505254518401653
11:52:24,2025-06-07,-1.064134,54.296102,13.866228145277864,169.30781059682295,10.8,241.0,17.258744442039642
11:52:25,2025-06-07,-1.064123,54.296068,14.794367992210853,167.21306890059668,10.8,241.0,17.80983747504318
11:52:26,2025-06-07,-1.064109,54.296032,15.68231056130114,166.19449294274796,10.8,241.0,18.512951936539917
11:52:27,2025-06-07,-1.064093,54.295994,15.293520798623542,165.83618994197025,10.8,241.0,18.058929757901
11:52:28,2025-06-07,-1.064077,54.295957,15.415180743356478,164.15006340587024,10.8,241.0,17.872205075997073
11:52:29,2025-06-07,-1.064059,54.29592,16.63590776049773,164.5061038144927,10.8,241.0,19.158236428193934
11:52:30,2025-06-07,-1.06404,54.29588,14.19515704624469,163.73275220741812,10.8,241.0,16.575518269597996
11:52:31,2025-06-07,-1.064023,54.295846,15.865176517479341,163.7327379279044,10.8,241.0,18.24553511539817
11:52:32,2025-06-07,-1.064004,54.295808,16.127998255901293,165.72725522126302,10.8,241.0,18.87355307379471
11:52:33,2025-06-07,-1.063987,54.295769,15.80098268936309,164.5469160659993,10.8,241.0,18.330790897126022
11:52:34,2025-06-07,-1.063969,54.295731,15.185369107271239,167.5476404529179,10.8,241.0,18.261343983213344
11:52:35,2025-06-07,-1.063955,54.295694,14.182890231498455,171.46535251006026,10.8,241.0,17.959011947413938
11:52:36,2025-06-07,-1.063946,54.295659,15.292085131171643,174.73518304638048,10.8,241.0,19.63919283537838
11:52:37,2025-06-07,-1.06394,54.295621,15.049080795230246,170.15695223865328,10.8,241.0,18.593176613892354
11:52:38,2025-06-07,-1.063929,54.295584,14.744154974430154,168.09928943897933,10.8,241.0,17.919662470075252
11:52:39,2025-06-07,-1.063916,54.295548,17.193483403947578,168.22638495682452,10.8,241.0,20.391881032113368
11:52:40,2025-06-07,-1.063901,54.295506,15.627922772904187,167.02707146320722,10.8,241.0,18.609711058078872
11:52:41,2025-06-07,-1.063886,54.295468,15.091008801434512,169.28198573725194,10.8,241.0,18.478903281074306
11:52:42,2025-06-07,-1.063874,54.295431,16.01862245303612,167.3488477607375,10.8,241.0,19.05865929644465
11:52:43,2025-06-07,-1.063859,54.295392,15.74002407552584,165.36744209960523,10.8,241.0,18.419930209711545
11:52:44,2025-06-07,-1.063842,54.295354,14.333831725795195,161.93711038813296,10.8,241.0,16.38293102320695
11:52:45,2025-06-07,-1.063823,54.29532,14.646007509954174,163.29332926484926,10.8,241.0,16.945507125166237
11:52:46,2025-06-07,-1.063805,54.295285,14.262745398999023,162.83046041700675,10.8,241.0,16.476922763727238
11:52:47,2025-06-07,-1.063787,54.295251,14.646009391479227,163.2933028262338,10.8,241.0,16.94550413740066
11:52:48,2025-06-07,-1.063769,54.295216,15.237749695153598,166.68868739699792,10.8,241.0,18.158181634516215
11:52:49,2025-06-07,-1.063754,54.295179,13.570235398441964,167.0522975986337,10.8,241.0,16.556593587993238
11:52:50,2025-06-07,-1.063741,54.295146,11.07312054758367,160.24450996196492,10.8,241.0,12.808118857128859
11:52:51,2025-06-07,-1.063725,54.29512,10.041048672665367,156.66634974936142,10.8,241.0,11.107390224590432
11:52:52,2025-06-07,-1.063708,54.295097,9.674544539256722,155.72595027736224,10.8,241.0,10.564355405309358
11:52:53,2025-06-07,-1.063691,54.295075,8.0383851511048,161.3309059142241,10.8,241.0,9.975180540966443
11:52:54,2025-06-07,-1.06368,54.295056,10.3444367446913,165.5982388097458,10.8,241.0,13.066464555686924
11:52:55,2025-06-07,-1.063669,54.295031,11.07312389898253,160.24445905830612,10.8,241.0,12.808112738036998
11:52:56,2025-06-07,-1.063653,54.295005,11.791371235447432,156.62090621264565,10.8,241.0,12.84918840332594
11:52:57,2025-06-07,-1.063633,54.294978,11.330630927600133,156.90241785283456,10.8,241.0,12.441243664220877
11:52:58,2025-06-07,-1.063614,54.294952,11.450964353679312,160.92231997312956,10.8,241.0,13.31194306323868
11:52:59,2025-06-07,-1.063598,54.294925,11.179037965022903,165.45885923035723,10.8,241.0,13.87563347032593
11:53:00,2025-06-07,-1.063586,54.294898,11.612958565522787,158.7401849440247,10.8,241.0,13.067515395606664
11:53:01,2025-06-07,-1.063568,54.294871,13.196480371793745,160.31791419616968,10.8,241.0,14.945133915859035
11:53:02,2025-06-07,-1.063549,54.29484,12.90328963466473,158.74015615270332,10.8,241.0,14.357841087158018
11:53:03,2025-06-07,-1.063529,54.29481,11.240570206015548,157.99925899033167,10.8,241.0,12.556620478780667
11:53:04,2025-06-07,-1.063511,54.294784,11.985490311156063,154.56710819617604,10.8,241.0,12.65744008591748
11:53:05,2025-06-07,-1.063489,54.294757,12.088196942845073,153.56553321549472,10.8,241.0,12.571626978607352
11:53:06,2025-06-07,-1.063466,54.29473,11.886523344571993,155.58557089840997,10.8,241.0,12.74996063918899
11:53:07,2025-06-07,-1.063445,54.294703,11.330642148961415,156.90227978016424,10.8,241.0,12.44122899747158
11:53:08,2025-06-07,-1.063426,54.294677,11.376356238344135,162.0356623619349,10.8,241.0,13.443691679972089
11:53:09,2025-06-07,-1.063411,54.29465,12.97605921056068,163.23654652351786,10.8,241.0,15.2650998262348
11:53:10,2025-06-07,-1.063395,54.294619,13.196489054303704,160.3178030019991,10.8,241.0,14.9451219153174
11:53:11,2025-06-07,-1.063376,54.294588,13.01475324723669,153.29214947231594,10.8,241.0,13.446698005044253
11:53:12,2025-06-07,-1.063351,54.294559,12.55144586419586,153.42373540084532,10.8,241.0,13.008172978718891
11:53:13,2025-06-07,-1.063327,54.294531,12.66476657811218,161.7000438558946,10.8,241.0,14.669974147183428
11:53:14,2025-06-07,-1.06331,54.294501,12.247927604604499,168.99119146092232,10.8,241.0,15.583731998237155
11:53:15,2025-06-07,-1.0633,54.294471,10.586074888113565,169.81959405737462,10.8,241.0,14.070040540576404
11:53:16,2025-06-07,-1.063292,54.294445,9.570390621004874,164.40437312399467,10.8,241.0,12.074069844666488
11:53:17,2025-06-07,-1.063281,54.294422,9.636188189913213,163.06462760546128,10.8,241.0,11.893548830114232
11:53:18,2025-06-07,-1.063269,54.294399,9.253662484367007,162.3417146244359,10.8,241.0,11.37759087474008
11:53:19,2025-06-07,-1.063257,54.294377,8.967188676114297,169.48013639865962,10.8,241.0,12.390528045381025
11:53:20,2025-06-07,-1.06325,54.294355,8.967188802638471,169.4801309066031,10.8,241.0,12.39052719005991
11:53:21,2025-06-07,-1.063243,54.294333,10.98068572130291,170.18915024900434,10.8,241.0,14.530514070076505
11:53:22,2025-06-07,-1.063235,54.294306,10.732981760814578,166.1301222049542,10.8,241.0,13.551911923946843
11:53:23,2025-06-07,-1.063224,54.29428,12.075290786590301,164.26487644662302,10.8,241.0,14.553384420813362
11:53:24,2025-06-07,-1.06321,54.294251,13.07963706002356,168.65588919927904,10.8,241.0,16.355272060758978
11:53:25,2025-06-07,-1.063199,54.294219,11.240319224798313,164.3044283852431,10.8,241.0,13.725668721535795
11:53:26,2025-06-07,-1.063186,54.294192,12.013706863870688,165.33863330146596,10.8,241.0,14.688352166275036
11:53:27,2025-06-07,-1.063173,54.294163,11.626538914908428,164.83871971024655,10.8,241.0,14.209787485134546
11:53:28,2025-06-07,-1.06316,54.294135,11.791409080851153,156.62046529977283,10.8,241.0,12.849143538195912
11:53:29,2025-06-07,-1.06314,54.294108,11.523006745644125,154.76130108967027,10.8,241.0,12.231486171860112
11:53:30,2025-06-07,-1.063119,54.294082,10.236188100322828,154.2601044890323,10.8,241.0,10.850371784479904
11:53:31,2025-06-07,-1.0631,54.294059,10.322656228500746,158.7397919820396,10.8,241.0,11.777139661828755
11:53:32,2025-06-07,-1.063084,54.294035,12.401738679211133,165.8072275837951,10.8,241.0,15.161870011678026
11:53:33,2025-06-07,-1.063071,54.294005,11.306122884867099,163.1630727258771,10.8,241.0,13.581626785393933
11:53:34,2025-06-07,-1.063057,54.293978,14.049563248420254,152.20417704682268,10.8,241.0,14.276528564655553
11:53:35,2025-06-07,-1.063029,54.293947,12.82001868952214,159.71413888259383,10.8,241.0,14.4562699498736
11:53:36,2025-06-07,-1.06301,54.293917,12.976077007236805,163.2362648688694,10.8,241.0,15.265065738404576
11:53:37,2025-06-07,-1.062994,54.293886,12.820020863855065,159.71411128243335,10.8,241.0,14.456266981753641
11:53:38,2025-06-07,-1.062975,54.293856,10.923279219980623,162.55406927480794,10.8,241.0,13.0864391658858
11:53:39,2025-06-07,-1.062961,54.29383,11.376377083660193,162.03531660155795,10.8,241.0,13.443648556143053
11:53:40,2025-06-07,-1.062946,54.293803,12.304499539555428,151.61331602927623,10.8,241.0,12.42010467969332
11:53:41,2025-06-07,-1.062921,54.293776,12.654537248240231,148.81575331069843,10.8,241.0,12.242916166120352
11:53:42,2025-06-07,-1.062893,54.293749,11.840520951758933,151.68707272349081,10.8,241.0,11.970028005081485
11:53:43,2025-06-07,-1.062869,54.293723,12.088255517770294,153.56495972696507,10.8,241.0,12.571577561818357
11:53:44,2025-06-07,-1.062846,54.293696,13.735144959694413,154.79503177271408,10.8,241.0,14.449968651444419
11:53:45,2025-06-07,-1.062821,54.293665,11.529903274816862,159.82305222083926,10.8,241.0,13.186444263575366
11:53:46,2025-06-07,-1.062804,54.293638,12.525187824102149,163.73191491360296,10.8,241.0,14.905395102183913
11:53:47,2025-06-07,-1.062789,54.293608,11.240330394098413,164.30420698522437,10.8,241.0,13.725639277963118
11:53:48,2025-06-07,-1.062776,54.293581,12.401746032952023,165.80707743580092,10.8,241.0,15.161850003063606
11:53:49,2025-06-07,-1.062763,54.293551,11.613006327199598,158.73955161932088,10.8,241.0,13.06744486596348
11:53:50,2025-06-07,-1.062745,54.293524,11.154744094224135,159.11282315540166,10.8,241.0,12.67887035497192
11:53:51,2025-06-07,-1.062728,54.293498,11.700214652393617,157.67178652225607,10.8,241.0,12.954976664523118
11:53:52,2025-06-07,-1.062709,54.293471,12.088269782019907,153.5648199555087,10.8,241.0,12.571565506163386
11:53:53,2025-06-07,-1.062686,54.293444,11.985560167982953,154.56638510924722,10.8,241.0,12.657373908079526
11:53:54,2025-06-07,-1.062664,54.293417,11.154747609209432,159.11277356908317,10.8,241.0,12.678864616697679
11:53:55,2025-06-07,-1.062647,54.293391,11.375728019900762,170.53286847514823,10.8,241.0,14.98668169953102
11:53:56,2025-06-07,-1.062639,54.293363,11.73608647672857,171.98108045373,10.8,241.0,15.603130739250146
11:53:57,2025-06-07,-1.062632,54.293334,10.630110614950288,168.5783917025003,10.8,241.0,13.891822792389753
11:53:58,2025-06-07,-1.062623,54.293308,9.454881509210889,167.13545190063928,10.8,241.0,12.45629962266318
11:53:59,2025-06-07,-1.062614,54.293285,9.864447893444769,159.16154117960286,10.8,241.0,11.397664829472374
11:54:00,2025-06-07,-1.062599,54.293262,10.020156819456684,163.73177657106316,10.8,241.0,12.400338661758985
11:54:01,2025-06-07,-1.062587,54.293238,10.617086443862641,160.7006412653909,10.8,241.0,12.436890890626287
11:54:02,2025-06-07,-1.062572,54.293213,8.116650353764431,159.7654437258832,10.8,241.0,9.762460058143358
11:54:03,2025-06-07,-1.06256,54.293194,8.287380641317561,165.28434831389518,10.8,241.0,10.952111017962133
11:54:04,2025-06-07,-1.062551,54.293174,9.327615997466173,160.97185501507136,10.8,241.0,11.19779148351886
11:54:05,2025-06-07,-1.062538,54.293152,7.515119022527907,163.73173776435442,10.8,241.0,9.89529372979256
11:54:06,2025-06-07,-1.062529,54.293134,7.098832333672399,154.62938778369437,10.8,241.0,7.782498390993606
11:54:07,2025-06-07,-1.062516,54.293118,8.045146927430418,174.99674807432507,10.8,241.0,12.437342686373093
11:54:08,2025-06-07,-1.062513,54.293098,9.32320392320154,171.34298765065762,10.8,241.0,13.077707601338648
11:54:09,2025-06-07,-1.062507,54.293075,9.213050340497588,156.02634444890123,10.8,241.0,10.159279177713463
11:54:10,2025-06-07,-1.062491,54.293054,6.910565225878011,158.1367559586996,10.8,241.0,8.252336107609906
11:54:11,2025-06-07,-1.06248,54.293038,7.788448747362271,167.86473311258658,10.8,241.0,10.921671280464745
11:54:12,2025-06-07,-1.062473,54.293019,6.563936659808674,167.654616874382,10.8,241.0,9.659235592048281
11:54:13,2025-06-07,-1.062467,54.293003,8.017780096831885,181.67153295646273,10.8,241.0,13.527029038895982
11:54:14,2025-06-07,-1.062468,54.292983,8.86551187126482,173.94263893050254,10.8,241.0,13.075453164899422
11:54:15,2025-06-07,-1.062464,54.292961,7.788449294561907,167.86471109903016,10.8,241.0,10.921667856664996
11:54:16,2025-06-07,-1.062457,54.292942,9.454885129817868,167.1353413697591,10.8,241.0,12.456283229413174
11:54:17,2025-06-07,-1.062448,54.292919,8.493675900685988,160.70050512120702,10.8,241.0,10.313455051804597
11:54:18,2025-06-07,-1.062436,54.292899,10.585905393949773,146.4464762024324,10.8,241.0,9.728489634143127
11:54:19,2025-06-07,-1.062411,54.292877,9.707234623852328,161.74305755763658,10.8,241.0,11.720408544158976
11:54:20,2025-06-07,-1.062398,54.292854,9.327623266632665,160.9717177949342,10.8,241.0,11.197773278043599
11:54:21,2025-06-07,-1.062385,54.292832,7.2117729329618,146.51687316442315,10.8,241.0,6.367585447891663
11:54:22,2025-06-07,-1.062368,54.292817,6.636415387503285,154.97144245497805,10.8,241.0,7.384415352810621
11:54:23,2025-06-07,-1.062356,54.292802,7.924410120497032,155.58456647428034,10.8,241.0,8.787658691528764
11:54:24,2025-06-07,-1.062342,54.292784,10.697019101233604,159.5177271920703,10.8,241.0,12.296665458497321
11:54:25,2025-06-07,-1.062326,54.292759,10.662293286275357,138.79894514076761,10.8,241.0,8.379791139202657
11:54:26,2025-06-07,-1.062296,54.292739,12.569930162754353,146.04225447100015,10.8,241.0,11.636582868078317
11:54:27,2025-06-07,-1.062266,54.292713,12.196700820427964,142.11018735269772,10.8,241.0,10.527725825221234
11:54:28,2025-06-07,-1.062234,54.292689,11.330724358765238,156.90126861689146,10.8,241.0,12.44112161773755
11:54:29,2025-06-07,-1.062215,54.292663,9.509939682842283,165.76123465453293,10.8,241.0,12.261688566839235
11:54:30,2025-06-07,-1.062205,54.29264,10.020167761813202,163.731543855597,10.8,241.0,12.400306816816578
11:54:31,2025-06-07,-1.062193,54.292616,11.840592599314554,151.6864145240986,10.8,241.0,11.96997559388644
11:54:32,2025-06-07,-1.062169,54.29259,9.864467997075439,159.16121970591485,10.8,241.0,11.397624950451718
11:54:33,2025-06-07,-1.062154,54.292567,11.424906235839691,155.82186506890287,10.8,241.0,12.33273389174413
11:54:34,2025-06-07,-1.062134,54.292541,10.54179125328733,161.9004086170669,10.8,241.0,12.584097670443652
11:54:35,2025-06-07,-1.06212,54.292516,11.903454038149523,167.51698816540465,10.8,241.0,14.97388995262878
11:54:36,2025-06-07,-1.062109,54.292487,9.327631613960083,160.97156041861854,10.8,241.0,11.197752408762163
11:54:37,2025-06-07,-1.062096,54.292465,9.783365397196393,160.44169476891398,10.8,241.0,11.55503906732525
11:54:38,2025-06-07,-1.062082,54.292442,9.950441085674209,157.90203718606745,10.8,241.0,11.248300163610674
11:54:39,2025-06-07,-1.062066,54.292419,9.864472946199992,159.1611406147715,10.8,241.0,11.397615142229
11:54:40,2025-06-07,-1.062051,54.292396,10.502140443387336,156.3592249516537,10.8,241.0,11.510858165323878
11:54:41,2025-06-07,-1.062033,54.292372,11.330737290237455,156.9011094590603,10.8,241.0,12.441104707647755
11:54:42,2025-06-07,-1.062014,54.292346,11.567341106263699,165.95643601018264,10.8,241.0,14.354654171653408
11:54:43,2025-06-07,-1.062002,54.292318,12.075329524658022,164.26416389846167,10.8,241.0,14.55329243001208
11:54:44,2025-06-07,-1.061988,54.292289,9.864476705773704,159.1610804752629,10.8,241.0,11.397607680574515
11:54:45,2025-06-07,-1.061973,54.292266,10.585954377351225,146.4460705376506,10.8,241.0,9.72846239291311
11:54:46,2025-06-07,-1.061948,54.292244,9.994121432672454,147.41176693831767,10.8,241.0,9.318197474912688
11:54:47,2025-06-07,-1.061925,54.292223,12.342311373187503,141.25221337140943,10.8,241.0,10.513747917497772
11:54:48,2025-06-07,-1.061892,54.292199,9.960625658170589,133.21571067639707,10.8,241.0,6.661936117714154
11:54:49,2025-06-07,-1.061861,54.292182,12.904065742111793,147.0364801525629,10.8,241.0,12.157555574236833
11:54:50,2025-06-07,-1.061831,54.292155,12.838164796157443,144.30872609678704,10.8,241.0,11.579754447461452
11:54:51,2025-06-07,-1.061799,54.292129,12.950647989289624,138.01915872931772,10.8,241.0,10.524695515236596
11:54:52,2025-06-07,-1.061762,54.292105,12.97653453719617,143.46928244095545,10.8,241.0,11.561111275924452
11:54:53,2025-06-07,-1.061729,54.292079,13.578452499311243,142.88927064262157,10.8,241.0,12.05471696137548
11:54:54,2025-06-07,-1.061694,54.292052,12.534692304626203,149.72984347561453,10.8,241.0,12.295293049732546
11:54:55,2025-06-07,-1.061667,54.292025,12.56999719258318,146.04179424213885,10.8,241.0,11.636563471402313
11:54:56,2025-06-07,-1.061637,54.291999,10.4488095590917,151.94674053283035,10.8,241.0,10.627257824594489
11:54:57,2025-06-07,-1.061616,54.291976,11.523112018078034,154.7601570276106,10.8,241.0,12.231376258045731
11:54:58,2025-06-07,-1.061595,54.29195,10.617120748306256,160.70008229762334,10.8,241.0,12.436821338564624
11:54:59,2025-06-07,-1.06158,54.291925,11.956432341620319,166.42233524459084,10.8,241.0,14.828497125141606
11:55:00,2025-06-07,-1.061568,54.291896,10.236287692873168,154.25891470952763,10.8,241.0,10.850247471687585
11:55:01,2025-06-07,-1.061549,54.291873,10.448816477987314,151.94666777198785,10.8,241.0,10.627251030266564
11:55:02,2025-06-07,-1.061528,54.29185,11.4249385141121,155.82149235423617,10.8,241.0,12.332696163580733
11:55:03,2025-06-07,-1.061508,54.291824,9.284969883263402,149.7297103459107,10.8,241.0,9.045545540178335
11:55:04,2025-06-07,-1.061488,54.291804,13.165480336761707,145.32673813566572,10.8,241.0,12.097842255958538
11:55:05,2025-06-07,-1.061456,54.291777,12.304633328186712,151.61213707321429,10.8,241.0,12.420016253049706
11:55:06,2025-06-07,-1.061431,54.29175,11.523123178777432,154.76003575910022,10.8,241.0,12.231364609375213
11:55:07,2025-06-07,-1.06141,54.291724,10.797986250607133,148.65710716817404,10.8,241.0,10.356484418543975
11:55:08,2025-06-07,-1.061386,54.291701,12.190517901184878,148.77962382054181,10.8,241.0,11.772091601001087
11:55:09,2025-06-07,-1.061359,54.291675,11.025462238117292,150.77994987076625,10.8,241.0,10.983983867921195
11:55:10,2025-06-07,-1.061336,54.291651,11.424947480475241,155.82138890782164,10.8,241.0,12.332685699752462
11:55:11,2025-06-07,-1.061316,54.291625,11.4249486505279,155.8213753898599,10.8,241.0,12.332684330745572
11:55:12,2025-06-07,-1.061296,54.291599,13.367872072732483,147.1296238150403,10.8,241.0,12.638878058176116
11:55:13,2025-06-07,-1.061265,54.291571,12.702677704292249,145.16580203593975,10.8,241.0,11.604856724937148
11:55:14,2025-06-07,-1.061234,54.291545,11.736849013517562,141.80878518544802,10.8,241.0,10.011766873241807
11:55:15,2025-06-07,-1.061203,54.291522,13.43817010302689,143.68479828237957,10.8,241.0,12.06303014832326
11:55:16,2025-06-07,-1.061169,54.291495,12.702685251287766,145.16575246007932,10.8,241.0,11.604854975507754
11:55:17,2025-06-07,-1.061138,54.291469,11.452486647665332,143.64981854450878,10.8,241.0,10.070807091104657
11:55:18,2025-06-07,-1.061109,54.291446,11.424885988331717,140.5649577843833,10.8,241.0,9.468782798031118
11:55:19,2025-06-07,-1.061078,54.291424,10.254711275936147,145.20699524354654,10.8,241.0,9.16461509667971
11:55:20,2025-06-07,-1.061053,54.291403,11.606242103737495,149.72945182167223,10.8,241.0,11.36676904196005
11:55:21,2025-06-07,-1.061028,54.291378,10.359208252471502,140.7467349219785,10.8,241.0,8.43681233396309
11:55:22,2025-06-07,-1.061,54.291358,12.570059811977439,146.04136430108196,10.8,241.0,11.636545352101301
11:55:23,2025-06-07,-1.06097,54.291332,12.950759197529186,138.01860738736355,10.8,241.0,10.524705453870997
11:55:24,2025-06-07,-1.060933,54.291308,14.787421472923088,137.0912961339484,10.8,241.0,12.19136604772678
11:55:25,2025-06-07,-1.06089,54.291281,15.85820260354712,131.13566495246369,10.8,241.0,12.188425434063594
11:55:26,2025-06-07,-1.060839,54.291255,14.317284619019846,139.150359477768,10.8,241.0,12.09956880940774
11:55:27,2025-06-07,-1.060799,54.291228,14.164865348404867,139.86666003079824,10.8,241.0,12.079461591206014
11:55:28,2025-06-07,-1.06076,54.291201,16.03569080396919,130.58512863299723,10.8,241.0,12.268485443379594
11:55:29,2025-06-07,-1.060708,54.291175,16.652454292753585,130.58510962257253,10.8,241.0,12.885245573850383
11:55:30,2025-06-07,-1.060654,54.291148,15.275513430685082,135.16099233053717,10.8,241.0,12.327812474719405
11:55:31,2025-06-07,-1.060608,54.291121,15.110944667971735,135.79052374101275,10.8,241.0,12.277577833333085
11:55:32,2025-06-07,-1.060563,54.291094,18.244392748708727,132.977956045935,10.8,241.0,14.903057638464515
11:55:33,2025-06-07,-1.060506,54.291063,16.013646461704063,136.59115532721768,10.8,241.0,13.32618090836323
11:55:34,2025-06-07,-1.060459,54.291034,14.802210352417095,130.5850161615565,10.8,241.0,11.034985123031229
11:55:35,2025-06-07,-1.060411,54.29101,16.14328811813274,128.42124057152733,10.8,241.0,11.996595224573031
11:55:36,2025-06-07,-1.060357,54.290985,15.343636169766539,128.87777216061295,10.8,241.0,11.276532418653378
11:55:37,2025-06-07,-1.060306,54.290961,16.65250392934422,130.58496252297402,10.8,241.0,12.885269224366281
11:55:38,2025-06-07,-1.060252,54.290934,16.627170137925805,136.3687352283573,10.8,241.0,13.899118502467678
11:55:39,2025-06-07,-1.060203,54.290904,14.660845902647571,135.35308410608457,10.8,241.0,11.747995146507778
11:55:40,2025-06-07,-1.060159,54.290878,14.727184985240754,128.80620992371655,10.8,241.0,10.647588282939438
11:55:41,2025-06-07,-1.06011,54.290855,15.527021616399738,128.33520144147042,10.8,241.0,11.365358476694176
11:55:42,2025-06-07,-1.060058,54.290831,16.29897181881774,131.65609148436488,10.8,241.0,12.721606001059662
11:55:43,2025-06-07,-1.060006,54.290804,15.68232884938535,131.69819892994622,10.8,241.0,12.112452995362496
11:55:44,2025-06-07,-1.059956,54.290778,15.441961872374554,134.54464718293048,10.8,241.0,12.382666311046622
11:55:45,2025-06-07,-1.059909,54.290751,15.163900968522213,133.46416500966393,10.8,241.0,11.90983686274906
11:55:46,2025-06-07,-1.059862,54.290725,15.34369458139889,128.8775954254902,10.8,241.0,11.2765599689934
11:55:47,2025-06-07,-1.059811,54.290701,16.395043253074654,129.51975312015043,10.8,241.0,12.440294533526377
11:55:48,2025-06-07,-1.059757,54.290675,16.2324752495033,124.65709549649773,10.8,241.0,11.440057568672788
11:55:49,2025-06-07,-1.0597,54.290652,15.951391665732803,132.77418212979296,10.8,241.0,12.573551798241601
11:55:50,2025-06-07,-1.05965,54.290625,15.682366633040482,131.69807524991518,10.8,241.0,12.112468776307649
11:55:51,2025-06-07,-1.0596,54.290599,16.124445410568953,132.20902406482304,10.8,241.0,12.645586191983607
11:55:52,2025-06-07,-1.059549,54.290572,15.50794585918866,132.27359356290475,10.8,241.0,12.04061119328825
11:55:53,2025-06-07,-1.0595,54.290546,14.174154822149228,122.54930591215134,10.8,241.0,9.029009796808669
11:55:54,2025-06-07,-1.059449,54.290527,14.449113458806803,131.79304572125017,10.8,241.0,10.89611576380524
11:55:55,2025-06-07,-1.059403,54.290503,14.891475431174094,132.34348128806334,10.8,241.0,11.436619492770673
11:55:56,2025-06-07,-1.059356,54.290478,13.248209909711173,127.2876966162516,10.8,241.0,8.905050478407606
11:55:57,2025-06-07,-1.059311,54.290458,13.832506220130044,131.84687160509907,10.8,241.0,10.289091272563933
11:55:58,2025-06-07,-1.059267,54.290435,13.39146507448345,131.23649491790127,10.8,241.0,9.739568718606591
11:55:59,2025-06-07,-1.059224,54.290413,12.952045816925107,130.58459279088015,10.8,241.0,9.184745796543226
11:56:00,2025-06-07,-1.059182,54.290392,15.065772549478806,131.7434885204231,10.8,241.0,11.50395484294985
11:56:01,2025-06-07,-1.059134,54.290367,14.545188171580756,129.38404735302458,10.8,241.0,10.566647315937452
11:56:02,2025-06-07,-1.059086,54.290344,14.185587818706578,130.5845430463159,10.8,241.0,10.418279010659424
11:56:03,2025-06-07,-1.05904,54.290321,13.832531609497016,131.84677688772138,10.8,241.0,10.289099796426477
11:56:04,2025-06-07,-1.058996,54.290298,14.185596909606277,130.5845114330766,10.8,241.0,10.418282516898854
11:56:05,2025-06-07,-1.05895,54.290275,14.008221561561173,131.20768292652247,10.8,241.0,10.351214637004892
11:56:06,2025-06-07,-1.058905,54.290252,14.479920828471226,127.56828498976427,10.8,241.0,10.18523780265037
11:56:07,2025-06-07,-1.058856,54.29023,13.24826017287642,127.28753030491868,10.8,241.0,8.905072039238854
11:56:08,2025-06-07,-1.058811,54.29021,13.486548764619215,133.17425178475833,10.8,241.0,10.180418716681483
11:56:09,2025-06-07,-1.058769,54.290187,12.532963823006751,134.7667338816937,10.8,241.0,9.513838849469563
11:56:10,2025-06-07,-1.058731,54.290165,11.982779594345208,132.04155357697653,10.8,241.0,8.474050380270505
11:56:11,2025-06-07,-1.058693,54.290145,12.204170142814101,136.31515250174357,10.8,241.0,9.466347127226836
11:56:12,2025-06-07,-1.058657,54.290123,10.854269045302104,134.60842602829877,10.8,241.0,7.806504992933926
11:56:13,2025-06-07,-1.058624,54.290104,10.364767140574946,137.33624349280421,10.8,241.0,7.81355304287823
11:56:14,2025-06-07,-1.058594,54.290085,11.13901573554977,136.07757749856177,10.8,241.0,8.357897353201146
11:56:15,2025-06-07,-1.058561,54.290065,11.883587324390433,140.92064164043552,10.8,241.0,9.99345736706094
11:56:16,2025-06-07,-1.058529,54.290042,11.132688512459811,142.4253173758475,10.8,241.0,9.5224255167518
11:56:17,2025-06-07,-1.0585,54.29002,9.792086821993285,144.99184753332594,10.8,241.0,8.661651144594844
11:56:18,2025-06-07,-1.058476,54.29,11.886749186648283,155.5830940247082,10.8,241.0,12.749721095226572
11:56:19,2025-06-07,-1.058455,54.289973,11.613133202386864,158.73786941808044,10.8,241.0,13.06725754157748
11:56:20,2025-06-07,-1.058437,54.289946,11.179114644660695,165.4571756398982,10.8,241.0,13.875402850824456
11:56:21,2025-06-07,-1.058425,54.289919,10.547096023200734,171.0692444661662,10.8,241.0,14.253175996489873
11:56:22,2025-06-07,-1.058418,54.289893,10.679141211112144,167.34720511796763,10.8,241.0,13.71888094212375
11:56:23,2025-06-07,-1.058408,54.289867,9.95694336772381,165.0228192790671,10.8,241.0,12.573873197674581
11:56:24,2025-06-07,-1.058397,54.289843,10.980712565780026,170.18810134992145,10.8,241.0,14.530354186334947
11:56:25,2025-06-07,-1.058389,54.289816,10.85523558003932,163.73048652311923,10.8,241.0,13.235180232338786
11:56:26,2025-06-07,-1.058376,54.28979,9.454916357658025,167.13438951604644,10.8,241.0,12.45614210437658
11:56:27,2025-06-07,-1.058367,54.289767,10.191973104233286,169.42021777191962,10.8,241.0,13.604598619688668
11:56:28,2025-06-07,-1.058359,54.289742,7.788472256704835,167.8637906715437,10.8,241.0,10.921524783569303
11:56:29,2025-06-07,-1.058352,54.289723,8.180629907443066,168.45389090648666,10.8,241.0,11.419962394599699
11:56:30,2025-06-07,-1.058345,54.289703,7.6172391573618965,178.2404046847737,10.8,241.0,12.56066942882346
11:56:31,2025-06-07,-1.058344,54.289684,9.219481469280765,181.45372467698354,10.8,241.0,14.693378275732975
11:56:32,2025-06-07,-1.058345,54.289661,8.82824227747267,183.0374115772452,10.8,241.0,14.557349474822715
11:56:33,2025-06-07,-1.058347,54.289639,9.620074644435956,181.39317876120154,10.8,241.0,15.084130261237169
11:56:34,2025-06-07,-1.058348,54.289615,8.893367115563185,187.55653906625224,10.8,241.0,15.326017077619909
11:56:35,2025-06-07,-1.058353,54.289593,7.67116035650987,172.9945063508153,10.8,241.0,11.715951421522917
11:56:36,2025-06-07,-1.058349,54.289574,8.069021297915892,173.3415511323028,10.8,241.0,12.174393173731403
11:56:37,2025-06-07,-1.058345,54.289554,8.428117182532617,176.818232048627,10.8,241.0,13.131706907412568
11:56:38,2025-06-07,-1.058343,54.289533,6.479690332247016,171.6978556227,10.8,241.0,10.296840530675212
11:56:39,2025-06-07,-1.058339,54.289517,6.029019889154422,175.54990684310394,10.8,241.0,10.516265414069842
11:56:40,2025-06-07,-1.058337,54.289502,6.0153309093719995,182.22840806893365,10.8,241.0,11.614602222863954
11:56:41,2025-06-07,-1.058338,54.289487,0.07938382800957117,184.40829600720625,10.8,241.0,6.02588126072953
12:10:06,2025-06-07,-1.058359,54.289328,10.829524022794091,182.47572743491835,10.8,241.0,16.468606955890507
12:10:07,2025-06-07,-1.058361,54.289301,12.899873155046388,186.245735710635,10.8,241.0,19.132384774023357
12:10:08,2025-06-07,-1.058367,54.289269,13.786794549543414,188.78315679834284,10.8,241.0,20.40368180458526
12:10:09,2025-06-07,-1.058376,54.289235,14.260214058169556,190.39514604789736,10.8,241.0,21.11459656479619
12:10:10,2025-06-07,-1.058387,54.2892,15.185465551237348,192.45427286215494,10.8,241.0,22.335304272771104
12:10:11,2025-06-07,-1.058401,54.289163,14.459235160099311,194.04460879192325,10.8,241.0,21.830964846630547
12:10:12,2025-06-07,-1.058416,54.289128,15.83931057003835,189.34886702867288,10.8,241.0,22.540150424157105
12:10:13,2025-06-07,-1.058427,54.289089,17.332613461920868,186.19773070496913,10.8,241.0,23.557732936277954
12:10:14,2025-06-07,-1.058435,54.289046,18.288010819182716,189.57138155146868,10.8,241.0,25.02169374984041
12:10:15,2025-06-07,-1.058448,54.289001,18.467444704368887,192.43518020785856,10.8,241.0,25.61458572447423
12:10:16,2025-06-07,-1.058465,54.288956,17.63439182399181,192.25376457930997,10.8,241.0,24.75586012210243
12:10:17,2025-06-07,-1.058481,54.288913,18.765431247361864,190.77658153400668,10.8,241.0,25.675224008269286
12:10:18,2025-06-07,-1.058496,54.288867,18.683245736597552,189.3670757985377,10.8,241.0,25.386777003157164
12:10:19,2025-06-07,-1.058509,54.288821,18.612511928607752,187.94603592648832,10.8,241.0,25.10398758601271
12:10:20,2025-06-07,-1.05852,54.288775,18.6464392245369,188.6579121288314,10.8,241.0,25.24465240280037
12:10:21,2025-06-07,-1.058532,54.288729,20.662582090271858,188.4627664451748,10.8,241.0,27.23163609657597
12:10:22,2025-06-07,-1.058545,54.288678,21.60872626746299,190.60445045867618,10.8,241.0,28.493551713142324
12:10:23,2025-06-07,-1.058562,54.288625,22.3582703985995,194.54328045716747,10.8,241.0,29.798415424828335
12:10:24,2025-06-07,-1.058586,54.288571,24.302610136885992,193.3569064510562,10.8,241.0,31.57907543319368
12:10:25,2025-06-07,-1.05861,54.288512,26.71201996268662,188.05412242214723,10.8,241.0,33.21976686041111
12:10:26,2025-06-07,-1.058626,54.288446,27.29815035371653,183.43861858140082,10.8,241.0,33.09122465146652
12:10:27,2025-06-07,-1.058633,54.288378,29.32835999782452,184.11613038942258,10.8,241.0,35.228808032451134
12:10:28,2025-06-07,-1.058642,54.288305,26.9950514409594,185.9682894833858,10.8,241.0,33.184779694459905
12:10:29,2025-06-07,-1.058654,54.288238,28.639620653848166,186.5657116698786,10.8,241.0,34.92129237489374
12:10:30,2025-06-07,-1.058668,54.288167,30.745490248333983,187.87108398356074,10.8,241.0,37.22566914245799
12:10:31,2025-06-07,-1.058686,54.288091,29.387332192526106,185.48089363227464,10.6,241.0,35.38832487226228
12:10:32,2025-06-07,-1.058698,54.288018,30.656874984975406,186.57186408683566,10.6,241.0,36.823145306211885
12:10:33,2025-06-07,-1.058713,54.287942,29.462981376781997,186.83944415464032,10.6,241.0,35.66944988806723
12:10:34,2025-06-07,-1.058728,54.287869,30.0866972006954,182.67360656760752,10.6,241.0,35.65254167346377
12:10:35,2025-06-07,-1.058734,54.287794,29.83417205001283,186.3017880620873,10.6,241.0,35.959732844013146
12:10:36,2025-06-07,-1.058748,54.28772,31.054982594796712,186.48729417259136,10.6,241.0,37.20852008121813
12:10:37,2025-06-07,-1.058763,54.287643,32.304181297357545,187.07085025827828,10.6,241.0,38.54530451294982
12:10:38,2025-06-07,-1.05878,54.287563,32.03721743796758,188.82000423794852,10.6,241.0,38.536956081159715
12:10:39,2025-06-07,-1.058801,54.287484,31.245546524393053,189.0453710605831,10.6,241.0,37.77817057472528
12:10:40,2025-06-07,-1.058822,54.287407,32.79502543991739,188.2014819551151,10.6,241.0,39.203994439093194
12:10:41,2025-06-07,-1.058842,54.287326,34.0531206939763,188.69205435114242,10.6,241.0,40.53414417170224
12:10:42,2025-06-07,-1.058864,54.287242,34.382192418161054,187.82045274300472,10.6,241.0,40.73487201136152
12:10:43,2025-06-07,-1.058884,54.287157,34.91800671598413,189.25220514704102,10.6,241.0,41.48072295406644
12:10:44,2025-06-07,-1.058908,54.287071,34.91800811875226,189.2522241311405,10.6,241.0,41.480727114902514
12:10:45,2025-06-07,-1.058932,54.286985,35.39128777314876,189.8955064827783,10.6,241.0,42.047049192560195
12:10:46,2025-06-07,-1.058958,54.286898,34.29438745739626,191.01080568317175,10.6,241.0,41.109467401665064
12:10:47,2025-06-07,-1.058986,54.286814,35.39129114647438,189.89554675110594,10.6,241.0,42.047058364036396
12:10:48,2025-06-07,-1.059012,54.286727,34.34004006138243,191.3939792905033,10.6,241.0,41.20926272708329
12:10:49,2025-06-07,-1.059041,54.286643,34.732917557653025,191.2634015682433,10.6,241.0,41.58372387935186
12:10:50,2025-06-07,-1.05907,54.286558,35.43242942784263,190.26825516750267,10.6,241.0,42.14172092290431
12:10:51,2025-06-07,-1.059097,54.286471,35.86893979152016,190.5218548526299,10.6,241.0,42.61448831072331
12:10:52,2025-06-07,-1.059125,54.286383,36.576071778367776,189.5719993369199,10.6,241.0,43.18514623477892
12:10:53,2025-06-07,-1.059151,54.286293,38.05143451734388,188.12853454895975,10.6,241.0,44.44964886493308
12:10:54,2025-06-07,-1.059174,54.286199,37.19329269731059,187.58964641201018,10.6,241.0,43.51173850037988
12:10:55,2025-06-07,-1.059195,54.286107,37.35582616226388,183.94968722396194,10.6,241.0,43.1211912705626
12:10:56,2025-06-07,-1.059206,54.286014,41.65565449864255,187.74568357166737,10.6,241.0,47.997255397133216
12:10:57,2025-06-07,-1.05923,54.285911,40.68431584032487,189.93306648957324,10.6,241.0,47.34548401600103
12:10:58,2025-06-07,-1.05926,54.285811,41.908907345126835,189.96459348684527,10.6,241.0,48.57461161671552
12:10:59,2025-06-07,-1.059291,54.285708,42.31045377795557,186.0297986662664,10.6,241.0,48.394879083527584
12:11:00,2025-06-07,-1.05931,54.285603,41.40417625815002,184.53658446183545,10.6,241.0,47.26035110277649
12:11:01,2025-06-07,-1.059324,54.2855,45.66708760579134,190.62703820978894,10.6,241.0,52.427635407001254
12:11:02,2025-06-07,-1.05936,54.285388,43.376377465758196,188.68518928497656,10.6,241.0,49.8563958792934
12:11:03,2025-06-07,-1.059388,54.285281,42.84710360637268,187.5291498898645,10.6,241.0,49.15655942728795
12:11:04,2025-06-07,-1.059412,54.285175,47.161760759014555,189.70928991751026,10.6,241.0,53.7906741393907
12:11:05,2025-06-07,-1.059446,54.285059,47.82612041258354,193.57987289136855,10.6,241.0,54.99826430736017
12:11:06,2025-06-07,-1.059494,54.284943,47.66551832218665,192.7598259235142,10.6,241.0,54.72522009392033
12:11:07,2025-06-07,-1.059539,54.284827,51.35395891914698,190.49894613190935,10.6,241.0,58.09623760871815
12:11:08,2025-06-07,-1.059579,54.284701,49.823614948086956,191.09941351993487,10.6,241.0,56.65124242793814
12:11:09,2025-06-07,-1.05962,54.284579,48.41416749581314,186.65926522864834,10.6,241.0,54.59358280451706
12:11:10,2025-06-07,-1.059644,54.284459,53.14556012583659,185.5570388178335,10.6,241.0,59.15815982004105
12:11:11,2025-06-07,-1.059666,54.284327,47.22037252418175,186.8284641143335,10.6,241.0,53.42519417630867
12:11:12,2025-06-07,-1.05969,54.28421,48.74234250253347,189.39172627521987,10.6,241.0,55.32530932122732
12:11:13,2025-06-07,-1.059724,54.28409,45.46505155561283,189.17845159679092,10.6,241.0,52.017047217074285
12:11:14,2025-06-07,-1.059755,54.283978,45.689527975252695,187.6501094339953,10.6,241.0,52.0169517439895
12:11:15,2025-06-07,-1.059781,54.283865,46.74322160874157,186.03278385335256,10.6,241.0,52.82809913781901
12:11:16,2025-06-07,-1.059802,54.283749,47.54027249102526,185.93128530000442,10.6,241.0,53.6097648299894
12:11:17,2025-06-07,-1.059823,54.283631,46.45375631734706,187.23260538225188,10.6,241.0,52.71904309025188
12:11:18,2025-06-07,-1.059848,54.283516,47.618264847641235,186.77126755823602,10.6,241.0,53.81450409770024
12:11:19,2025-06-07,-1.059872,54.283398,45.573879335257274,186.48417960448307,10.6,241.0,51.72694763659792
12:11:20,2025-06-07,-1.059894,54.283285,44.54133994111517,183.01056966828588,10.6,241.0,50.160142353933935
12:11:21,2025-06-07,-1.059904,54.283174,43.700799803019414,178.15944805907657,10.6,241.0,48.5393639414349
12:11:22,2025-06-07,-1.059898,54.283065,45.341681345962385,177.04260340254427,10.6,241.0,49.99549836599381
12:11:23,2025-06-07,-1.059888,54.282952,45.898442611693895,185.55723840752933,10.6,241.0,51.91107271594474
12:11:24,2025-06-07,-1.059907,54.282838,44.89009700027634,181.19441534191245,10.6,241.0,50.22121544991203
12:11:25,2025-06-07,-1.059911,54.282726,46.21646630301565,184.35445368697836,10.6,241.0,52.0445256338692
12:11:26,2025-06-07,-1.059926,54.282611,42.5406610377875,183.15234879329847,10.6,241.0,48.18168782071729
12:11:27,2025-06-07,-1.059936,54.282505,47.687620208985436,179.43785415523507,10.6,241.0,52.735396082962566
12:11:28,2025-06-07,-1.059934,54.282386,49.31550155462716,181.90289319192786,10.6,241.0,54.75949810276468
12:11:29,2025-06-07,-1.059941,54.282263,51.99788277946819,186.19876272245486,10.6,241.0,58.107878283007295
12:11:30,2025-06-07,-1.059965,54.282134,54.38868606132645,185.92528654694124,10.6,241.0,60.45726851037606
12:11:31,2025-06-07,-1.059989,54.281999,61.7378125083178,189.37794803308918,10.6,241.0,68.31878124028438
12:11:32,2025-06-07,-1.060032,54.281847,56.69023534107786,190.7026660731253,10.6,241.0,63.461553695428655
12:11:33,2025-06-07,-1.060077,54.281708,54.111231568354654,194.01274934616936,10.6,241.0,61.342139043804714
12:11:34,2025-06-07,-1.060133,54.281577,55.24551454079181,196.73853613967796,10.6,241.0,62.83683506603203
12:11:35,2025-06-07,-1.060201,54.281445,57.264636598129236,197.84606394176726,10.6,241.0,64.99753529898842
12:11:36,2025-06-07,-1.060276,54.281309,51.454995015321465,195.0221358613068,10.6,241.0,58.82131906373415
12:11:37,2025-06-07,-1.060333,54.281185,47.91352640366779,189.27279521520157,10.6,241.0,54.47923360628891
12:11:38,2025-06-07,-1.060366,54.281067,46.61623822050996,188.65952218861042,10.6,241.0,53.092498077950594
12:11:39,2025-06-07,-1.060396,54.280952,50.1207608262888,187.50992488518412,10.6,241.0,56.42735827495274
12:11:40,2025-06-07,-1.060424,54.280828,51.94922938784694,185.68593255884576,10.6,241.0,57.98145248703605
12:11:41,2025-06-07,-1.060446,54.280699,49.955944845619314,185.91362807731483,10.6,241.0,56.02275874957899
12:11:42,2025-06-07,-1.060468,54.280575,47.05302005032598,184.84869452383523,10.6,241.0,52.957237555153526
12:11:43,2025-06-07,-1.060485,54.280458,46.53102847356275,182.5935176915018,10.6,241.0,52.08425760024511
12:11:44,2025-06-07,-1.060494,54.280342,53.04460737061025,184.29993035220272,10.6,241.0,58.864238471854655
12:11:45,2025-06-07,-1.060511,54.28021,46.49260780255599,178.8466864158779,10.6,241.0,51.44394486484475
12:11:46,2025-06-07,-1.060507,54.280094,46.23489977174059,175.35618411670816,10.6,241.0,50.60642330696217
12:11:47,2025-06-07,-1.060491,54.279979,42.18856243481121,171.0671071497959,10.6,241.0,45.82563989104676
12:11:48,2025-06-07,-1.060463,54.279875,38.44982942007115,161.55048288037187,10.6,241.0,40.390708427424485
12:11:49,2025-06-07,-1.060411,54.279784,42.0083114568443,164.4926136985523,10.6,241.0,44.4815035477505
12:11:50,2025-06-07,-1.060363,54.279683,46.71601567285984,165.79317964973256,10.6,241.0,49.422520751763244
12:11:51,2025-06-07,-1.060314,54.27957,35.35728277445976,175.82601101548505,10.6,241.0,39.80784276538432
12:11:52,2025-06-07,-1.060303,54.279482,34.94112648168878,176.16079307009647,10.6,241.0,39.4478227764603
12:11:53,2025-06-07,-1.060293,54.279395,33.29996715137767,177.1810871700751,10.6,241.0,37.97678945933418
12:11:54,2025-06-07,-1.060286,54.279312,32.06076753178798,179.16377658603585,10.6,241.0,37.06389857563139
12:11:55,2025-06-07,-1.060284,54.279232,32.0787700531842,182.08978385574818,10.6,241.0,37.55240487588212
12:11:56,2025-06-07,-1.060289,54.279152,30.85001637960703,189.16420477710213,10.6,241.0,37.39993991793544
12:11:57,2025-06-07,-1.06031,54.279076,32.090078161007135,193.06364575388716,10.6,241.0,39.19160857471802
12:11:58,2025-06-07,-1.060341,54.278998,34.73308547790407,198.86837825842267,10.6,241.0,42.59410608012945
12:11:59,2025-06-07,-1.060389,54.278916,32.89273273855898,202.1538135957503,10.6,241.0,41.14835833483623
12:12:00,2025-06-07,-1.060442,54.27884,34.62481716078247,206.93141835261218,10.6,241.0,43.405514129708116
12:12:01,2025-06-07,-1.060509,54.278763,34.48575801872227,207.92664709697172,10.6,241.0,43.36826765167286
12:12:02,2025-06-07,-1.060578,54.278687,34.73187312033814,207.27576417268145,10.6,241.0,43.54809824411146
12:12:03,2025-06-07,-1.060646,54.27861,33.912625648749966,207.5451350756893,10.6,241.0,42.75642140940859
12:12:04,2025-06-07,-1.060713,54.278535,32.38793846581636,208.49003845886418,10.6,241.0,41.326897448641915
12:12:05,2025-06-07,-1.060779,54.278464,31.923894658899084,208.4640762940773,10.6,241.0,40.86027130122598
12:12:06,2025-06-07,-1.060844,54.278394,32.16649332403282,207.7572047160607,10.6,241.0,41.03185733024414
12:12:07,2025-06-07,-1.060908,54.278323,31.70267560310922,207.72033601322838,10.6,241.0,40.56429864327022
12:12:08,2025-06-07,-1.060971,54.278253,31.699496477626905,204.42308222773042,10.6,241.0,40.211907098159486
12:12:09,2025-06-07,-1.061027,54.278181,31.50811304739266,203.64806580257223,10.6,241.0,39.93430609571127
12:12:10,2025-06-07,-1.061081,54.278109,32.06466041656473,204.12698290414204,10.6,241.0,40.54431413587253
12:12:11,2025-06-07,-1.061137,54.278036,31.797383114584196,204.80720308066049,10.6,241.0,40.35194939990774
12:12:12,2025-06-07,-1.061194,54.277964,34.0096535951387,204.82215770608474,10.6,241.0,42.565853324657525
12:12:13,2025-06-07,-1.061255,54.277887,33.094276972987615,207.82821090628775,10.6,241.0,41.96683543822788
12:12:14,2025-06-07,-1.061321,54.277814,34.268383445150654,207.2356004277246,10.6,241.0,43.08048102288828
12:12:15,2025-06-07,-1.061388,54.277738,32.66616194212723,206.37586005320424,10.6,241.0,41.38887067928068
12:12:16,2025-06-07,-1.06145,54.277665,33.91173292153873,204.46339973369717,10.6,241.0,42.42858622475728
12:12:17,2025-06-07,-1.06151,54.277588,33.38576765172945,205.76463376029005,10.6,241.0,42.04373036928297
12:12:18,2025-06-07,-1.061572,54.277513,34.62504013886634,206.9321634723146,10.6,241.0,43.405814328975936
12:12:19,2025-06-07,-1.061639,54.277436,35.39651544996914,205.03679787154783,10.6,241.0,43.976095337999986
12:12:20,2025-06-07,-1.061703,54.277356,35.39652738606719,205.0368405251983,10.6,241.0,43.97611190828699
12:12:21,2025-06-07,-1.061767,54.277276,34.10904600996825,205.17937289273095,10.6,241.0,42.704089667862746
12:12:22,2025-06-07,-1.061829,54.277199,34.10905720249995,205.17941411452716,10.6,241.0,42.70410532364302
12:12:23,2025-06-07,-1.061891,54.277122,34.45477809427039,203.2029546633528,10.6,241.0,42.83075624598253
12:12:24,2025-06-07,-1.061949,54.277043,32.61261642629622,202.80114195701174,10.6,241.0,40.9428301419854
12:12:25,2025-06-07,-1.062003,54.276968,31.603233516014647,204.03738927831688,10.6,241.0,40.072930994439645
12:12:26,2025-06-07,-1.062058,54.276896,30.12516628055616,203.34289601964886,10.6,241.0,38.51698644164234
12:12:27,2025-06-07,-1.062109,54.276827,30.772269310082034,202.35131546846407,10.6,241.0,39.050764121092556
12:12:28,2025-06-07,-1.062159,54.276756,28.374748014086165,203.3240982992511,10.6,241.0,36.764443094753574
12:12:29,2025-06-07,-1.062207,54.276691,26.71813890906143,203.76376318181278,10.6,241.0,35.15730112597903
12:12:30,2025-06-07,-1.062253,54.27663,26.44194110357471,202.3712251099485,10.6,241.0,34.722735846301646
12:12:31,2025-06-07,-1.062296,54.276569,25.808020281084087,201.26844814996159,10.6,241.0,33.959925682709105
12:12:32,2025-06-07,-1.062336,54.276509,23.584353001238103,203.38848062470683,10.6,241.0,31.98132274577351
12:12:33,2025-06-07,-1.062376,54.276455,24.691962004378084,202.2807459023103,10.6,241.0,32.962296676718616
12:12:34,2025-06-07,-1.062416,54.276398,24.60383619387504,201.77643636692432,10.6,241.0,32.815491818832236
12:12:35,2025-06-07,-1.062455,54.276341,24.78200794106709,202.78152755049453,10.6,241.0,33.109977169040704
12:12:36,2025-06-07,-1.062496,54.276284,24.96772069560468,203.77202821438163,10.6,241.0,33.40780807011924
12:12:37,2025-06-07,-1.062539,54.276227,23.97291682734961,205.4429198377383,10.6,241.0,32.596404753597724
12:12:38,2025-06-07,-1.062583,54.276173,25.242406938883793,202.9191025891811,10.6,241.0,33.586098357611014
12:12:39,2025-06-07,-1.062625,54.276115,25.72374841057177,200.782875319386,10.6,241.0,33.817941045841025
12:12:40,2025-06-07,-1.062664,54.276055,26.353452590938357,201.90095364275024,10.6,241.0,34.57965577394292
12:12:41,2025-06-07,-1.062706,54.275994,25.722604527187013,205.32098564683866,10.6,241.0,34.33295490291338
12:12:42,2025-06-07,-1.062753,54.275936,26.911001661353882,204.67637143937327,10.6,241.0,35.45125280069721
12:12:43,2025-06-07,-1.062801,54.275875,26.718221918672477,203.76418162362958,10.6,241.0,35.15743097866111
12:12:44,2025-06-07,-1.062847,54.275814,26.64784810307119,205.49364269423322,10.6,241.0,35.27678956078091
12:12:45,2025-06-07,-1.062896,54.275754,28.706612454169253,206.64643975144259,10.6,241.0,37.4576666225782
12:12:46,2025-06-07,-1.062951,54.27569,28.49896756915106,205.80521574280993,10.6,241.0,37.16125967704877
12:12:47,2025-06-07,-1.063004,54.275626,27.573320792701587,205.65472478011785,10.6,241.0,36.21953633216265
12:12:48,2025-06-07,-1.063055,54.275564,28.297579608058008,204.95190678346074,10.6,241.0,36.86792692004293
12:12:49,2025-06-07,-1.063106,54.2755,28.602046518446535,206.22747157823193,10.6,241.0,37.30912771592972
12:12:50,2025-06-07,-1.06316,54.275436,28.786265385194998,210.28024316298715,10.6,241.0,37.89883283091885
12:12:51,2025-06-07,-1.063222,54.275374,29.365792500329903,209.09687134607702,10.6,241.0,38.36458650705635
12:12:52,2025-06-07,-1.063283,54.27531,30.068248260498898,208.35386923410402,10.6,241.0,38.99364267992142
12:12:53,2025-06-07,-1.063344,54.275244,30.061414715442382,209.89503234048925,10.6,241.0,39.13737106260137
12:12:54,2025-06-07,-1.063408,54.275179,31.68684180023991,209.18368111914685,10.6,241.0,40.69411306253785
12:12:55,2025-06-07,-1.063474,54.27511,32.056128526467276,211.7260915715423,10.6,241.0,41.3024241383558
12:12:56,2025-06-07,-1.063546,54.275042,31.892329506443296,213.91551096448273,10.6,241.0,41.32989212321381
12:12:57,2025-06-07,-1.063622,54.274976,33.91278096041003,211.64701355903597,10.6,241.0,43.15191400157732
12:12:58,2025-06-07,-1.063698,54.274904,34.287774954092086,212.64630377766832,10.6,241.0,43.616121180628504
12:12:59,2025-06-07,-1.063777,54.274832,33.23365698724945,212.37255403387235,10.6,241.0,42.537844835036495
12:13:00,2025-06-07,-1.063853,54.274762,33.7901658149013,211.30919013387003,10.6,241.0,42.99850213813959
12:13:01,2025-06-07,-1.063928,54.27469,33.429363366052776,210.2807018965199,10.6,241.0,42.541974165376665
12:13:02,2025-06-07,-1.064,54.274618,34.709050895254066,208.61191612958586,10.6,241.0,43.660107964881426
12:13:03,2025-06-07,-1.064071,54.274542,36.94330515960825,207.14401373187584,10.6,241.0,45.74597436763732
12:13:04,2025-06-07,-1.064143,54.27446,34.98310804760172,206.63646126687235,10.6,241.0,43.73312035043702
12:13:05,2025-06-07,-1.06421,54.274382,35.8377865888535,203.47861976386028,10.6,241.0,44.24492348604329
12:13:06,2025-06-07,-1.064271,54.2743,36.7640504052744,202.06271037491865,10.6,241.0,45.009093864289596
12:13:07,2025-06-07,-1.06433,54.274215,36.33898286808512,200.35249959603436,10.6,241.0,44.3815370821211
12:13:08,2025-06-07,-1.064384,54.27413,37.31219857789978,199.0363400740278,10.6,241.0,45.19403076970331
12:13:09,2025-06-07,-1.064436,54.274042,36.781523472294026,198.5507573302423,10.6,241.0,44.603004206815534
12:13:10,2025-06-07,-1.064486,54.273955,37.54201547562486,198.16157214043614,10.6,241.0,45.31471990960404
12:13:11,2025-06-07,-1.064536,54.273866,35.79998943142602,197.89368285566908,10.6,241.0,43.53891097268836
12:13:12,2025-06-07,-1.064583,54.273781,37.25968219330625,196.79372442808568,10.6,241.0,44.858125172077166
12:13:13,2025-06-07,-1.064629,54.273692,35.77789868365071,195.5560445248067,10.6,241.0,43.2149286753724
12:13:14,2025-06-07,-1.06467,54.273606,37.385388225011035,195.2426989816141,10.6,241.0,44.780999512927856
12:13:15,2025-06-07,-1.064712,54.273516,37.06211064052307,195.75469356071656,10.6,241.0,44.52528337121556
12:13:16,2025-06-07,-1.064755,54.273427,37.32429393251037,194.89615617891178,10.6,241.0,44.67384089325251
12:13:17,2025-06-07,-1.064796,54.273337,35.32911385420662,195.36485282081136,10.6,241.0,42.740898081098386
12:13:18,2025-06-07,-1.064836,54.273252,37.65252059760168,194.39529506598052,10.6,241.0,44.93501575093158
12:13:19,2025-06-07,-1.064876,54.273161,35.53729887416039,194.10215389793677,10.6,241.0,42.78029182634532
12:13:20,2025-06-07,-1.064913,54.273075,36.44482512225462,191.85704755055613,10.6,241.0,43.37906947371498
12:13:21,2025-06-07,-1.064945,54.272986,36.22153761012822,190.04549834530806,10.6,241.0,42.898873212821684
12:13:22,2025-06-07,-1.064972,54.272897,36.6577436398626,185.8619277407182,10.6,241.0,42.7167117754145
12:13:23,2025-06-07,-1.064988,54.272806,35.27550877843235,181.5203975826198,10.6,241.0,40.658666574072164
12:13:24,2025-06-07,-1.064992,54.272718,36.902432590875236,177.45605644785917,10.6,241.0,41.62485240672166
12:13:25,2025-06-07,-1.064985,54.272626,37.258436580684176,171.6944802785547,10.6,241.0,41.004314654816135
12:13:26,2025-06-07,-1.064962,54.272534,38.94297648247417,167.85884882240396,10.6,241.0,42.01713455644877
12:13:27,2025-06-07,-1.064927,54.272439,39.32178458221896,165.52458063527172,10.6,241.0,41.980215068993665
12:13:28,2025-06-07,-1.064885,54.272344,39.76868155685248,165.3424150786841,10.6,241.0,42.3944742375557
12:13:29,2025-06-07,-1.064842,54.272248,41.26454565067068,166.22001985826216,10.6,241.0,44.0473249755015
12:13:30,2025-06-07,-1.0648,54.272148,40.87553075999208,166.08617870608384,10.6,241.0,43.634409750905604
12:13:31,2025-06-07,-1.064758,54.272049,40.608896872562845,167.688816785854,10.6,241.0,43.65293663866283
12:13:32,2025-06-07,-1.064721,54.27195,41.47422362150415,170.25469249057028,10.6,241.0,44.96976404511187
12:13:33,2025-06-07,-1.064691,54.271848,42.33585766190196,173.65325043464952,10.6,241.0,46.41848141129047
12:13:34,2025-06-07,-1.064671,54.271743,41.74042799746624,176.78630935766682,10.6,241.0,46.35159715940222
12:13:35,2025-06-07,-1.064661,54.271639,42.492101719318306,178.42221205320084,10.6,241.0,47.373867405485804
12:13:36,2025-06-07,-1.064656,54.271533,41.67514421196893,179.67829524163528,10.6,241.0,46.76199075098158
12:13:37,2025-06-07,-1.064655,54.271429,42.4817430327094,180.9468307602543,10.6,241.0,47.773222032464496
12:13:38,2025-06-07,-1.064658,54.271323,41.297748810475966,181.94824778067726,10.6,241.0,46.748943303825854
12:13:39,2025-06-07,-1.064664,54.27122,42.554190907332455,183.4678057972411,10.6,241.0,48.24454254560476
12:13:40,2025-06-07,-1.064675,54.271114,41.70680708095877,182.2508212954849,10.6,241.0,47.20593351535929
12:13:41,2025-06-07,-1.064682,54.27101,41.71669719057048,182.5719688345,10.6,241.0,47.2665301560645
12:13:42,2025-06-07,-1.06469,54.270906,42.10721447711389,182.22941793016656,10.6,241.0,47.60295533932367
12:13:43,2025-06-07,-1.064697,54.270801,41.71669616698265,182.57198185924085,10.6,241.0,47.26653118545004
12:13:44,2025-06-07,-1.064705,54.270697,41.29041858933765,181.62375565644732,10.6,241.0,46.6900400186027
12:13:45,2025-06-07,-1.06471,54.270594,41.27642707760972,180.64964998221387,10.6,241.0,46.52019563358503
12:13:46,2025-06-07,-1.064712,54.270491,40.87371769197749,180.32802083502952,10.6,241.0,46.065691859938326
12:13:47,2025-06-07,-1.064713,54.270389,39.671589043591915,179.66203855509434,10.6,241.0,44.755796755367385
12:13:48,2025-06-07,-1.064712,54.27029,40.54022980496681,176.69094610199318,10.6,241.0,45.135506726230176
12:13:49,2025-06-07,-1.064702,54.270189,39.44907372895038,174.55381176597314,10.6,241.0,43.68494173098209
12:13:50,2025-06-07,-1.064686,54.270091,40.98661087122632,175.74348906100158,10.6,241.0,45.423310151505355
12:13:51,2025-06-07,-1.064673,54.269989,39.770607859248784,175.95112934845133,10.6,241.0,44.242165595424034
12:13:52,2025-06-07,-1.064661,54.26989,39.80655457462903,175.2791397552519,10.6,241.0,44.165089155992156
12:13:53,2025-06-07,-1.064647,54.269791,41.42342803113692,175.13901789716613,10.6,241.0,45.758319202557054
12:13:54,2025-06-07,-1.064632,54.269688,39.84799186586195,174.6084326821732,10.6,241.0,44.09312117106335
12:13:55,2025-06-07,-1.064616,54.269589,40.34523783672522,173.3383368162655,10.6,241.0,44.37403427576396
12:13:56,2025-06-07,-1.064596,54.269489,41.595052920069264,172.89007302798154,10.6,241.0,45.54701934906323
12:13:57,2025-06-07,-1.064574,54.269386,41.32545536304821,171.53330687248513,10.6,241.0,45.043424689654714
12:13:58,2025-06-07,-1.064548,54.269284,40.1368615674211,171.280606138557,10.6,241.0,43.81101415606014
12:13:59,2025-06-07,-1.064522,54.269185,42.878723122566306,172.15793468282152,10.6,241.0,46.70468691896681
12:14:00,2025-06-07,-1.064497,54.269079,42.41960403970474,172.71033478418576,10.6,241.0,46.34069609125
12:14:01,2025-06-07,-1.064474,54.268974,41.22750116822795,172.498322085498,10.6,241.0,45.11212534737976
12:14:02,2025-06-07,-1.064451,54.268872,41.22750221760724,172.49830373258396,10.6,241.0,45.1121232376021
12:14:03,2025-06-07,-1.064428,54.26877,41.29150436483176,171.85437334565256,10.6,241.0,45.06504019500939
12:14:04,2025-06-07,-1.064403,54.268668,41.3607288193794,171.2125047478969,10.6,241.0,45.02306078853869
12:14:05,2025-06-07,-1.064376,54.268566,42.659506294712955,170.52724812839017,10.6,241.0,46.20261049318881
12:14:06,2025-06-07,-1.064346,54.268461,43.41279647661618,171.00597313686876,10.6,241.0,47.03924839251083
12:14:07,2025-06-07,-1.064317,54.268354,43.175370393217385,169.6956862761806,10.6,241.0,46.57311215311558
12:14:08,2025-06-07,-1.064284,54.268248,42.22515503981539,167.84128105620857,10.6,241.0,45.29620252986123
12:14:09,2025-06-07,-1.064246,54.268145,43.00886590205807,168.06614448813355,10.6,241.0,46.119706257740894
12:14:10,2025-06-07,-1.064208,54.26804,43.213052020978665,166.851583438847,10.6,241.0,46.108404096842015
12:14:11,2025-06-07,-1.064166,54.267935,43.495405985637134,165.35023254902944,10.6,241.0,46.12259983575869
12:14:12,2025-06-07,-1.064119,54.26783,41.81900997711848,163.4144020258916,10.6,241.0,44.09780666308341
12:14:13,2025-06-07,-1.064068,54.26773,42.79055967971438,162.8196213341222,10.6,241.0,44.9617710327442
12:14:14,2025-06-07,-1.064014,54.267628,42.097006349820454,162.19294075581684,10.6,241.0,44.15460933482678
12:14:15,2025-06-07,-1.063959,54.267528,42.097015275891856,162.19290028265073,10.6,241.0,44.15461091558719
12:14:16,2025-06-07,-1.063904,54.267428,42.478637856895894,162.3581843329323,10.6,241.0,44.566221628501786
12:14:17,2025-06-07,-1.063849,54.267327,42.093243618375084,160.5089469066687,10.6,241.0,43.844380740373516
12:14:18,2025-06-07,-1.063789,54.267228,41.20932212425158,159.03043780807434,10.6,241.0,42.69013312775627
12:14:19,2025-06-07,-1.063726,54.267132,42.172266943300336,160.20905702757557,10.6,241.0,43.8686615517371
12:14:20,2025-06-07,-1.063665,54.267033,43.38520034270302,162.0896888067241,10.6,241.0,45.424061220065184
12:14:21,2025-06-07,-1.063608,54.26693,41.36815689011439,163.5663021458763,10.6,241.0,43.67439072255288
12:14:22,2025-06-07,-1.063558,54.266831,43.616737488579886,164.75490638745987,10.6,241.0,46.13708963075625
12:14:23,2025-06-07,-1.063509,54.266726,42.27320659966057,165.24459198313036,10.6,241.0,44.88146176929344
12:14:24,2025-06-07,-1.063463,54.266624,42.7207071686798,165.07789484017133,10.6,241.0,45.29905974891315
12:14:25,2025-06-07,-1.063416,54.266521,42.602062891129734,165.68621113684367,10.6,241.0,45.28942951879904
12:14:26,2025-06-07,-1.063371,54.266418,42.66079075662276,165.3815790381991,10.6,241.0,45.293602523763475
12:14:27,2025-06-07,-1.063325,54.266315,42.823067980394015,166.7290739659519,10.6,241.0,45.696610489798864
12:14:28,2025-06-07,-1.063283,54.266211,42.87764354034518,166.42463169774237,10.6,241.0,45.69693149354711
12:14:29,2025-06-07,-1.06324,54.266107,43.99384997372234,167.08845281703373,10.6,241.0,46.9313327405277
12:14:30,2025-06-07,-1.063198,54.266,45.06627309235505,168.01008593245388,10.6,241.0,48.16719752831516
12:14:31,2025-06-07,-1.063158,54.26589,43.700226110964095,168.8833076994705,10.6,241.0,46.95526744811861
12:14:32,2025-06-07,-1.063122,54.265783,45.18879116733575,169.85756497743012,10.6,241.0,48.614887439055316
12:14:33,2025-06-07,-1.063088,54.265672,43.307139100866564,168.78102388591378,10.6,241.0,46.54416653981632
12:14:34,2025-06-07,-1.063052,54.265566,42.61702888260444,167.9540005454644,10.6,241.0,45.70802968220489
12:14:35,2025-06-07,-1.063014,54.265462,41.10256104247097,167.1685077368254,10.6,241.0,44.05427143487623
12:14:36,2025-06-07,-1.062975,54.265362,40.87587712171804,166.0839768618813,10.6,241.0,43.63436279783131
12:14:37,2025-06-07,-1.062933,54.265263,40.93305135648733,165.7659289381321,10.6,241.0,43.63468172138664
12:14:38,2025-06-07,-1.06289,54.265164,40.99148872644941,165.44877267112395,10.6,241.0,43.63634027754359
12:14:39,2025-06-07,-1.062846,54.265065,40.85239692514606,164.03633077979669,10.6,241.0,43.24342672535746
12:14:40,2025-06-07,-1.062798,54.264967,42.79079241122172,162.81853755588156,10.6,241.0,44.9618075108095
12:14:41,2025-06-07,-1.062744,54.264865,43.10548194314487,163.27312360989276,10.6,241.0,45.358745660980006
12:14:42,2025-06-07,-1.062691,54.264762,43.38541193484984,162.08876512773588,10.6,241.0,45.42410511769533
12:14:43,2025-06-07,-1.062634,54.264659,44.46072843231301,162.852320502348,10.6,241.0,46.63786067193513
12:14:44,2025-06-07,-1.062578,54.264553,45.29569839464361,162.8682934003291,10.6,241.0,47.475722612774106
12:14:45,2025-06-07,-1.062521,54.264445,44.913004157806746,162.71763801326279,10.6,241.0,47.06574470713628
12:14:46,2025-06-07,-1.062464,54.264338,45.29571745161886,162.8682092858943,10.6,241.0,47.475726440825156
12:14:47,2025-06-07,-1.062407,54.26423,46.13069165519571,162.88360177611833,10.6,241.0,48.31348737754383
12:14:48,2025-06-07,-1.062349,54.26412,45.47773600889975,163.8623855842593,10.6,241.0,47.83740351099508
12:14:49,2025-06-07,-1.062295,54.264011,46.697784410985854,163.99649120980166,10.6,241.0,49.0816330766805
12:14:50,2025-06-07,-1.06224,54.263899,47.85430137413485,164.39333595974358,10.6,241.0,50.30962981853199
12:14:51,2025-06-07,-1.062185,54.263784,45.79852063684876,164.2829303043743,10.6,241.0,48.23397446603675
12:14:52,2025-06-07,-1.062132,54.263674,44.19267205931608,164.0119975239494,10.6,241.0,46.5793158955735
12:14:53,2025-06-07,-1.06208,54.263568,44.258003188670266,163.72063741538284,10.6,241.0,46.592097416872015
12:14:54,2025-06-07,-1.062027,54.263462,44.577973509514315,164.15380413391085,10.6,241.0,46.990171292107256
12:14:55,2025-06-07,-1.061975,54.263355,46.63357005807787,164.2727068361654,10.6,241.0,49.067183056493654
12:14:56,2025-06-07,-1.061921,54.263243,44.913111739606165,162.71716413156685,10.6,241.0,47.06576644544823
12:14:57,2025-06-07,-1.061864,54.263136,44.983516507009824,162.4324172087138,10.6,241.0,47.084563001324554
12:14:58,2025-06-07,-1.061806,54.263029,44.60174429856907,162.2769700253291,10.6,241.0,46.67459519600304
12:14:59,2025-06-07,-1.061748,54.262923,43.532466114189276,161.50164964877558,10.6,241.0,45.464462766226475
12:15:00,2025-06-07,-1.061689,54.26282,43.53247640890762,161.5016065796001,10.6,241.0,45.46446522640258
12:15:01,2025-06-07,-1.06163,54.262717,45.42908780312464,160.74308969346248,10.6,241.0,47.22293255601669
12:15:02,2025-06-07,-1.061566,54.26261,43.383600087456074,160.45389082952488,10.6,241.0,45.12469071107613
12:15:03,2025-06-07,-1.061504,54.262508,42.71001092367416,159.7980694927678,10.6,241.0,44.33130783833811
12:15:04,2025-06-07,-1.061441,54.262408,43.68394922617756,160.9190489059655,10.6,241.0,45.50986925247757
12:15:05,2025-06-07,-1.06138,54.262305,44.08211605359462,159.48099073572178,10.6,241.0,45.645417547440104
12:15:06,2025-06-07,-1.061314,54.262202,43.38364561062423,160.45371206070865,10.6,241.0,45.12470361032416
12:15:07,2025-06-07,-1.061252,54.2621,43.98715845848147,161.3777721253491,10.6,241.0,45.89661654697805
12:15:08,2025-06-07,-1.061192,54.261996,42.69814042391368,161.45787805547047,10.6,241.0,44.622174197233
12:15:09,2025-06-07,-1.061134,54.261895,41.86375742771418,161.4127221413172,10.6,241.0,43.779575311524184
12:15:10,2025-06-07,-1.061077,54.261796,44.07831287206223,162.69758609218445,10.6,241.0,46.2274208949344
12:15:11,2025-06-07,-1.061021,54.261691,42.79106835639014,162.81725261851386,10.6,241.0,44.96185077510049
12:15:12,2025-06-07,-1.060967,54.261589,41.50402193965181,162.94434499002125,10.6,241.0,43.697813376712375
12:15:13,2025-06-07,-1.060915,54.26149,41.88721183396912,163.1051023325499,10.6,241.0,44.11009157680609
12:15:14,2025-06-07,-1.060863,54.26139,41.05220908957013,163.09255944986478,10.6,241.0,43.272819881603844
12:15:15,2025-06-07,-1.060812,54.261292,39.90379391650822,162.5904163831516,10.6,241.0,42.0334830481747
12:15:16,2025-06-07,-1.060761,54.261197,39.8340930713189,162.9116774036836,10.6,241.0,42.02197133932893
12:15:17,2025-06-07,-1.060711,54.261102,38.2340284682091,162.541011592725,10.6,241.0,40.354763058455525
12:15:18,2025-06-07,-1.060662,54.261011,38.23403555446545,162.54097540020962,10.6,241.0,40.35476358429596
12:15:19,2025-06-07,-1.060613,54.26092,37.313399887237345,160.95799776438116,10.6,241.0,39.1464175103412
12:15:20,2025-06-07,-1.060561,54.260832,39.136656880835375,160.4277836578092,10.6,241.0,40.872982969100505
12:15:21,2025-06-07,-1.060505,54.26074,37.4234399111888,158.72409944552862,10.6,241.0,38.84811166484228
12:15:22,2025-06-07,-1.060447,54.260653,39.71805201275553,158.19949755657717,10.6,241.0,41.04649206696448
12:15:23,2025-06-07,-1.060384,54.260561,38.51247604336479,156.34292432445977,10.6,241.0,39.49951125410107
12:15:24,2025-06-07,-1.060318,54.260473,39.3615630334632,155.01591303914665,10.6,241.0,40.10391844541013
12:15:25,2025-06-07,-1.060247,54.260384,40.1871893267663,155.1960648464385,10.6,241.0,40.96278814691635
12:15:26,2025-06-07,-1.060175,54.260293,40.48805196485484,154.2935820515204,10.6,241.0,41.0970452637267
12:15:27,2025-06-07,-1.0601,54.260202,40.950934227909336,154.24162898151735,10.6,241.0,41.55033158101635
12:15:28,2025-06-07,-1.060024,54.26011,42.036433988193735,154.95395740696927,10.6,241.0,42.767355016375184
12:15:29,2025-06-07,-1.059948,54.260015,42.204520446028646,155.76030038463944,10.6,241.0,43.08418650824814
12:15:30,2025-06-07,-1.059874,54.259919,43.117133251954655,156.98383745810725,10.6,241.0,44.222161149440346
12:15:31,2025-06-07,-1.059802,54.25982,43.48611843935341,157.19029055288433,10.6,241.0,44.62912580470444
12:15:32,2025-06-07,-1.05973,54.25972,43.30604017707822,157.76135547013087,10.6,241.0,44.55402282136491
12:15:33,2025-06-07,-1.05966,54.25962,44.42075234861711,158.3483410437443,10.6,241.0,45.77650755867436
12:15:34,2025-06-07,-1.05959,54.259517,46.083799621494414,158.54267464635075,10.6,241.0,47.475204350267305
12:15:35,2025-06-07,-1.059518,54.25941,46.066243583156584,157.27598717965282,10.6,241.0,47.2250115176435
12:15:36,2025-06-07,-1.059442,54.259304,44.05206325944224,155.50536585327654,10.6,241.0,44.88471931947046
12:15:37,2025-06-07,-1.059364,54.259204,45.27431652198677,154.5776018590875,10.6,241.0,45.93576038918576
12:15:38,2025-06-07,-1.059281,54.259102,44.01197803123383,152.0797480036532,10.6,241.0,44.21172487993814
12:15:39,2025-06-07,-1.059193,54.259005,44.80582436964217,150.22699354479187,10.6,241.0,44.66281872557245
12:15:40,2025-06-07,-1.059098,54.258908,44.59389125614576,148.67029697978046,10.6,241.0,44.16300353536717
12:15:41,2025-06-07,-1.058999,54.258813,44.16172803144964,147.61002691562487,10.6,241.0,43.53493224452166
12:15:42,2025-06-07,-1.058898,54.25872,44.50042505531924,147.88652430922673,10.6,241.0,43.92470023290642
12:15:43,2025-06-07,-1.058797,54.258626,43.57225029937299,147.84761419575216,10.6,241.0,42.989337674218625
12:15:44,2025-06-07,-1.058698,54.258534,44.112504054628886,149.70950269452533,10.6,241.0,43.873775914609645
12:15:45,2025-06-07,-1.058603,54.258439,44.86437091643114,153.32718404537093,10.6,241.0,45.29479299929
12:15:46,2025-06-07,-1.058517,54.258339,44.62360781475624,159.09648342318985,10.6,241.0,46.11651677698642
12:15:47,2025-06-07,-1.058449,54.258235,44.96391114435328,164.29136245582822,10.6,241.0,47.40088320268092
12:15:48,2025-06-07,-1.058397,54.258127,43.94226835302017,167.38355564669484,10.6,241.0,46.932169164903144
12:15:49,2025-06-07,-1.058356,54.25802,45.4655925508817,170.8158398354925,10.6,241.0,49.05897156964144
12:15:50,2025-06-07,-1.058325,54.257908,43.70048530575051,168.88120891812832,10.6,241.0,46.95515711629345
12:15:51,2025-06-07,-1.058289,54.257801,46.4477207797992,165.1046412848509,10.6,241.0,49.03087268699195
12:15:52,2025-06-07,-1.058238,54.257689,45.65639123338743,161.46158653300506,10.6,241.0,47.58109969234707
12:15:53,2025-06-07,-1.058176,54.257581,45.16665757183226,158.72260605883366,10.6,241.0,46.591055547935596
12:15:54,2025-06-07,-1.058106,54.257476,44.592946277631974,156.4791303110727,10.6,241.0,45.60506796756109
12:15:55,2025-06-07,-1.05803,54.257374,44.34941357980927,154.6784115761186,10.6,241.0,45.02947035955752
12:15:56,2025-06-07,-1.057949,54.257274,44.29633270175587,153.63510349651733,10.6,241.0,44.7836679187128
12:15:57,2025-06-07,-1.057865,54.257175,44.08959209678706,154.1803956186783,10.6,241.0,44.67767876373118
12:15:58,2025-06-07,-1.057783,54.257076,43.42435274131985,154.78438454149182,10.6,241.0,44.123973474572324
12:15:59,2025-06-07,-1.057704,54.256978,46.561938656174775,154.691219631825,10.6,241.0,47.24436009038077
12:16:00,2025-06-07,-1.057619,54.256873,45.737459275843676,154.52699217019654,10.6,241.0,46.38955809245971
12:16:01,2025-06-07,-1.057535,54.25677,45.63687597530874,154.79236017690357,10.6,241.0,46.33796901600949
12:16:02,2025-06-07,-1.057452,54.256667,45.83908466299776,154.2626234308907,10.6,241.0,46.44235983705697
12:16:03,2025-06-07,-1.057367,54.256564,46.14967541150433,153.47682555212168,10.6,241.0,46.607757574086136
12:16:04,2025-06-07,-1.057279,54.256461,46.36152631113712,152.95882970926584,10.6,241.0,46.723848815677236
12:16:05,2025-06-07,-1.057189,54.256358,48.21606274904886,152.83362927253847,10.6,241.0,48.55523524782129
12:16:06,2025-06-07,-1.057095,54.256251,46.93262375333908,152.67191556546175,10.6,241.0,47.241892431909505
12:16:07,2025-06-07,-1.057003,54.256147,47.2279576383407,154.12816571412736,10.6,241.0,47.80639615654152
12:16:08,2025-06-07,-1.056915,54.256041,47.69095823734065,154.08511914098403,10.6,241.0,48.26144463242497
12:16:09,2025-06-07,-1.056826,54.255934,47.539929698012365,153.36613827902772,10.6,241.0,47.977552461165295
12:16:10,2025-06-07,-1.056735,54.255828,48.43262461230516,152.3403328734812,10.6,241.0,48.68057014663755
12:16:11,2025-06-07,-1.056639,54.255721,49.14355587420845,152.77423954951666,10.6,241.0,49.47174642900009
12:16:12,2025-06-07,-1.056543,54.255612,49.50007177170403,152.98647719304597,10.6,241.0,49.86750616493258
12:16:13,2025-06-07,-1.056447,54.255502,50.07100245320228,152.71727171469126,10.6,241.0,50.38865857162811
12:16:14,2025-06-07,-1.056349,54.255391,50.998471636722115,152.66243194165622,10.6,241.0,51.30598654111394
12:16:15,2025-06-07,-1.056249,54.255278,50.620506409528566,151.5390355206253,10.6,241.0,50.72022915141954
12:16:16,2025-06-07,-1.056146,54.255167,49.69231760082156,151.57319357777436,10.6,241.0,49.798359452926356
12:16:17,2025-06-07,-1.056045,54.255058,49.33373863986064,150.41205039267652,10.6,241.0,49.22496699012925
12:16:18,2025-06-07,-1.055941,54.254951,48.639107779670866,150.89857009062484,10.6,241.0,48.62034275915907
12:16:19,2025-06-07,-1.05584,54.254845,50.89109144184879,152.89635145941077,10.6,241.0,51.2418617052687
12:16:20,2025-06-07,-1.055741,54.254732,49.54342302494279,153.92048006948164,10.6,241.0,50.0834922163922
12:16:21,2025-06-07,-1.055648,54.254621,48.77488446825502,154.70179368387676,10.6,241.0,49.45925808402677
12:16:22,2025-06-07,-1.055559,54.254511,45.83952387202664,154.2614516794631,10.6,241.0,46.44258261756941
12:16:23,2025-06-07,-1.055474,54.254408,44.417745152672786,155.7172121941503,10.6,241.0,45.289466937477286
12:16:24,2025-06-07,-1.055396,54.254307,42.29973640358891,158.228464108406,10.6,241.0,43.633492990783125
12:16:25,2025-06-07,-1.055329,54.254209,39.137325262498585,160.42487882881858,10.6,241.0,40.87312119978055
12:16:26,2025-06-07,-1.055273,54.254117,39.6532463832322,165.99077705144987,10.6,241.0,42.3950800755463
12:16:27,2025-06-07,-1.055232,54.254021,39.894968396489155,173.9369408441147,10.6,241.0,44.025977009805075
12:16:28,2025-06-07,-1.055214,54.253922,41.7166133659731,182.5730336336322,10.6,241.0,47.26661416528148
12:16:29,2025-06-07,-1.055222,54.253818,40.85788729869709,191.23427051850766,10.6,241.0,47.704580194577254
12:16:30,2025-06-07,-1.055256,54.253718,45.27715915062221,198.70135073105422,10.6,241.0,53.11741693556871
12:16:31,2025-06-07,-1.055318,54.253611,47.07982237800731,203.13855044633675,10.6,241.0,55.4484928789062
12:16:32,2025-06-07,-1.055397,54.253503,50.04533917806228,208.2092644438358,10.6,241.0,58.95627352890855
12:16:33,2025-06-07,-1.055498,54.253393,50.84371868995122,209.83778642817597,10.6,241.0,59.91419923378244
12:16:34,2025-06-07,-1.055606,54.253283,49.82492776066458,211.45670144073256,10.6,241.0,59.04675097147921
12:16:35,2025-06-07,-1.055717,54.253177,49.6076942354166,211.92924304764608,10.6,241.0,58.872309719633556
12:16:36,2025-06-07,-1.055829,54.253072,45.80871682089901,212.82455592088183,10.6,241.0,55.15267933667777
12:16:37,2025-06-07,-1.055935,54.252976,44.37764071600169,211.86091161760825,10.6,241.0,53.63610717019145
12:16:38,2025-06-07,-1.056035,54.252882,41.34569351047304,211.41513888039714,10.6,241.0,50.563722857598826
12:16:39,2025-06-07,-1.056127,54.252794,40.058663089917125,208.26870372468483,10.6,241.0,48.97554807583398
12:16:40,2025-06-07,-1.056208,54.252706,40.00534873245007,201.2796782682931,10.6,241.0,48.1585819787789
12:16:41,2025-06-07,-1.05627,54.252613,39.09818638264412,193.15316283857595,10.6,241.0,46.21200310198427
12:16:42,2025-06-07,-1.056308,54.252518,40.433273309351925,187.65296913626034,10.6,241.0,46.76112153192809
12:16:43,2025-06-07,-1.056331,54.252418,40.98658767495503,184.25832914158656,10.6,241.0,46.799784506559824
12:16:44,2025-06-07,-1.056344,54.252316,42.07506549809384,180.0,10.6,241.0,47.21404747270502
12:16:45,2025-06-07,-1.056344,54.252211,42.4919792490075,178.42146876841923,10.6,241.0,47.37362287463447
12:16:46,2025-06-07,-1.056339,54.252105,40.87898062625619,179.01558468769065,10.6,241.0,45.857924760657944
12:16:47,2025-06-07,-1.056336,54.252003,43.2778440637657,179.69006318916684,10.6,241.0,48.36660055083495
12:16:48,2025-06-07,-1.056335,54.251895,42.47836980205364,179.36844844471784,10.6,241.0,47.514850976108725
12:16:49,2025-06-07,-1.056333,54.251789,39.6707725707142,180.0,10.6,241.0,44.809754545325376
12:16:50,2025-06-07,-1.056333,54.25169,39.27286107272134,179.31689465432316,10.6,241.0,44.30094788470995
12:16:51,2025-06-07,-1.056331,54.251592,37.67012032182119,179.2878276517274,10.6,241.0,42.69347243856192
12:16:52,2025-06-07,-1.056329,54.251498,38.90403044883437,177.58578728842576,10.6,241.0,43.64792552573374
12:16:53,2025-06-07,-1.056322,54.251401,37.726350024494586,176.79838097935078,10.6,241.0,42.339530006439865
12:16:54,2025-06-07,-1.056313,54.251307,37.32626991516,176.76402046091505,10.6,241.0,41.933725785459416
12:16:55,2025-06-07,-1.056304,54.251214,38.126442489719615,176.83199881249618,10.6,241.0,42.745221253832554
12:16:56,2025-06-07,-1.056295,54.251119,36.55628768733041,175.96037431014906,10.6,241.0,41.029396096772516
12:16:57,2025-06-07,-1.056284,54.251028,35.37514940619735,175.44494665979096,10.6,241.0,39.761627669698285
12:16:58,2025-06-07,-1.056272,54.25094,34.995393344736904,175.01073511155653,10.6,241.0,39.308616031009265
12:16:59,2025-06-07,-1.056259,54.250853,35.35724507820224,175.82311266311422,10.6,241.0,39.80731840677851
12:17:00,2025-06-07,-1.056248,54.250765,34.91269255296184,176.92484220620543,10.6,241.0,39.54692537880982
12:17:01,2025-06-07,-1.05624,54.250678,33.7262288895122,176.41811377092517,10.6,241.0,38.27596827609223
12:17:02,2025-06-07,-1.056231,54.250594,33.42117664378999,174.3718499090054,10.6,241.0,37.62616419790817
12:17:03,2025-06-07,-1.056217,54.250511,32.180614519459525,174.9915920684159,10.6,241.0,36.49060186187802
12:17:04,2025-06-07,-1.056205,54.250431,33.777616963402565,175.2289497528336,10.6,241.0,38.127685742272014
12:17:05,2025-06-07,-1.056193,54.250347,32.56036949817629,175.46353951792116,10.6,241.0,36.94997895720469
12:17:06,2025-06-07,-1.056182,54.250266,31.803105691903976,174.50835278553825,10.6,241.0,36.03126291626439
12:17:07,2025-06-07,-1.056169,54.250187,32.249838331642714,173.74837410204952,10.6,241.0,36.34869712613054
12:17:08,2025-06-07,-1.056154,54.250107,30.606721817176627,174.29295986895283,10.6,241.0,34.79830787417445
12:17:09,2025-06-07,-1.056141,54.250031,30.54459119189036,175.60403076095122,10.6,241.0,34.95784560587123
12:17:10,2025-06-07,-1.056131,54.249955,30.56351394775109,175.16641370168077,10.6,241.0,34.90302978352719
12:17:11,2025-06-07,-1.05612,54.249879,28.912470285310466,176.2857453885673,10.6,241.0,33.44007927497899
12:17:12,2025-06-07,-1.056112,54.249807,29.328314025855033,175.88002929478716,10.6,241.0,33.78794214064544
12:17:13,2025-06-07,-1.056103,54.249734,28.946731000234333,175.3608155594559,10.6,241.0,33.31903510146125
12:17:14,2025-06-07,-1.056093,54.249662,29.31235059552726,176.33646675623095,10.6,241.0,33.84844244828986
12:17:15,2025-06-07,-1.056085,54.249589,28.946730979286365,175.3607993229748,10.6,241.0,33.3190323441275
12:17:16,2025-06-07,-1.056075,54.249517,28.912469607413904,176.2857128814187,10.6,241.0,33.44007315930645
12:17:17,2025-06-07,-1.056067,54.249445,27.298066525870418,176.55813406730567,10.6,241.0,31.871189184982754
12:17:18,2025-06-07,-1.05606,54.249377,27.698065465330235,176.6078931905049,10.6,241.0,32.279491286198265
12:17:19,2025-06-07,-1.056053,54.249308,27.349456211722703,175.0891700659496,10.6,241.0,31.675930068229178
12:17:20,2025-06-07,-1.056043,54.24924,28.56760004364154,174.82771774452578,10.6,241.0,32.849871522929185
12:17:21,2025-06-07,-1.056032,54.249169,26.551071332344286,174.94110126865087,10.6,241.0,30.852522975329684
12:17:22,2025-06-07,-1.056022,54.249103,28.08534287421225,177.13303873965185,10.6,241.0,32.754186338848726
12:17:23,2025-06-07,-1.056016,54.249033,27.257691438455396,178.5234498996483,10.6,241.0,32.15607448891729
12:17:24,2025-06-07,-1.056013,54.248965,25.662911725524022,177.90868348415563,10.6,241.0,30.460152250394454
12:17:25,2025-06-07,-1.056009,54.248901,24.498726995871134,176.16423467253458,10.6,241.0,29.00599958332193
12:17:26,2025-06-07,-1.056002,54.24884,24.061196543674196,177.76939228484252,10.6,241.0,28.83544345707776
12:17:27,2025-06-07,-1.055998,54.24878,20.842447853502808,178.71267541896884,10.6,241.0,25.771849678594663
12:17:28,2025-06-07,-1.055996,54.248728,19.636421104092275,179.3168464139743,10.6,241.0,24.664500059329978
12:17:29,2025-06-07,-1.055995,54.248679,18.056574131145076,182.97298662020376,10.6,241.0,23.66947949621669
12:17:30,2025-06-07,-1.055999,54.248634,15.18606475208243,192.46615284849378,10.6,241.0,22.20514616035095
12:17:31,2025-06-07,-1.056013,54.248597,15.291403510440478,215.61031581355618,10.6,241.0,24.86757607202345
12:17:32,2025-06-07,-1.056051,54.248566,15.470901396974119,245.46759780848151,10.6,241.0,26.03869377279609
12:17:33,2025-06-07,-1.056111,54.24855,15.300477739224721,265.4833822951919,10.6,241.0,24.947341719809117
12:17:34,2025-06-07,-1.056176,54.248547,15.258442003854743,271.50835220595764,10.6,241.0,24.390926759708993
12:17:35,2025-06-07,-1.056241,54.248548,14.761837499749506,284.17217915612343,10.6,241.0,22.492427398150554
12:17:36,2025-06-07,-1.056302,54.248557,13.553546549071433,290.8239160167667,10.6,241.0,20.39201796613541
12:17:37,2025-06-07,-1.056356,54.248569,12.560745250508596,298.64495377617584,10.6,241.0,18.233485534023735
12:17:38,2025-06-07,-1.056403,54.248584,10.734495609392605,301.56651764317763,10.6,241.0,15.943471155821054
12:17:39,2025-06-07,-1.056442,54.248598,7.897387323626776,300.54851641873097,10.6,241.0,13.269558253504172
12:17:40,2025-06-07,-1.056471,54.248608,0.3548031075378106,273.54000368668613,10.6,241.0,9.290773765568849
12:18:35,2025-06-07,-1.056554,54.248611,6.570590241741963,270.00001136199364,10.6,241.0,15.841558118337673
12:18:36,2025-06-07,-1.056582,54.248611,9.59800907430568,257.9240666411522,10.6,241.0,19.738937834649825
12:18:37,2025-06-07,-1.056622,54.248606,12.165292638195274,242.48486968543867,10.6,241.0,22.761733187518114
12:18:38,2025-06-07,-1.056668,54.248592,12.982591492035196,236.1885185168219,10.6,241.0,23.545237845328412
12:18:39,2025-06-07,-1.056714,54.248574,12.79408847782364,243.9408901778673,10.6,241.0,23.380128238369835
12:18:40,2025-06-07,-1.056763,54.24856,13.738570390256866,253.0052134023568,10.6,241.0,24.106734383251414
12:18:41,2025-06-07,-1.056819,54.24855,13.238591564557645,263.0300494979203,10.6,241.0,23.064656519315132
12:18:42,2025-06-07,-1.056875,54.248546,14.598767321471467,265.26580484822625,10.6,241.0,24.262243684303428
12:18:43,2025-06-07,-1.056937,54.248543,15.253181005745061,270.00002637691904,10.6,241.0,24.524147535618944
12:18:44,2025-06-07,-1.057002,54.248543,16.43138968983907,268.5993957385173,10.6,241.0,25.825199421650083
12:18:45,2025-06-07,-1.057072,54.248542,16.738090693685265,264.4923343218311,10.6,241.0,26.459492896319766
12:18:46,2025-06-07,-1.057143,54.248538,17.205322850824427,264.6423410450078,10.6,241.0,26.91562907777066
12:18:47,2025-06-07,-1.057216,54.248534,16.971694728400262,264.5683708469422,10.6,241.0,26.687480843311388
12:18:48,2025-06-07,-1.057288,54.24853,17.821955564621877,260.92409195215964,10.6,241.0,27.78749171421785
12:18:49,2025-06-07,-1.057363,54.248523,18.577427298421163,266.28132184953,10.6,241.0,28.162178571775065
12:18:50,2025-06-07,-1.057442,54.24852,19.012044357580937,268.78954921249795,10.6,241.0,28.3895042726827
12:18:51,2025-06-07,-1.057523,54.248519,19.07528395420945,265.16886028095905,10.6,241.0,28.746117324428496
12:18:52,2025-06-07,-1.057604,54.248515,19.07528578631434,265.16886075104685,10.6,241.0,28.746119120926092
12:18:53,2025-06-07,-1.057685,54.248511,20.897820034047342,261.15606494842075,10.6,241.0,30.848649803077244
12:18:54,2025-06-07,-1.057773,54.248503,21.57488617426099,258.1848471579747,10.6,241.0,31.701665431801832
12:18:55,2025-06-07,-1.057863,54.248492,21.882592168694753,265.7898384966525,10.6,241.0,31.505821829489136
12:18:56,2025-06-07,-1.057956,54.248488,21.77060777742378,262.580424313358,10.6,241.0,31.627571151711475
12:18:57,2025-06-07,-1.058048,54.248481,22.584759783695525,265.92095827524156,10.6,241.0,32.19779317461545
12:18:58,2025-06-07,-1.058144,54.248477,22.584761960359995,265.9209586726977,10.6,241.0,32.1977953202962
12:18:59,2025-06-07,-1.05824,54.248473,23.028542215142153,267.00083359774703,10.6,241.0,32.55569149945209
12:19:00,2025-06-07,-1.058338,54.24847,23.7856750886029,265.15697264578864,10.6,241.0,33.45740869203315
12:19:01,2025-06-07,-1.058439,54.248465,22.754763977578502,261.8828165377801,10.6,241.0,32.658465038941245
12:19:02,2025-06-07,-1.058535,54.248457,24.3326946174336,263.36533952032477,10.6,241.0,34.13532434028234
12:19:03,2025-06-07,-1.058638,54.24845,24.43473494221291,267.1735795785868,10.6,241.0,33.947830689249145
12:19:04,2025-06-07,-1.058742,54.248447,24.45772634900153,266.2337995442722,10.6,241.0,34.04622900390392
12:19:05,2025-06-07,-1.058846,54.248443,24.25338452841148,265.25058228216767,10.6,241.0,33.9180179451187
12:19:06,2025-06-07,-1.058949,54.248438,24.099620315938296,263.3008844436531,10.6,241.0,33.90678124060992
12:19:07,2025-06-07,-1.059051,54.248431,25.31296483288543,262.7078205822638,10.6,241.0,35.16123503276873
12:19:08,2025-06-07,-1.059158,54.248423,24.09962893951522,263.30088686663436,10.6,241.0,33.90678969408412
12:19:09,2025-06-07,-1.05926,54.248416,24.45774460618791,266.23380236651985,10.6,241.0,34.04624703849963
12:19:10,2025-06-07,-1.059364,54.248412,23.633558089480246,263.1681588995649,10.6,241.0,33.45001054209936
12:19:11,2025-06-07,-1.059464,54.248405,22.794238121788194,266.9699758474212,10.6,241.0,32.32388868748228
12:19:12,2025-06-07,-1.059561,54.248402,23.466512346288734,270.0000405777066,10.6,241.0,32.73747760246202
12:19:13,2025-06-07,-1.059661,54.248402,23.231847222845175,270.0000401716114,10.6,241.0,32.50281251544207
12:19:14,2025-06-07,-1.05976,54.248402,24.877730825476597,269.0749961709082,10.6,241.0,34.23045353613931
12:19:15,2025-06-07,-1.059866,54.248401,24.691918892600224,266.26957131012625,10.6,241.0,34.27759836003341
12:19:16,2025-06-07,-1.059971,54.248397,25.394473042587425,266.37291650775666,10.6,241.0,34.971975290375276
12:19:17,2025-06-07,-1.060079,54.248393,25.60673867813701,267.30304355054716,10.6,241.0,35.10924534591625
12:19:18,2025-06-07,-1.060188,54.24839,25.343840689912813,270.00004382430313,10.6,241.0,34.61480565489148
12:19:19,2025-06-07,-1.060296,54.24839,25.34700867324417,269.0921248466424,10.6,241.0,34.69823960168086
12:19:20,2025-06-07,-1.060404,54.248389,25.372337075639773,267.27810857071347,10.6,241.0,34.87688699197726
12:19:21,2025-06-07,-1.060512,54.248386,24.87451271337091,270.0000430122464,10.6,241.0,34.14547775118479
12:19:22,2025-06-07,-1.060618,54.248386,23.497293843369835,267.0607184557065,10.6,241.0,33.01958106935946
12:19:23,2025-06-07,-1.060718,54.248383,21.83857736811829,267.89209812852397,10.6,241.0,31.292292499523494
12:19:24,2025-06-07,-1.060811,54.248381,19.910457888276582,261.88282787911317,10.6,241.0,29.81415820171857
12:19:25,2025-06-07,-1.060895,54.248374,16.68049926479105,267.23981629655066,10.6,241.0,26.188183462259317
12:19:26,2025-06-07,-1.060966,54.248372,14.170858012680242,276.5094339336425,10.6,241.0,22.799468875503905
12:19:27,2025-06-07,-1.061026,54.248376,13.896620145684329,281.6711166203662,10.6,241.0,21.936327619490157
12:19:28,2025-06-07,-1.061084,54.248383,14.336996683742363,266.78819849264335,10.6,241.0,23.881325714187142
12:19:29,2025-06-07,-1.061145,54.248381,14.3072471501972,255.36781892791095,10.6,241.0,24.57570765267964
12:19:30,2025-06-07,-1.061204,54.248372,15.093701778907473,246.48450215503064,10.6,241.0,25.645175902375335
12:19:31,2025-06-07,-1.061263,54.248357,14.450659519239693,245.37116377338992,10.6,241.0,25.019826638294177
12:19:32,2025-06-07,-1.061319,54.248342,13.195262622545433,250.44382339340353,10.6,241.0,23.65160030457732
12:19:33,2025-06-07,-1.061372,54.248331,12.72438641517815,253.49936604630813,10.6,241.0,23.07314947503649
12:19:34,2025-06-07,-1.061424,54.248322,12.443729366540147,268.1504133902951,10.6,241.0,21.87573270150707
12:19:35,2025-06-07,-1.061477,54.248321,12.772911665441395,262.7746215171319,10.6,241.0,22.61660409021027
12:19:36,2025-06-07,-1.061531,54.248317,11.377421362228429,261.8828254078629,10.6,241.0,21.28112183864065
12:19:37,2025-06-07,-1.061579,54.248313,11.327918289368213,263.8942829571644,10.6,241.0,21.092895108740944
12:19:38,2025-06-07,-1.061627,54.24831,12.202613573376105,270.0000211009362,10.6,241.0,21.47358057646462
12:19:39,2025-06-07,-1.061679,54.24831,13.381942894461833,268.2801316929599,10.6,241.0,22.802970868083825
12:19:40,2025-06-07,-1.061736,54.248309,13.738646651940842,253.0053108443459,10.6,241.0,24.106806895240837
12:19:41,2025-06-07,-1.061792,54.248299,12.35526889546925,240.83385489063306,10.6,241.0,22.95522432928778
12:19:42,2025-06-07,-1.061838,54.248284,11.144416027523876,223.95145562813244,10.6,241.0,21.27861702799864
12:19:43,2025-06-07,-1.061871,54.248264,11.888332914681527,219.10779614106022,10.6,241.0,21.723935084305772
12:19:44,2025-06-07,-1.061903,54.248241,10.925214778558171,212.4188746431812,10.6,241.0,20.233505357895403
12:19:45,2025-06-07,-1.061928,54.248218,11.988775313155967,200.58645810718568,10.6,241.0,20.059457402089315
12:19:46,2025-06-07,-1.061946,54.24819,11.122967905680975,193.38940753041865,10.6,241.0,18.269125971436296
12:19:47,2025-06-07,-1.061957,54.248163,12.431016650491989,182.15875571533633,10.6,241.0,17.91557476072646
12:19:48,2025-06-07,-1.061959,54.248132,14.042670021064719,177.13297379416372,10.6,241.0,18.71150269873697
12:19:49,2025-06-07,-1.061956,54.248097,13.642474001652772,177.04879401167273,10.6,241.0,18.297320003468165
12:19:50,2025-06-07,-1.061953,54.248063,14.0250119565465,180.0,10.6,241.0,19.163993931157673
12:19:51,2025-06-07,-1.061953,54.248028,14.828298121910084,180.90469968223286,10.6,241.0,20.11302188125152
12:19:52,2025-06-07,-1.061954,54.247991,14.026974887364776,180.9563882752001,10.6,241.0,19.31998592820398
12:19:53,2025-06-07,-1.061955,54.247956,15.634916127188676,181.7162419299438,10.6,241.0,21.049254555185524
12:19:54,2025-06-07,-1.061957,54.247917,16.836556804569828,181.59372049448044,10.6,241.0,22.23139582128331
12:19:55,2025-06-07,-1.061959,54.247875,15.272294836520581,184.3961940665515,10.6,241.0,21.10680283852678
12:19:56,2025-06-07,-1.061964,54.247837,14.494276991743778,185.5619339664203,10.6,241.0,20.507622503479297
12:19:57,2025-06-07,-1.06197,54.247801,12.641867709612956,190.67376822239152,10.6,241.0,19.409071964040084
12:19:58,2025-06-07,-1.06198,54.24777,14.865616996020401,199.3190879611985,10.6,241.0,22.78233046110485
12:19:59,2025-06-07,-1.062001,54.247735,14.488171920990842,199.8435105115874,10.6,241.0,22.469069879849084
12:20:00,2025-06-07,-1.062022,54.247701,18.816013607389564,200.39595916127303,10.6,241.0,26.863802942609706
12:20:01,2025-06-07,-1.06205,54.247657,17.367844820815247,198.88169289050788,10.6,241.0,25.23051766246872
12:20:02,2025-06-07,-1.062074,54.247616,18.12783004397976,198.06177107294872,10.6,241.0,25.887968618274765
12:20:03,2025-06-07,-1.062098,54.247573,19.192017810740662,199.97898593980221,10.6,241.0,27.189388259709343
12:20:04,2025-06-07,-1.062126,54.247528,20.27662699964174,204.57304655921047,10.6,241.0,28.805541213330244
12:20:05,2025-06-07,-1.062162,54.247482,19.62168005442467,208.5250483023184,10.6,241.0,28.56411840356584
12:20:06,2025-06-07,-1.062202,54.247439,21.386504191066468,212.46546898394203,10.6,241.0,30.69891560921426
12:20:07,2025-06-07,-1.062251,54.247394,20.87676705358918,219.78108542985507,10.6,241.0,30.7581333794102
12:20:08,2025-06-07,-1.062308,54.247354,19.76205902874315,226.35030176025091,10.6,241.0,30.017454746274588
12:20:09,2025-06-07,-1.062369,54.24732,20.54570670645054,234.12697553341388,10.6,241.0,31.06953292018548
12:20:10,2025-06-07,-1.06244,54.24729,22.68090371211136,239.12110023637183,10.6,241.0,33.27520470880805
12:20:11,2025-06-07,-1.062523,54.247261,23.206959773164485,245.46829673486224,10.6,241.0,33.77474207596335
12:20:12,2025-06-07,-1.062613,54.247237,22.828905215700274,246.14056111774966,10.6,241.0,33.38627080019084
12:20:13,2025-06-07,-1.062702,54.247214,23.375885900650303,244.5730907487398,10.6,241.0,33.95528064799918
12:20:14,2025-06-07,-1.062792,54.247189,21.43345879477823,246.8354052303426,10.6,241.0,31.97853036196787
12:20:15,2025-06-07,-1.062876,54.247168,21.266056443900652,240.60870753674612,10.6,241.0,31.865809253339872
12:20:16,2025-06-07,-1.062955,54.247142,17.62140544581254,238.40591628029475,10.6,241.0,28.210543080785357
12:20:17,2025-06-07,-1.063019,54.247119,15.630329727499184,235.6048389494013,10.6,241.0,26.183370763180434
12:20:18,2025-06-07,-1.063074,54.247097,12.886254539684538,231.4789852960456,10.6,241.0,23.340239536877753
12:20:19,2025-06-07,-1.063117,54.247077,12.981502565648377,216.5606610593507,10.6,241.0,22.631740563693427
12:20:20,2025-06-07,-1.06315,54.247051,10.589453129181686,213.5828869494527,10.6,241.0,19.998838800184096
12:20:21,2025-06-07,-1.063175,54.247029,6.501241158192943,210.2974014298077,10.6,241.0,15.615429785146688
12:20:22,2025-06-07,-1.063189,54.247015,3.0405297702217693,202.6532888367935,10.6,241.0,11.353800531170517
12:20:23,2025-06-07,-1.063194,54.247008,3.3188486152406926,205.0529772363101,10.6,241.0,11.900186000684064
12:20:25,2025-06-07,-1.063206,54.246993,4.065823375482956,207.44605715889486,10.6,241.0,12.899501012754246
12:20:26,2025-06-07,-1.063214,54.246984,4.8993402204641106,191.0211922320598,10.6,241.0,11.7158918220089
12:20:27,2025-06-07,-1.063218,54.246972,6.479785210527712,171.6893985620543,10.6,241.0,10.22478378726798
12:20:28,2025-06-07,-1.063214,54.246956,7.742682023551718,169.5457308120947,10.6,241.0,11.114133529805079
12:20:29,2025-06-07,-1.063208,54.246937,15.294496539318839,165.8200009997861,10.6,241.0,18.005798928514114
12:20:30,2025-06-07,-1.063192,54.2469,14.654499997059453,158.43320542795527,10.6,241.0,16.02582509263162
12:20:31,2025-06-07,-1.063169,54.246866,14.928160603421652,155.92426310668532,10.6,241.0,15.8380522957927
12:20:32,2025-06-07,-1.063143,54.246832,16.13580034212424,150.42071390569333,10.6,241.0,16.02863140160813
12:20:33,2025-06-07,-1.063109,54.246797,16.49528730537303,148.29704050937073,10.6,241.0,15.995412016063106
12:20:34,2025-06-07,-1.063072,54.246762,16.7471070022208,146.93294188638947,10.6,241.0,15.995313030722608
12:20:35,2025-06-07,-1.063033,54.246727,17.766007922071157,149.0500264163428,10.6,241.0,17.405322891070956
12:20:36,2025-06-07,-1.062994,54.246689,17.674836615889927,147.07837776660654,10.6,241.0,16.949883630520958
12:20:37,2025-06-07,-1.062953,54.246652,16.95435956817124,143.53690562513532,10.6,241.0,15.577551526601212
12:20:38,2025-06-07,-1.06291,54.246618,17.6779090780942,140.4810645798064,10.6,241.0,15.742768128393601
12:20:39,2025-06-07,-1.062862,54.246584,17.129834752857132,134.63608498554538,10.6,241.0,14.143420186815115
12:20:40,2025-06-07,-1.06281,54.246554,17.280602340679103,125.49285760788507,10.6,241.0,12.71599209404495
12:20:41,2025-06-07,-1.06275,54.246529,17.04842644258344,116.57743460177545,10.6,241.0,11.056332061858718
12:20:42,2025-06-07,-1.062685,54.24651,17.009943680675985,107.87175722413417,10.6,241.0,9.763427423904238
12:20:43,2025-06-07,-1.062616,54.246497,16.43379612456086,99.84978790205281,10.6,241.0,8.178588465867987
12:20:44,2025-06-07,-1.062547,54.24649,16.038262636961857,95.74877573606312,10.6,241.0,7.328675995444405
12:20:45,2025-06-07,-1.062479,54.246486,15.804780468866975,95.83399105294723,10.6,241.0,7.104189322330672
12:20:46,2025-06-07,-1.062412,54.246482,15.978081520282196,92.88162613674075,10.6,241.0,6.977185797652696
12:20:47,2025-06-07,-1.062344,54.24648,15.104551814906856,83.89450623398272,10.6,241.0,5.3395910654732734
12:20:48,2025-06-07,-1.06228,54.246484,15.067297116873412,85.41328465284226,10.6,241.0,5.41506586924401
12:20:49,2025-06-07,-1.062216,54.246487,14.549911541826255,89.99997484321113,10.6,241.0,5.27894038978293
12:20:50,2025-06-07,-1.062154,54.246487,14.83337998834937,85.34079816324714,10.6,241.0,5.175613757765365
12:20:51,2025-06-07,-1.062091,54.24649,14.086259119799118,88.36610295529204,10.6,241.0,4.672531716664496
12:20:52,2025-06-07,-1.062031,54.246491,13.897970708682966,85.02645739968273,10.6,241.0,4.216380763632301
12:20:53,2025-06-07,-1.061972,54.246494,12.209726756194952,88.11491026033218,10.6,241.0,2.774727954342147
12:20:54,2025-06-07,-1.06192,54.246495,11.518173028358854,77.92463062245662,10.6,241.0,1.3772746421023978
12:20:55,2025-06-07,-1.061872,54.246501,11.174620245663059,54.925977388776175,10.6,241.0,0.6341284219850554
12:20:56,2025-06-07,-1.061833,54.246517,10.369762967868166,42.69391309873913,10.6,241.0,0.30620655062043234
12:20:57,2025-06-07,-1.061803,54.246536,7.667900398291569,27.273706442343155,10.6,241.0,-1.148113362011034
12:20:58,2025-06-07,-1.061788,54.246553,2.8148014395953913,4.771486224505338,10.6,241.0,-3.0775477552120316
12:20:59,2025-06-07,-1.061787,54.24656,1.5252249574055288,322.07911125977665,10.6,241.0,3.1689729330881096
12:21:00,2025-06-07,-1.061791,54.246563,0.4693511225229463,270.00000077970594,10.6,241.0,9.740319948267034
12:21:01,2025-06-07,-1.061793,54.246563,0.03811638894819035,188.31068108264998,10.6,241.0,6.463165217607912
12:22:26,2025-06-07,-1.061795,54.246555,16.31633217906022,190.75228150545405,10.6,241.0,23.094710114891196
12:22:27,2025-06-07,-1.061808,54.246515,8.237150179110394,223.07235774532072,10.6,241.0,18.322477879228696
12:22:28,2025-06-07,-1.061832,54.2465,8.332983489376952,234.69438721761531,10.6,241.0,18.86885561938999
12:22:29,2025-06-07,-1.061861,54.246488,8.38533203168346,231.52927759199002,10.6,241.0,18.84085202305618
12:22:30,2025-06-07,-1.061889,54.246475,8.706902479564985,208.96660151801768,10.6,241.0,17.692936462728255
12:22:31,2025-06-07,-1.061907,54.246456,7.617191789774625,178.23855874069136,10.6,241.0,12.468773420418671
12:22:32,2025-06-07,-1.061906,54.246437,8.753300582225032,156.33574966681647,10.6,241.0,9.739014205434646
12:22:33,2025-06-07,-1.061891,54.246417,11.42698443716036,155.79788590770045,10.6,241.0,12.313579830147123
12:22:34,2025-06-07,-1.061871,54.246391,9.069386680198422,147.1453633862567,10.6,241.0,8.356797838439718
12:22:35,2025-06-07,-1.06185,54.246372,10.45131167171165,151.92040877414706,10.6,241.0,10.621584482007737
12:22:36,2025-06-07,-1.061829,54.246349,10.721305994452496,145.37342941514908,10.6,241.0,9.68203514060934
12:22:37,2025-06-07,-1.061803,54.246327,10.07265513229528,142.77996236353022,10.6,241.0,8.557119366736359
12:22:38,2025-06-07,-1.061777,54.246307,10.856581564662319,144.3557549161515,10.6,241.0,9.63011682377185
12:22:39,2025-06-07,-1.06175,54.246285,10.216523170237918,141.73332001904646,10.6,241.0,8.509606296491983
12:22:40,2025-06-07,-1.061723,54.246265,9.600723995336033,138.76691308027353,10.6,241.0,7.354698527228467
12:22:41,2025-06-07,-1.061696,54.246247,10.363708817980791,140.7159933952396,10.6,241.0,8.471316586186624
12:22:42,2025-06-07,-1.061668,54.246227,10.8565886191971,144.35570229666496,10.6,241.0,9.630114208826402
12:22:43,2025-06-07,-1.061641,54.246205,10.369800924072289,137.3058334260005,10.6,241.0,7.860365096642084
12:22:44,2025-06-07,-1.061611,54.246186,9.373768901239742,126.82418008784691,10.6,241.0,5.0326654391675
12:22:45,2025-06-07,-1.061579,54.246172,8.306354995852182,122.1093796465903,10.6,241.0,3.185080978584242
12:22:46,2025-06-07,-1.061549,54.246161,8.525767962640598,124.39455421598609,10.6,241.0,3.7786207955191315
12:22:47,2025-06-07,-1.061519,54.246149,10.547054782321283,117.1773582644845,10.6,241.0,4.646840864168077
12:22:48,2025-06-07,-1.061479,54.246137,10.605756581920007,127.25799832608857,10.6,241.0,6.33799612442907
12:22:49,2025-06-07,-1.061443,54.246121,10.363721383811159,140.71590763992367,10.6,241.0,8.471313541740527
12:22:50,2025-06-07,-1.061415,54.246101,10.32416813721712,158.7172537553554,10.6,241.0,11.747584885613106
12:22:51,2025-06-07,-1.061399,54.246077,10.418576865337696,180.0,10.6,241.0,15.55755883994887
12:22:52,2025-06-07,-1.061399,54.246051,8.753313326795785,203.66444741290735,10.6,241.0,17.181344770985724
12:22:53,2025-06-07,-1.061414,54.246031,7.152054106141716,231.88914562294946,10.6,241.0,17.618322670621474
12:22:54,2025-06-07,-1.061438,54.24602,5.9088730456736345,245.9411362172218,10.6,241.0,16.469480406242415
12:22:55,2025-06-07,-1.061461,54.246014,3.6556357332191407,296.0577371146098,10.6,241.0,9.72679297831154
12:22:56,2025-06-07,-1.061475,54.246018,2.035627224697231,306.25896238568106,10.6,241.0,6.471914609485356
12:22:57,2025-06-07,-1.061482,54.246021,0.7040359124653732,270.00000114355373,10.6,241.0,9.975004705575168
12:22:58,2025-06-07,-1.061485,54.246021,1.6701646409773403,196.2858838192796,10.6,241.0,9.202801876070343
12:22:59,2025-06-07,-1.061487,54.246017,0.0,0.0,10.6,241.0,-5.138981974611171
12:23:04,2025-06-07,-1.061487,54.246017,0.0,0.0,10.6,241.0,-5.138981974611171
