time,date,longit,lat,speed,bearing,wind_speed,wind_bearing,res
13:46:33,2025-06-07,-1.060785,54.246816,0.14220784403010467,67.20004571313507,12.0,238.0,-11.703425806117645
13:48:15,2025-06-07,-1.060728,54.24683,16.81693061878767,61.48374504586155,12.0,238.0,4.839105684292761
13:48:16,2025-06-07,-1.060665,54.24685,15.820365550727917,62.82219710082393,12.0,238.0,3.8628411511999854
13:48:17,2025-06-07,-1.060605,54.246868,16.89139379830092,73.42451967206085,12.0,238.0,5.323613740566259
13:48:18,2025-06-07,-1.060536,54.24688,16.046612285919345,78.45035171603013,12.0,238.0,4.802908669580711
13:48:19,2025-06-07,-1.060469,54.246888,15.427539042962634,73.36236816511524,12.0,238.0,3.856303682429603
13:48:20,2025-06-07,-1.060406,54.246899,15.42753527180827,73.36236396922504,12.0,238.0,3.8562996784649997
13:48:21,2025-06-07,-1.060343,54.24691,15.44603368459483,76.46766013715649,12.0,238.0,4.06400245280007
13:48:22,2025-06-07,-1.060279,54.246919,15.309692254386253,66.8354733685785,12.0,238.0,3.452090561877691
13:48:23,2025-06-07,-1.060219,54.246934,14.664801322795578,65.75380054142977,12.0,238.0,2.774517919431622
13:48:24,2025-06-07,-1.060162,54.246949,16.007004197644882,61.54379897717314,12.0,238.0,4.029950128846377
13:48:25,2025-06-07,-1.060102,54.246968,18.631643170080743,60.295621358691164,12.0,238.0,6.641273660439488
13:48:26,2025-06-07,-1.060033,54.246991,17.68097706193101,64.44258563987074,12.0,238.0,5.756759530151962
13:48:27,2025-06-07,-1.059965,54.24701,16.405777900434206,60.70150078135464,12.0,238.0,4.419114211639371
13:48:28,2025-06-07,-1.059904,54.24703,21.470988746583245,60.915879536065404,12.0,238.0,9.486525182768265
13:48:29,2025-06-07,-1.059824,54.247056,19.441683247396977,60.29556723164825,12.0,238.0,7.451313283679019
13:48:30,2025-06-07,-1.059752,54.24708,19.66992665174113,56.569536781717886,12.0,238.0,7.673666352197166
13:48:31,2025-06-07,-1.059682,54.247107,19.7921511960049,52.53582612348248,12.0,238.0,7.8466799811535175
13:48:32,2025-06-07,-1.059615,54.247137,19.42138343377026,51.69429594446706,12.0,238.0,7.49398312201463
13:48:33,2025-06-07,-1.05955,54.247167,19.47434252801298,56.18937253015417,12.0,238.0,7.480333924395568
13:48:34,2025-06-07,-1.059481,54.247194,20.460336518462515,58.01686784740366,12.0,238.0,8.460337038488817
13:48:35,2025-06-07,-1.059407,54.247221,21.266025629273564,60.6085965122154,12.0,238.0,9.278460600473636
13:48:36,2025-06-07,-1.059328,54.247247,23.31362445519316,62.295361576563096,12.0,238.0,11.347330052585436
13:48:37,2025-06-07,-1.05924,54.247274,22.400284924110686,65.65504880371054,12.0,238.0,10.507228766922633
13:48:38,2025-06-07,-1.059153,54.247297,23.550347872057053,63.69083104948112,12.0,238.0,11.609490457679417
13:48:39,2025-06-07,-1.059063,54.247323,24.19188419746753,68.58407289129002,12.0,238.0,12.39604684477483
13:48:40,2025-06-07,-1.058967,54.247345,25.46511148222985,71.61688531970532,12.0,238.0,13.80241155082051
13:48:41,2025-06-07,-1.058864,54.247365,24.679583321800592,75.87264899002275,12.0,238.0,13.258691120237748
13:48:42,2025-06-07,-1.058762,54.24738,25.915395641747462,75.64473157847266,12.0,238.0,14.479943884268142
13:48:43,2025-06-07,-1.058655,54.247396,24.128322788928806,76.52543765395683,12.0,238.0,12.750130536028704
13:48:44,2025-06-07,-1.058555,54.24741,25.10523783357409,78.93269815006585,12.0,238.0,13.89722901046541
13:48:45,2025-06-07,-1.05845,54.247422,26.27582734650632,76.74683674934556,12.0,238.0,14.912452853129512
13:48:46,2025-06-07,-1.058341,54.247437,25.68805220729866,75.51495835623024,12.0,238.0,14.244391260754451
13:48:47,2025-06-07,-1.058235,54.247453,25.957875583535348,77.49092556574078,12.0,238.0,14.645543417322584
13:48:48,2025-06-07,-1.058127,54.247467,27.412145516268914,79.87422333353942,12.0,238.0,16.276097964921004
13:48:49,2025-06-07,-1.058012,54.247479,25.956075507197532,80.2005426836389,12.0,238.0,14.845671435131406
13:48:50,2025-06-07,-1.057903,54.24749,29.49374118647249,80.59551945051027,12.0,238.0,18.41485799068846
13:48:51,2025-06-07,-1.057779,54.247502,25.19573199271947,80.82804217426406,12.0,238.0,14.135651431503764
13:48:52,2025-06-07,-1.057673,54.247512,31.651930207441005,83.44251504753197,12.0,238.0,20.815729057306584
13:48:53,2025-06-07,-1.057539,54.247521,29.00039551770631,84.43676857428659,12.0,238.0,18.25528065095047
13:48:54,2025-06-07,-1.057416,54.247528,31.252250267119813,87.05333109888147,12.0,238.0,20.762233475813712
13:48:55,2025-06-07,-1.057283,54.247532,29.846167386147513,86.91438602620696,12.0,238.0,19.34204952420724
13:48:56,2025-06-07,-1.057156,54.247536,31.720975732115107,87.09690803596789,12.0,238.0,21.23539413016767
13:48:57,2025-06-07,-1.057021,54.24754,31.570636430821818,84.89091687831416,12.0,238.0,20.868205514282653
13:48:58,2025-06-07,-1.056887,54.247547,31.213678720975157,89.26268254003219,12.0,238.0,20.95611450269955
13:48:59,2025-06-07,-1.056754,54.247548,31.57063037166112,84.89091589041516,12.0,238.0,20.868199361540167
13:49:00,2025-06-07,-1.05662,54.247555,31.252229911942138,87.0533291642326,12.0,238.0,20.762212923865324
13:49:01,2025-06-07,-1.056487,54.247559,31.103166384072303,84.81392475892108,12.0,238.0,20.393451815822154
13:49:02,2025-06-07,-1.056355,54.247566,31.680432242098046,89.99994522057091,12.0,238.0,21.503849008474162
13:49:03,2025-06-07,-1.05622,54.247566,31.44576237360532,89.99994562640717,12.0,238.0,21.269179185023525
13:49:04,2025-06-07,-1.056086,54.247566,32.61911171596473,89.99994359728043,12.0,238.0,22.442528302178555
13:49:05,2025-06-07,-1.055947,54.247566,32.61911171591262,89.99994359728043,12.0,238.0,22.442528302126444
13:49:06,2025-06-07,-1.055808,54.247566,32.38444184747199,89.99994400219111,12.0,238.0,22.207858478625177
13:49:07,2025-06-07,-1.05567,54.247566,30.741752768283465,89.99994684299833,12.0,238.0,20.56516971472609
13:49:08,2025-06-07,-1.055539,54.247566,32.542724173870056,95.66612395240918,12.0,238.0,23.043704664222293
13:49:09,2025-06-07,-1.055401,54.247558,31.056162269904036,98.17811999255554,12.0,238.0,21.887652760261485
13:49:10,2025-06-07,-1.05527,54.247547,30.441692300918525,96.05859424998317,12.0,238.0,20.993123568583307
13:49:11,2025-06-07,-1.055141,54.247539,30.208343006325887,96.10557051303198,12.0,238.0,20.765842674241153
13:49:12,2025-06-07,-1.055013,54.247531,29.895173995494943,98.49799706111241,12.0,238.0,20.770029973960106
13:49:13,2025-06-07,-1.054887,54.24752,29.89518177647689,98.49799482086428,12.0,238.0,20.770037450235797
13:49:14,2025-06-07,-1.054761,54.247509,30.188545493609208,99.18606029884091,12.0,238.0,21.157643794291985
13:49:15,2025-06-07,-1.054634,54.247497,30.823930559339825,98.24015673863641,12.0,238.0,21.66380902869722
13:49:16,2025-06-07,-1.054504,54.247486,30.675112197904493,96.01232274223167,12.0,238.0,21.220572314990008
13:49:17,2025-06-07,-1.054374,54.247478,32.47625577161337,100.68974045492564,12.0,238.0,23.65582357283711
13:49:18,2025-06-07,-1.054238,54.247463,32.507471176556066,98.52576018871434,12.0,238.0,23.386104414449413
13:49:19,2025-06-07,-1.054101,54.247451,31.570709150298576,95.10896255008367,12.0,238.0,22.00083441050079
13:49:20,2025-06-07,-1.053967,54.247444,32.73959317540774,98.46487295869292,12.0,238.0,23.609945320380433
13:49:21,2025-06-07,-1.053829,54.247432,32.73960236261291,94.92610175555791,12.0,238.0,23.14666979703847
13:49:22,2025-06-07,-1.05369,54.247425,33.127365542265245,92.77963677441664,12.0,238.0,23.271141639297532
13:49:23,2025-06-07,-1.053549,54.247421,33.203934137178194,98.34565529580982,12.0,238.0,24.058101704311063
13:49:24,2025-06-07,-1.053409,54.247409,34.14268098877237,94.72319766723479,12.0,238.0,24.524277612947134
13:49:25,2025-06-07,-1.053264,54.247402,34.17794124649418,95.39421414715514,12.0,238.0,24.644229839023826
13:49:26,2025-06-07,-1.053119,54.247394,33.84618519274598,97.49996890214857,12.0,238.0,24.586686049241706
13:49:27,2025-06-07,-1.052976,54.247383,34.83015591837431,97.95344047482433,12.0,238.0,25.631357554999923
13:49:28,2025-06-07,-1.052829,54.247371,34.31160302319392,97.39766911218533,12.0,238.0,25.038490286155614
13:49:29,2025-06-07,-1.052684,54.24736,35.2950822083171,97.84801616329958,12.0,238.0,26.082120413381148
13:49:30,2025-06-07,-1.052535,54.247348,35.475575264024904,97.15367026485774,12.0,238.0,26.1701116849816
13:49:31,2025-06-07,-1.052385,54.247337,33.94436498387208,95.43144301382324,12.0,238.0,24.415390791314522
13:49:32,2025-06-07,-1.052241,54.247329,36.17425532372176,97.01480790044849,12.0,238.0,26.850455846393025
13:49:33,2025-06-07,-1.052088,54.247318,35.52761500736363,97.79633297607302,12.0,238.0,26.30772112626763
13:49:34,2025-06-07,-1.051938,54.247306,34.142765467021356,94.72318593364224,12.0,238.0,24.524360621748123
13:49:35,2025-06-07,-1.051793,54.247299,36.457900471554005,97.59621975838036,12.0,238.0,27.211236909428855
13:49:36,2025-06-07,-1.051639,54.247287,35.11269361263952,95.25020562289495,12.0,238.0,25.560695649609166
13:49:37,2025-06-07,-1.05149,54.247279,35.47563354761573,97.15365842507788,12.0,238.0,26.170168402872747
13:49:38,2025-06-07,-1.05134,54.247268,35.941396344871194,97.06048413497592,12.0,238.0,26.62362208663814
13:49:39,2025-06-07,-1.051188,54.247257,35.29516849196307,97.84799680769123,12.0,238.0,26.08220409952314
13:49:40,2025-06-07,-1.051039,54.247245,36.248136557922976,94.44828399190163,12.0,238.0,26.59541541196312
13:49:41,2025-06-07,-1.050885,54.247238,35.52768248338603,97.7963180423011,12.0,238.0,26.30778660035903
13:49:42,2025-06-07,-1.050735,54.247226,36.01418955990238,94.47723867327278,12.0,238.0,26.365072401466517
13:49:43,2025-06-07,-1.050582,54.247219,35.52769850685219,97.796314489432,12.0,238.0,26.307802147549175
13:49:44,2025-06-07,-1.050432,54.247207,36.174360465813486,97.01478736096351,12.0,238.0,26.850558280423762
13:49:45,2025-06-07,-1.050279,54.247196,35.0100452035032,97.2492950035047,12.0,238.0,25.717240053671492
13:49:46,2025-06-07,-1.050131,54.247185,36.92329501278558,97.49992597567893,12.0,238.0,27.663790150627207
13:49:47,2025-06-07,-1.049975,54.247173,35.81392343418847,95.14712876005706,12.0,238.0,26.248873564943764
13:49:48,2025-06-07,-1.049823,54.247165,35.58020634030348,95.18103060971367,12.0,238.0,26.0194458120233
13:49:49,2025-06-07,-1.049672,54.247157,35.47573659885396,97.15363748543894,12.0,238.0,26.17026868504138
13:49:50,2025-06-07,-1.049522,54.247146,35.0100868652163,97.24928631025182,12.0,238.0,25.71728056342873
13:49:51,2025-06-07,-1.049374,54.247135,34.41180484877006,95.35744791354927,12.0,238.0,24.873419044847534
13:49:52,2025-06-07,-1.049228,54.247127,34.36557804241905,98.06166277876548,12.0,238.0,25.181351406121188
13:49:53,2025-06-07,-1.049083,54.247115,34.07909729352653,97.44842200689732,12.0,238.0,24.812734829965372
13:49:54,2025-06-07,-1.048939,54.247104,34.84461680712244,94.62784085688884,12.0,238.0,25.21428481462371
13:49:55,2025-06-07,-1.048791,54.247097,33.12762772424167,92.77961470749824,12.0,238.0,23.271401184965555
13:49:56,2025-06-07,-1.04865,54.247093,35.70622422491044,92.57873165727693,12.0,238.0,25.82605906213966
13:49:57,2025-06-07,-1.048498,54.247089,34.28328038626765,92.01404968054703,12.0,238.0,24.336475272359017
13:49:58,2025-06-07,-1.048352,54.247086,34.49687114707459,89.99994035120812,12.0,238.0,24.32028737302032
13:49:59,2025-06-07,-1.048205,54.247086,35.904906704138995,89.99993791627321,12.0,238.0,25.728322659841417
13:50:00,2025-06-07,-1.048052,54.247086,33.79285336856844,89.99994156896162,12.0,238.0,23.61626972966757
13:50:01,2025-06-07,-1.047908,54.247086,32.62195199767374,90.70537815687698,12.0,238.0,22.5244311847256
13:50:02,2025-06-07,-1.047769,54.247085,31.721323915388513,92.90295043339427,12.0,238.0,21.87985496824253
13:50:03,2025-06-07,-1.047634,54.247081,27.8763107387572,96.61851354514783,12.0,238.0,18.5004846323365
13:50:04,2025-06-07,-1.047516,54.247073,24.671428968951147,108.01346342962893,12.0,238.0,16.960137937932345
13:50:05,2025-06-07,-1.047416,54.247054,19.441692459747948,119.70435880080316,12.0,238.0,13.753437759915656
13:50:06,2025-06-07,-1.047344,54.24703,14.967901147263515,143.49472546417337,12.0,238.0,14.025290711729866
13:50:07,2025-06-07,-1.047306,54.247,11.903983942113875,167.50362860131247,12.0,238.0,15.910382626478984
13:50:08,2025-06-07,-1.047295,54.246971,9.628595280655192,177.2124084259833,12.0,238.0,15.485179615705846
13:50:09,2025-06-07,-1.047293,54.246947,6.051807913531989,173.33472449805413,12.0,238.0,11.186676436716136
13:50:10,2025-06-07,-1.04729,54.246932,5.610003737169265,180.0,12.0,238.0,11.969034907967725
13:50:11,2025-06-07,-1.04729,54.246918,3.2821125632164385,192.35877244448028,12.0,238.0,11.671901234087164
13:50:12,2025-06-07,-1.047293,54.24691,4.814297610949775,177.21240511934445,12.0,238.0,10.670881341539431
13:50:13,2025-06-07,-1.047292,54.246898,2.8920029407150243,165.94156361786952,12.0,238.0,6.588565073100876
13:50:14,2025-06-07,-1.047289,54.246891,4.42535246240968,136.48453943153766,12.0,238.0,2.029764287542082
13:50:15,2025-06-07,-1.047276,54.246883,5.694692337894824,147.66679547672334,12.0,238.0,5.624906539093707
13:50:16,2025-06-07,-1.047263,54.246871,6.452589817832284,158.71761999529485,12.0,238.0,8.684215255832907
13:50:17,2025-06-07,-1.047253,54.246856,4.506703853028334,168.00470827999584,12.0,238.0,8.611872189836316
13:50:18,2025-06-07,-1.047249,54.246845,6.517918921117364,190.34776155906872,12.0,238.0,14.601464922752239
13:50:19,2025-06-07,-1.047254,54.246829,7.671225193677841,187.01269305767477,12.0,238.0,15.225135687359371
13:50:20,2025-06-07,-1.047258,54.24681,6.029014913086508,184.45468767268093,12.0,238.0,13.15925736707321
13:50:21,2025-06-07,-1.04726,54.246795,5.4975762511511705,143.36371783660996,12.0,238.0,4.5276149111775865
13:50:22,2025-06-07,-1.047246,54.246784,6.077128029107949,121.89607442766783,12.0,238.0,0.7971196719444347
13:50:23,2025-06-07,-1.047224,54.246776,7.527147285538945,125.90755453106038,12.0,238.0,3.0139221367209768
13:50:24,2025-06-07,-1.047198,54.246765,7.677879256598582,146.6817718364963,12.0,238.0,7.401814552570248
13:50:25,2025-06-07,-1.04718,54.246749,6.637704480854204,154.94688477416048,12.0,238.0,8.089094467799134
13:50:26,2025-06-07,-1.047168,54.246734,5.823790488894718,145.71857402598232,12.0,238.0,5.346096004734163
13:50:27,2025-06-07,-1.047154,54.246722,6.541595357161072,156.8056428500538,12.0,238.0,8.378593307296237
13:50:28,2025-06-07,-1.047143,54.246707,4.791017952145112,156.97727943600648,12.0,238.0,6.66353138742214
13:50:29,2025-06-07,-1.047135,54.246696,5.251975137562268,156.3358863899972,12.0,238.0,6.991686512788419
13:50:30,2025-06-07,-1.047126,54.246684,6.6377063016304,154.94685013194066,12.0,238.0,8.08908908638993
13:50:31,2025-06-07,-1.047114,54.246669,5.790315247654351,139.6392346386524,12.0,238.0,4.04544844649555
13:50:32,2025-06-07,-1.047098,54.246658,8.03929729563693,161.310484877784,12.0,238.0,10.802031145535867
13:50:33,2025-06-07,-1.047087,54.246639,6.428589021123936,184.1773052734193,12.0,238.0,13.51202085519082
13:50:34,2025-06-07,-1.047089,54.246623,7.247139043704279,185.56209419996625,12.0,238.0,14.56258944320539
13:50:35,2025-06-07,-1.047092,54.246605,6.449970483025796,173.74784518459887,12.0,238.0,11.662907079940119
13:50:36,2025-06-07,-1.047089,54.246589,5.790319919777229,139.63917980076178,12.0,238.0,4.045441755461653
13:50:37,2025-06-07,-1.047073,54.246578,7.7686203042848865,128.3052753131471,12.0,238.0,3.7245174125585754
13:50:38,2025-06-07,-1.047047,54.246566,7.3382299731148395,126.98119616139178,12.0,238.0,3.0341381214807663
13:50:39,2025-06-07,-1.047022,54.246555,7.945786968002484,143.85660028150858,12.0,238.0,7.0787515295249985
13:50:40,2025-06-07,-1.047002,54.246539,8.706899383732576,151.03343616198663,12.0,238.0,9.341924007534839
13:50:41,2025-06-07,-1.046984,54.24652,8.387962188791883,155.23664902552434,12.0,238.0,9.899575911709778
13:50:42,2025-06-07,-1.046969,54.246501,7.346585445770255,144.96342146749282,12.0,238.0,6.71090360854638
13:50:43,2025-06-07,-1.046951,54.246486,7.923634614589107,139.40431816978617,12.0,238.0,6.130104725048255
13:50:44,2025-06-07,-1.046929,54.246471,8.706902678784878,151.0333961398735,12.0,238.0,9.341918932120176
13:50:45,2025-06-07,-1.046911,54.246452,8.202064647984528,158.20924263492475,12.0,238.0,10.328986683379972
13:50:46,2025-06-07,-1.046898,54.246433,7.3142249194434505,151.28687985542433,12.0,238.0,8.002249904700786
13:50:47,2025-06-07,-1.046883,54.246417,5.640980167670493,141.45308911162869,12.0,238.0,4.272780221852054
13:50:48,2025-06-07,-1.046868,54.246406,8.292216652573096,156.70631043531375,12.0,238.0,10.10865293190345
13:50:49,2025-06-07,-1.046854,54.246387,7.551330483471938,148.16716535420454,12.0,238.0,7.586341463714767
13:50:50,2025-06-07,-1.046837,54.246371,8.131672351760075,152.55358367907286,12.0,238.0,9.084369031289532
13:50:51,2025-06-07,-1.046821,54.246353,7.551332186658723,148.16714422386673,12.0,238.0,7.586338741392785
13:50:52,2025-06-07,-1.046804,54.246337,8.202067672686207,158.2091875656538,12.0,238.0,10.32897835701197
13:50:53,2025-06-07,-1.046791,54.246318,6.637716542561835,154.94665513188693,12.0,238.0,8.089058786418068
13:50:54,2025-06-07,-1.046779,54.246303,7.087136203481181,148.06653792503937,12.0,238.0,7.101071870781422
13:50:55,2025-06-07,-1.046763,54.246288,6.740632487943392,153.1425519077061,12.0,238.0,7.81624052382533
13:50:56,2025-06-07,-1.04675,54.246273,8.661595505346575,157.75485268306375,12.0,238.0,10.694791207802709
13:50:57,2025-06-07,-1.046736,54.246253,10.238367743675099,154.2340853779831,12.0,238.0,11.54145685202467
13:50:58,2025-06-07,-1.046717,54.24623,9.611841159742648,142.44618692933687,12.0,238.0,8.450473942802105
13:50:59,2025-06-07,-1.046692,54.246211,11.597796202417705,142.6876940927575,12.0,238.0,10.486782854379026
13:51:00,2025-06-07,-1.046662,54.246188,12.658389093421349,148.7864416065256,12.0,238.0,12.823095866336566
13:51:01,2025-06-07,-1.046634,54.246161,12.538174309713588,149.70206423018794,12.0,238.0,12.894601379577097
13:51:02,2025-06-07,-1.046607,54.246134,13.376697071308673,154.03758819314794,12.0,238.0,14.638867686677445
13:51:03,2025-06-07,-1.046582,54.246104,14.05303240372809,152.1767150454623,12.0,238.0,14.927027004072201
13:51:04,2025-06-07,-1.046554,54.246073,15.335837996004974,152.72599896032716,12.0,238.0,16.32452689753433
13:51:05,2025-06-07,-1.046524,54.246039,17.54695960723342,153.0059195540507,12.0,238.0,18.594063585352913
13:51:06,2025-06-07,-1.04649,54.246,15.908714623220714,148.97341166209378,12.0,238.0,16.112575677781077
13:51:07,2025-06-07,-1.046455,54.245966,17.301216174327752,151.71184476582243,12.0,238.0,18.078079447895835
13:51:08,2025-06-07,-1.04642,54.245928,18.727393829094865,154.03746824835662,12.0,238.0,19.989539462627018
13:51:09,2025-06-07,-1.046385,54.245886,19.157699717255056,151.5169688573751,12.0,238.0,19.893829479839624
13:51:10,2025-06-07,-1.046346,54.245844,17.993272544313232,150.34597723213108,12.0,238.0,18.484475590066882
13:51:11,2025-06-07,-1.046308,54.245805,20.550188623412932,151.39389962318148,12.0,238.0,21.260589691261213
13:51:12,2025-06-07,-1.046266,54.24576,18.921981440637623,150.31431168995675,12.0,238.0,19.406557954561816
13:51:13,2025-06-07,-1.046226,54.245719,19.96825791085087,149.7017854912903,12.0,238.0,20.324626627529288
13:51:14,2025-06-07,-1.046183,54.245676,22.027241300046683,155.49825102853595,12.0,238.0,23.593192436009925
13:51:15,2025-06-07,-1.046144,54.245626,19.75844379027997,153.22296465916543,12.0,238.0,20.85082457729731
13:51:16,2025-06-07,-1.046106,54.245582,21.478582215834155,151.3206159323832,12.0,238.0,22.173661125632457
13:51:17,2025-06-07,-1.046062,54.245535,21.243781147458037,150.24723137383057,12.0,238.0,21.71431952335892
13:51:18,2025-06-07,-1.046017,54.245489,22.758955208304627,151.7388933748149,12.0,238.0,23.541471558696152
13:51:19,2025-06-07,-1.045971,54.245439,23.824086457673886,153.10854610980664,12.0,238.0,24.892600815181073
13:51:20,2025-06-07,-1.045925,54.245386,24.17131178388203,147.7831424351316,12.0,238.0,24.1258933501433
13:51:21,2025-06-07,-1.04587,54.245335,26.005234555365785,149.70154397177868,12.0,238.0,26.361552710623513
13:51:22,2025-06-07,-1.045814,54.245279,27.42037585098499,148.01047070719812,12.0,238.0,27.42256883076022
13:51:23,2025-06-07,-1.045752,54.245221,28.4115118394582,143.56947044818605,12.0,238.0,27.484508383531015
13:51:24,2025-06-07,-1.04568,54.245164,26.878374982369778,135.7585734791694,12.0,238.0,24.333997685868287
13:51:25,2025-06-07,-1.0456,54.245116,31.017535665094663,135.34491764824838,12.0,238.0,28.388559393350604
13:51:26,2025-06-07,-1.045507,54.245061,30.162304091084874,129.6846731284828,12.0,238.0,26.391347048731557
13:51:27,2025-06-07,-1.045408,54.245013,33.61281000918768,126.65223287024708,12.0,238.0,29.244475818295786
13:51:28,2025-06-07,-1.045293,54.244963,33.836719512240585,122.26209313792924,12.0,238.0,28.62565781077771
13:51:29,2025-06-07,-1.045171,54.244918,36.258059683612096,119.1520605027631,12.0,238.0,30.46821912764441
13:51:30,2025-06-07,-1.045036,54.244874,37.068155721869374,119.16407458851978,12.0,238.0,31.280519262254305
13:51:31,2025-06-07,-1.044898,54.244829,37.543636838140785,116.68603662590618,12.0,238.0,31.306908831080023
13:51:32,2025-06-07,-1.044755,54.244787,38.7193549620971,117.81069486276442,12.0,238.0,32.685051619989146
13:51:33,2025-06-07,-1.044609,54.244742,39.655502459633084,115.16360862317492,12.0,238.0,33.14859862393824
13:51:34,2025-06-07,-1.044456,54.2447,42.41156918472742,111.66705441614607,12.0,238.0,35.30185122254669
13:51:35,2025-06-07,-1.044288,54.244661,40.80788147374387,111.34894899912945,12.0,238.0,33.64460201332038
13:51:36,2025-06-07,-1.044126,54.244624,42.4116364768845,111.66701820090532,12.0,238.0,35.30191240440093
13:51:37,2025-06-07,-1.043958,54.244585,41.792522714586006,113.79582500801291,12.0,238.0,35.046798992167965
13:51:38,2025-06-07,-1.043795,54.244543,40.737503085526946,111.99498810617234,12.0,238.0,33.68323086909672
13:51:39,2025-06-07,-1.043634,54.244505,40.93506983860686,114.3257355977724,12.0,238.0,34.28142165587653
13:51:40,2025-06-07,-1.043475,54.244463,41.14915230827804,114.19115748645311,12.0,238.0,34.47206604205408
13:51:41,2025-06-07,-1.043315,54.244421,40.081256785319326,114.87825337409367,12.0,238.0,33.52421824935002
13:51:42,2025-06-07,-1.04316,54.244379,39.529332474006075,117.84923475657081,12.0,238.0,33.5020074872899
13:51:43,2025-06-07,-1.043011,54.244333,38.68395272890962,121.25206445351057,12.0,238.0,33.28315754453402
13:51:44,2025-06-07,-1.04287,54.244283,37.47359209817951,121.65761800581186,12.0,238.0,32.14878163399001
13:51:45,2025-06-07,-1.042734,54.244234,38.53339497283427,123.50680248570029,12.0,238.0,33.55837252629011
13:51:46,2025-06-07,-1.042597,54.244181,38.88500475056258,121.07267393696571,12.0,238.0,33.450684958980084
13:51:47,2025-06-07,-1.042455,54.244131,38.28334544220381,121.61616437251189,12.0,238.0,32.95075589906162
13:51:48,2025-06-07,-1.042316,54.244081,36.85806477414466,120.06388331942924,12.0,238.0,31.23622308613664
13:51:49,2025-06-07,-1.04218,54.244035,35.036829231888355,121.03299909397731,12.0,238.0,29.595102164169717
13:51:50,2025-06-07,-1.042052,54.24399,34.43358833897022,119.31571273679509,12.0,238.0,28.673793158465614
13:51:51,2025-06-07,-1.041924,54.243948,33.62351694206284,119.3063701720406,12.0,238.0,27.862005266695018
13:51:52,2025-06-07,-1.041799,54.243907,33.81303621782286,111.59894714263737,12.0,238.0,26.69183209270552
13:51:53,2025-06-07,-1.041665,54.243876,32.35649103298668,111.85546491109875,12.0,238.0,25.27860043068803
13:51:54,2025-06-07,-1.041537,54.243846,29.808270805692285,110.50104745200917,12.0,238.0,22.50330770294718
13:51:55,2025-06-07,-1.041418,54.24382,30.388858231277627,110.90027131645041,12.0,238.0,23.15040770063123
13:51:56,2025-06-07,-1.041297,54.243793,26.69030246109239,106.61015672832201,12.0,238.0,18.75615585331047
13:51:57,2025-06-07,-1.041188,54.243774,25.567803340802257,107.36172578861635,12.0,238.0,17.75242805737906
13:51:58,2025-06-07,-1.041084,54.243755,23.65069308568211,105.76340478528198,12.0,238.0,15.584369773486564
13:51:59,2025-06-07,-1.040987,54.243739,21.65101549854127,112.91864915092964,12.0,238.0,14.754148425121677
13:52:00,2025-06-07,-1.040902,54.243718,23.251186093382437,110.20505328976128,12.0,238.0,15.897137745450602
13:52:01,2025-06-07,-1.040809,54.243698,21.401145057954093,107.47023004297398,12.0,238.0,13.603028395019216
13:52:02,2025-06-07,-1.040722,54.243682,21.118028289593706,102.074512586563,12.0,238.0,12.496798736995803
13:52:03,2025-06-07,-1.040634,54.243671,20.385710170270745,107.18561525833599,12.0,238.0,12.542382545357107
13:52:04,2025-06-07,-1.040551,54.243656,18.601095914088432,103.73795557415258,12.0,238.0,10.225803653025128
13:52:05,2025-06-07,-1.040474,54.243645,17.568699497924893,105.91929617842266,12.0,238.0,9.526579134535062
13:52:06,2025-06-07,-1.040402,54.243633,17.236290277052017,104.84948139621724,12.0,238.0,9.029282632164268
13:52:07,2025-06-07,-1.040331,54.243622,16.667766990745246,106.80427789571831,12.0,238.0,8.764167625302882
13:52:08,2025-06-07,-1.040263,54.24361,15.51074202447354,100.44225580691244,12.0,238.0,6.65524794641493
13:52:09,2025-06-07,-1.040198,54.243603,16.50802648416984,101.2225703879904,12.0,238.0,7.763639577602607
13:52:10,2025-06-07,-1.040129,54.243595,15.817946221287897,101.71887300562571,12.0,238.0,7.1450718285440615
13:52:11,2025-06-07,-1.040063,54.243587,16.004299906490832,94.31760624719249,12.0,238.0,6.335343991393609
13:52:12,2025-06-07,-1.039995,54.243584,16.740079332672703,95.50700785230117,12.0,238.0,7.220732812412869
13:52:13,2025-06-07,-1.039924,54.24358,16.50648045697779,84.41475695257901,12.0,238.0,5.759313919618377
13:52:14,2025-06-07,-1.039854,54.243584,16.047843014374948,101.54869382351774,12.0,238.0,7.350373827466569
13:52:15,2025-06-07,-1.039787,54.243576,18.584587624719944,99.95517883165792,12.0,238.0,9.66057110277252
13:52:16,2025-06-07,-1.039709,54.243568,17.129094922836593,99.4462729067098,12.0,238.0,8.134174043319751
13:52:17,2025-06-07,-1.039637,54.243561,16.277881465379153,101.38331883221952,12.0,238.0,7.55658530866207
13:52:18,2025-06-07,-1.039569,54.243553,16.506492714020673,95.58518206540703,12.0,238.0,6.997123750035751
13:52:19,2025-06-07,-1.039499,54.243549,16.973722618209365,95.43097677053578,12.0,238.0,7.44468907329615
13:52:20,2025-06-07,-1.039427,54.243545,16.004316069042982,94.31760185930102,12.0,238.0,6.335359609659392
13:52:21,2025-06-07,-1.039359,54.243542,16.218933942998532,107.28353982281669,12.0,238.0,8.39113981899519
13:52:22,2025-06-07,-1.039293,54.24353,16.203740959294343,99.99103597947538,12.0,238.0,7.28474692348224
13:52:23,2025-06-07,-1.039225,54.243523,15.959111429745628,89.99997240502933,12.0,238.0,5.782531213213421
13:52:24,2025-06-07,-1.039157,54.243523,14.872274216032807,96.20116345902858,12.0,238.0,5.442142190098352
13:52:25,2025-06-07,-1.039094,54.243519,17.429912883732335,100.62199425722542,12.0,238.0,8.59986649548998
13:52:26,2025-06-07,-1.039021,54.243511,16.97373807551957,95.43097179818432,12.0,238.0,7.444703897633838
13:52:27,2025-06-07,-1.038949,54.243507,15.959117604701452,89.99997240504007,12.0,238.0,5.782537388170438
13:52:28,2025-06-07,-1.038881,54.243507,18.540739570165314,89.99996794560332,12.0,238.0,8.364158858699527
13:52:29,2025-06-07,-1.038802,54.243507,17.174706390773327,94.02287456501239,12.0,238.0,7.4693192156354495
13:52:30,2025-06-07,-1.038729,54.243504,17.44108559625829,95.28502891872768,12.0,238.0,7.893504053484543
13:52:31,2025-06-07,-1.038655,54.2435,16.272945784333054,95.66559742730442,12.0,238.0,6.773858890443719
13:52:32,2025-06-07,-1.038586,54.243496,20.24714076976288,94.55092009004517,12.0,238.0,10.607205844893873
13:52:33,2025-06-07,-1.0385,54.243492,17.67480358748889,95.21495068712488,12.0,238.0,8.118338056385682
13:52:34,2025-06-07,-1.038425,54.243488,18.28776116526247,98.84287986459799,12.0,238.0,9.209691239971514
13:52:35,2025-06-07,-1.038348,54.243481,18.584629042093876,99.9551563747741,12.0,238.0,9.660609375721087
13:52:36,2025-06-07,-1.03827,54.243473,17.85410594993356,111.08914979574593,12.0,238.0,10.647246122655723
13:52:37,2025-06-07,-1.038199,54.243457,18.02706557013459,119.33280930324145,12.0,238.0,12.27041191164859
13:52:38,2025-06-07,-1.038132,54.243435,18.702249491321073,125.40738500914478,12.0,238.0,14.092133598672131
13:52:39,2025-06-07,-1.038067,54.243408,17.20509588704459,129.02912397657184,12.0,238.0,13.304045928453366
13:52:40,2025-06-07,-1.03801,54.243381,19.224171719872107,142.44425846460564,12.0,238.0,18.062402502877
13:52:41,2025-06-07,-1.03796,54.243343,18.139162884928748,147.14341963871715,12.0,238.0,17.959767796429066
13:52:42,2025-06-07,-1.037918,54.243305,19.623821148610297,149.10968159702145,12.0,238.0,19.856217789364408
13:52:43,2025-06-07,-1.037875,54.243263,21.478854240616265,151.319259925401,12.0,238.0,22.17364962560889
13:52:44,2025-06-07,-1.037831,54.243216,19.03979004053406,149.7002726952171,12.0,238.0,19.3958420575663
13:52:45,2025-06-07,-1.03779,54.243175,19.271212759144195,150.90314469420514,12.0,238.0,19.87898581890308
13:52:46,2025-06-07,-1.03775,54.243133,18.922271068413306,150.312741974483,12.0,238.0,19.406519089872525
13:52:47,2025-06-07,-1.03771,54.243092,19.62214576895777,151.47239347793885,12.0,238.0,20.348957046505497
13:52:48,2025-06-07,-1.03767,54.243049,19.386640016407913,150.2980194279479,12.0,238.0,19.8678070506434
13:52:49,2025-06-07,-1.037629,54.243007,17.424205140910036,148.36959778804174,12.0,238.0,17.501612983777576
13:52:50,2025-06-07,-1.03759,54.24297,19.745585085832214,148.5260264853714,12.0,238.0,19.855754267614426
13:52:51,2025-06-07,-1.037546,54.242928,19.281304534417465,148.4977241418821,12.0,238.0,19.385546323855426
13:52:52,2025-06-07,-1.037503,54.242887,19.623872602015947,149.1094258486367,12.0,238.0,19.856215688996983
13:52:53,2025-06-07,-1.03746,54.242845,19.50421901797904,149.70004755341375,12.0,238.0,19.860223902180334
13:52:54,2025-06-07,-1.037418,54.242803,19.039837636102117,149.70002285976966,12.0,238.0,19.395837350755105
13:52:55,2025-06-07,-1.037377,54.242762,19.62388799021635,149.10934936751022,12.0,238.0,19.856215062030266
13:52:56,2025-06-07,-1.037334,54.24272,20.580362320655492,153.6447979437437,12.0,238.0,21.760694439557273
13:52:57,2025-06-07,-1.037295,54.242674,20.58036671888277,153.6447725323702,12.0,238.0,21.760693541446976
13:52:58,2025-06-07,-1.037256,54.242628,18.93826051686362,152.76110150561954,12.0,238.0,19.934276096713496
13:52:59,2025-06-07,-1.037219,54.242586,21.244147700332025,150.24546683306636,12.0,238.0,21.71431679567658
13:53:00,2025-06-07,-1.037174,54.24254,19.92068080513326,145.62302629545536,12.0,238.0,19.422991386622662
13:53:01,2025-06-07,-1.037126,54.242499,20.517251517400876,145.17510532639267,12.0,238.0,19.925846631816363
13:53:02,2025-06-07,-1.037076,54.242457,23.566005284780164,150.19163243383014,12.0,238.0,24.0249077817019
13:53:03,2025-06-07,-1.037026,54.242406,24.078461547664514,154.03553563175387,12.0,238.0,25.340204659310174
13:53:04,2025-06-07,-1.036981,54.242352,25.16432088358998,155.2344250610763,12.0,238.0,26.675472529642498
13:53:05,2025-06-07,-1.036936,54.242295,25.164326798997163,155.23439495184334,12.0,238.0,26.67547218918766
13:53:06,2025-06-07,-1.036891,54.242238,25.572549857374366,153.32756259005487,12.0,238.0,26.68674479360186
13:53:07,2025-06-07,-1.036842,54.242181,26.142653004433807,152.80431583468624,12.0,238.0,27.147687857748373
13:53:08,2025-06-07,-1.036791,54.242123,25.678967841980867,152.86039654227432,12.0,238.0,26.69570646068444
13:53:09,2025-06-07,-1.036741,54.242066,26.817346298409248,155.76049182259612,12.0,238.0,28.437734765440005
13:53:10,2025-06-07,-1.036694,54.242005,26.036050491520957,153.2627745225618,12.0,238.0,27.136734154044035
13:53:11,2025-06-07,-1.036644,54.241947,25.32322856635823,152.44651277384992,12.0,238.0,26.25356950108559
13:53:12,2025-06-07,-1.036594,54.241891,25.827891433720822,154.19099602377491,12.0,238.0,27.122008927871352
13:53:13,2025-06-07,-1.036546,54.241833,27.013843953238084,154.85421708049228,12.0,238.0,28.445966255836577
13:53:14,2025-06-07,-1.036497,54.241772,27.47638891563593,154.7671926567075,12.0,238.0,28.89041348392776
13:53:15,2025-06-07,-1.036447,54.24171,26.75393063643852,154.03515151192698,12.0,238.0,28.01559374413116
13:53:16,2025-06-07,-1.036397,54.24165,26.551391275062805,154.94414148954206,12.0,238.0,28.00221092611604
13:53:17,2025-06-07,-1.036349,54.24159,27.680149133519112,153.88975998353703,12.0,238.0,28.91152625192207
13:53:18,2025-06-07,-1.036297,54.241528,26.00583374963859,149.69924095575135,12.0,238.0,26.36166977474373
13:53:19,2025-06-07,-1.036241,54.241472,28.911513377750065,149.29829349516865,12.0,238.0,29.183404062960523
13:53:20,2025-06-07,-1.036178,54.24141,25.35354334075464,146.95488713684142,12.0,238.0,25.134667552474976
13:53:21,2025-06-07,-1.036119,54.241357,28.09349051517444,150.52428810541477,12.0,238.0,28.62200516368814
13:53:22,2025-06-07,-1.03606,54.241296,25.878282784730988,145.21487680587796,12.0,238.0,25.29519763801926
13:53:23,2025-06-07,-1.035997,54.241243,25.76233971045612,141.11601092030332,12.0,238.0,24.324026733046566
13:53:24,2025-06-07,-1.035928,54.241193,26.059385386620487,138.95716863922348,12.0,238.0,24.173312194975203
13:53:25,2025-06-07,-1.035855,54.241144,25.650598453726296,136.0058678561453,12.0,238.0,23.156860282167763
13:53:26,2025-06-07,-1.035779,54.241098,25.215214053533632,131.9363047181933,12.0,238.0,21.894744302571493
13:53:27,2025-06-07,-1.035699,54.241056,24.481003303179165,127.33763471528829,12.0,238.0,20.246679445855584
13:53:28,2025-06-07,-1.035616,54.241019,23.30249849901733,122.2733218766,12.0,238.0,18.093555322665033
13:53:29,2025-06-07,-1.035532,54.240988,24.174901535896065,129.1052356228185,12.0,238.0,20.288929960125024
13:53:30,2025-06-07,-1.035452,54.24095,23.248705796631437,127.16703768919422,12.0,238.0,18.980969281166306
13:53:31,2025-06-07,-1.035373,54.240915,22.259591346361475,127.80259179994562,12.0,238.0,18.116522400385456
13:53:32,2025-06-07,-1.035298,54.240881,22.259602742162105,127.8025689371056,12.0,238.0,18.11652930224852
13:53:33,2025-06-07,-1.035223,54.240847,20.66219252180348,121.63461878097166,12.0,238.0,15.333065739554153
13:53:34,2025-06-07,-1.035148,54.24082,21.5448206402327,125.27183203502074,12.0,238.0,16.908506192760246
13:53:35,2025-06-07,-1.035073,54.240789,22.63267666778968,127.07470270828304,12.0,238.0,18.34687144228522
13:53:36,2025-06-07,-1.034996,54.240755,21.890310779168757,128.55492890780943,12.0,238.0,17.89547472248677
13:53:37,2025-06-07,-1.034923,54.240721,23.275244697902593,130.925706819649,12.0,238.0,19.75190716235077
13:53:38,2025-06-07,-1.034848,54.240683,24.249454300742734,130.1902364349154,12.0,238.0,20.579163707636404
13:53:39,2025-06-07,-1.034769,54.240644,24.54140087258305,128.41434429285783,12.0,238.0,20.518812348799585
13:53:40,2025-06-07,-1.034687,54.240606,23.389247227154808,125.68905966836326,12.0,238.0,18.833653427921266
13:53:41,2025-06-07,-1.034606,54.240572,24.911263839405503,127.74401502815397,12.0,238.0,20.756683164081043
13:53:42,2025-06-07,-1.034522,54.240534,24.91127811468626,127.74398947949635,12.0,238.0,20.75669241938924
13:53:43,2025-06-07,-1.034438,54.240496,25.158229810092852,128.46663783132453,12.0,238.0,21.145961606791168
13:53:44,2025-06-07,-1.034354,54.240457,25.39069136481322,131.5822599980022,12.0,238.0,21.99902975501784
13:53:45,2025-06-07,-1.034273,54.240415,25.215443688127042,131.93583321643825,12.0,238.0,21.894879041949046
13:53:46,2025-06-07,-1.034193,54.240373,24.251107322734423,132.71148537374734,12.0,238.0,21.08695102099384
13:53:47,2025-06-07,-1.034117,54.240332,24.237477463578255,141.0550140207281,12.0,238.0,22.78648224059491
13:53:48,2025-06-07,-1.034052,54.240285,23.83432302219221,147.2659984843865,12.0,238.0,23.68059830908652
13:53:49,2025-06-07,-1.033997,54.240235,23.892553097539306,145.32739974229804,12.0,238.0,23.33300797149852
13:53:50,2025-06-07,-1.033939,54.240186,24.73232012002837,149.22976426853643,12.0,238.0,24.989861571085203
13:53:51,2025-06-07,-1.033885,54.240133,24.728848618161397,151.10463243406457,12.0,238.0,25.378763166834297
13:53:52,2025-06-07,-1.033834,54.240079,27.11480300126569,154.40515331688584,12.0,238.0,28.453502764158646
13:53:53,2025-06-07,-1.033784,54.240018,24.801423680919854,154.8452191723287,12.0,238.0,26.231674916992446
13:53:54,2025-06-07,-1.033739,54.239962,29.300724263989125,156.4373058201718,12.0,238.0,31.061449728694974
13:53:55,2025-06-07,-1.033689,54.239895,26.445223355399797,157.61080389024448,12.0,238.0,28.448679354255425
13:53:56,2025-06-07,-1.033646,54.239834,27.917685704551634,156.77269267110728,12.0,238.0,29.747863622716455
13:53:57,2025-06-07,-1.033599,54.23977,28.93402194803796,156.1198814840758,12.0,238.0,30.628959056527883
13:53:58,2025-06-07,-1.033549,54.239704,28.011275488539223,156.33228743447444,12.0,238.0,29.750241060227598
13:53:59,2025-06-07,-1.033501,54.23964,29.856526390331755,157.8764207542149,12.0,238.0,31.914810529910227
13:54:00,2025-06-07,-1.033453,54.239571,27.917712387156975,156.77256032257856,12.0,238.0,29.747862910585525
13:54:01,2025-06-07,-1.033406,54.239507,28.217549482439107,151.7521815453614,12.0,238.0,29.002842956162066
13:54:02,2025-06-07,-1.033349,54.239445,29.72132827152652,149.69797528170795,12.0,238.0,30.07689933096216
13:54:03,2025-06-07,-1.033285,54.239381,27.80155272380492,146.77791844539354,12.0,238.0,27.545619968284555
13:54:04,2025-06-07,-1.03322,54.239323,29.065364098339977,147.30424010646016,12.0,238.0,28.91964806826286
13:54:05,2025-06-07,-1.033153,54.239262,29.19303936802117,146.9171474738667,12.0,238.0,28.96626076617284
13:54:06,2025-06-07,-1.033085,54.239201,29.065388773123743,147.30416309872243,12.0,238.0,28.919656615773018
13:54:07,2025-06-07,-1.033018,54.23914,27.730987367781704,145.51359795824055,12.0,238.0,27.21039997320925
13:54:08,2025-06-07,-1.032951,54.239083,26.53563216205682,141.80789233130156,12.0,238.0,25.241283203619354
13:54:09,2025-06-07,-1.032881,54.239031,28.32772370678693,145.19136352457645,12.0,238.0,27.739719816204687
13:54:10,2025-06-07,-1.032812,54.238973,27.175315639746344,148.84457173565204,12.0,238.0,27.352195924717165
13:54:11,2025-06-07,-1.032752,54.238915,27.514643240647,150.96152302256507,12.0,238.0,28.134627019273427
13:54:12,2025-06-07,-1.032695,54.238855,26.208627243987614,145.71344803166102,12.0,238.0,25.729860026975203
13:54:13,2025-06-07,-1.032632,54.238801,25.01038536853007,141.79147342173076,12.0,238.0,23.71261775726088
13:54:14,2025-06-07,-1.032566,54.238752,25.60255453087493,140.14246337983548,12.0,238.0,23.96202953588283
13:54:15,2025-06-07,-1.032496,54.238703,26.82629406769369,138.38517991434736,12.0,238.0,24.822008729660716
13:54:16,2025-06-07,-1.03242,54.238653,24.692693706243023,138.3526163445328,12.0,238.0,22.681684396982426
13:54:17,2025-06-07,-1.03235,54.238607,25.616076342789505,141.52231317046972,12.0,238.0,24.262281099577702
13:54:18,2025-06-07,-1.032282,54.238557,24.86573668416513,142.21568057941738,12.0,238.0,23.65632848378441
13:54:19,2025-06-07,-1.032217,54.238508,25.32625797105081,142.3524851732273,12.0,238.0,24.14535959013077
13:54:20,2025-06-07,-1.032151,54.238458,24.99426170066641,140.3779658535517,12.0,238.0,23.40261085291959
13:54:21,2025-06-07,-1.032083,54.23841,25.148235560012253,138.56067018548572,12.0,238.0,23.180197866429165
13:54:22,2025-06-07,-1.032012,54.238363,27.895050084515404,140.93416930678586,12.0,238.0,26.418934154100974
13:54:23,2025-06-07,-1.031937,54.238309,26.528465067462783,137.8095328251664,12.0,238.0,24.40541320900255
13:54:24,2025-06-07,-1.031861,54.23826,26.313046343205716,134.5346465073361,12.0,238.0,23.518758342738302
13:54:25,2025-06-07,-1.031781,54.238214,27.782863497903644,136.2155428798668,12.0,238.0,25.33209746635851
13:54:26,2025-06-07,-1.031699,54.238164,28.32926248767296,133.9417109753573,12.0,238.0,25.414355850549427
13:54:27,2025-06-07,-1.031612,54.238115,27.6844142784412,131.81069484171417,12.0,238.0,24.33867204762906
13:54:28,2025-06-07,-1.031524,54.238069,28.391836151702726,130.5486243767632,12.0,238.0,24.793080381223778
13:54:29,2025-06-07,-1.031432,54.238023,28.39185432188892,130.54859281688,12.0,238.0,24.793092245765195
13:54:30,2025-06-07,-1.03134,54.237977,28.31393769904784,129.62303105303488,12.0,238.0,24.53072657173134
13:54:31,2025-06-07,-1.031247,54.237932,28.391890283174863,130.54853040259275,12.0,238.0,24.793115736719088
13:54:32,2025-06-07,-1.031155,54.237886,29.286131513765735,133.2333984163949,12.0,238.0,26.2275458182377
13:54:33,2025-06-07,-1.031064,54.237836,28.841109996521904,132.97172991306223,12.0,238.0,25.72956270927802
13:54:34,2025-06-07,-1.030974,54.237787,28.11026484677286,135.52523711754895,12.0,238.0,25.518150089843587
13:54:35,2025-06-07,-1.03089,54.237737,27.735923531297782,140.03556231480798,12.0,238.0,26.073222309871824
13:54:36,2025-06-07,-1.030814,54.237684,28.599016612579902,144.4194261141539,12.0,238.0,27.849590988848473
13:54:37,2025-06-07,-1.030743,54.237626,28.6908072168407,148.48469794140988,12.0,238.0,28.79232090549897
13:54:38,2025-06-07,-1.030679,54.237565,29.372030967083834,150.88080131671893,12.0,238.0,29.975130400589993
13:54:39,2025-06-07,-1.030618,54.237501,28.674950031528457,150.10103506872395,12.0,238.0,29.114891174628298
13:54:40,2025-06-07,-1.030557,54.237439,29.61020824953829,151.65435539253014,12.0,238.0,30.37505584585666
13:54:41,2025-06-07,-1.030497,54.237374,29.17533114640289,153.274355937451,12.0,238.0,30.278430167148862
13:54:42,2025-06-07,-1.030441,54.237309,28.04089997014412,154.2479425324883,12.0,238.0,29.34687411375045
13:54:43,2025-06-07,-1.030389,54.237246,31.242785363891038,155.64237916077934,12.0,238.0,32.83865951298604
13:54:44,2025-06-07,-1.030334,54.237175,28.402211321518344,154.59923558293883,12.0,238.0,29.78129808918958
13:54:45,2025-06-07,-1.030282,54.237111,27.217578947244245,153.95873365816908,12.0,238.0,28.4633247256165
13:54:46,2025-06-07,-1.030231,54.23705,27.75381896999394,151.78512332381325,12.0,238.0,28.54599683435204
13:54:47,2025-06-07,-1.030175,54.236989,29.38988718729636,152.45814645561882,12.0,238.0,30.322657321766403
13:54:48,2025-06-07,-1.030117,54.236924,26.80521876669442,145.3672829350769,12.0,238.0,26.254017806118032
13:54:49,2025-06-07,-1.030052,54.236869,28.061514726049783,141.82086267177095,12.0,238.0,26.769866453979777
13:54:50,2025-06-07,-1.029978,54.236814,28.497325606544134,139.46921417911517,12.0,238.0,26.7172359852447
13:54:51,2025-06-07,-1.029899,54.23676,28.040448882972278,139.30062806776493,12.0,238.0,26.225449068780286
13:54:52,2025-06-07,-1.029821,54.236707,28.837973984346576,142.43976374454303,12.0,238.0,27.675267821070832
13:54:53,2025-06-07,-1.029746,54.23665,28.650672325355956,139.1127828803361,12.0,238.0,26.796792741810453
13:54:54,2025-06-07,-1.029666,54.236596,27.495811955003525,135.63596772165056,12.0,238.0,24.926345869081594
13:54:55,2025-06-07,-1.029584,54.236547,28.805099621468084,138.76018947948808,12.0,238.0,26.87829519351876
13:54:56,2025-06-07,-1.029503,54.236493,27.33203773702065,135.98726564091476,12.0,238.0,24.834488712973258
13:54:57,2025-06-07,-1.029422,54.236444,27.660690868133084,135.28865775935708,12.0,238.0,25.020219072297685
13:54:58,2025-06-07,-1.029339,54.236395,26.282430019704346,129.88277737635957,12.0,238.0,22.550884429352937
13:54:59,2025-06-07,-1.029253,54.236353,28.214386092499012,130.8570244856768,12.0,238.0,24.67730030933781
13:55:00,2025-06-07,-1.029162,54.236307,27.685084264941754,131.80944747654996,12.0,238.0,24.33909114695023
13:55:01,2025-06-07,-1.029074,54.236261,27.010354316596384,128.60659177027833,12.0,238.0,23.02572295200638
13:55:02,2025-06-07,-1.028984,54.236219,26.041835473937184,125.8455382982412,12.0,238.0,21.516577971453327
13:55:03,2025-06-07,-1.028894,54.236181,27.010386135674356,128.60653761236847,12.0,238.0,23.02574407186101
13:55:04,2025-06-07,-1.028804,54.236139,27.01040283601629,128.60650918154948,12.0,238.0,23.025755155523758
13:55:05,2025-06-07,-1.028714,54.236097,26.46326450088276,129.55699172818265,12.0,238.0,22.666930000099438
13:55:06,2025-06-07,-1.028627,54.236055,27.510478788501125,132.13485319029138,12.0,238.0,24.229989132626784
13:55:07,2025-06-07,-1.02854,54.236009,25.665384838553784,129.86652923142253,12.0,238.0,21.930605107853367
13:55:08,2025-06-07,-1.028456,54.235968,26.719946671074062,130.22028559770456,12.0,238.0,23.05564846366468
13:55:09,2025-06-07,-1.028369,54.235925,26.650866543806952,133.82594176596677,12.0,238.0,23.71244543510345
13:55:10,2025-06-07,-1.028287,54.235879,26.547112348438112,132.85069935803256,12.0,238.0,23.41109041332566
13:55:11,2025-06-07,-1.028204,54.235834,27.68525954181992,131.80912115678962,12.0,238.0,24.339200790187054
13:55:12,2025-06-07,-1.028116,54.235788,27.194535348205086,128.29795096307146,12.0,238.0,23.148988218298367
13:55:13,2025-06-07,-1.028025,54.235746,27.194552314197264,128.29792260388405,12.0,238.0,23.148999592466033
13:55:14,2025-06-07,-1.027934,54.235704,28.037340035158135,131.17007175672143,12.0,238.0,24.562958316723186
13:55:15,2025-06-07,-1.027844,54.235658,27.517095113533944,129.91209141130958,12.0,238.0,23.791385145312884
13:55:16,2025-06-07,-1.027754,54.235614,28.244405247938513,128.69096696927386,12.0,238.0,24.276447032638668
13:55:17,2025-06-07,-1.02766,54.23557,27.51712946057679,129.91203128684475,12.0,238.0,23.79140752222158
13:55:18,2025-06-07,-1.02757,54.235526,28.428204017954805,128.39542064987006,12.0,238.0,24.401881669475813
13:55:19,2025-06-07,-1.027475,54.235482,29.18762280303748,132.34256826582168,12.0,238.0,25.949001202618796
13:55:20,2025-06-07,-1.027383,54.235433,28.57182937360751,130.2411021035366,12.0,238.0,24.91168297212711
13:55:21,2025-06-07,-1.02729,54.235387,29.712487844663148,131.42870522943542,12.0,238.0,26.2899893099409
13:55:22,2025-06-07,-1.027195,54.235338,29.113481025073618,129.3465191868828,12.0,238.0,25.275355032916377
13:55:23,2025-06-07,-1.027099,54.235292,28.496400691678687,129.32049243896222,12.0,238.0,24.65311040742114
13:55:24,2025-06-07,-1.027005,54.235247,32.02798446258183,133.54761780604792,12.0,238.0,29.033080835254378
13:55:25,2025-06-07,-1.026906,54.235192,29.600457012320383,127.59413926295258,12.0,238.0,25.41644198091645
13:55:26,2025-06-07,-1.026806,54.235147,30.861947238626225,130.54661574645274,12.0,238.0,27.262790147253707
13:55:27,2025-06-07,-1.026706,54.235097,31.830072288515023,131.91871787143043,12.0,238.0,28.506063132238946
13:55:28,2025-06-07,-1.026605,54.235044,31.400962921899364,129.71198737675155,12.0,238.0,27.6354371891257
13:55:29,2025-06-07,-1.026502,54.234994,32.005347966063,131.63818275393294,12.0,238.0,28.624922847784266
13:55:30,2025-06-07,-1.0264,54.234941,30.862035711983104,130.5464744756623,12.0,238.0,27.262850395115258
13:55:31,2025-06-07,-1.0263,54.234891,32.00539232605123,131.63811174060942,12.0,238.0,28.624952937107196
13:55:32,2025-06-07,-1.026198,54.234838,31.40105519450904,129.7118468095225,12.0,238.0,27.635501508412396
13:55:33,2025-06-07,-1.026095,54.234788,31.309179646508888,132.77859686747183,12.0,238.0,28.158583880062167
13:55:34,2025-06-07,-1.025997,54.234735,31.411811816452662,133.60619820375024,12.0,238.0,28.428790552961484
13:55:35,2025-06-07,-1.0259,54.234681,32.25172262632042,135.15452056520746,12.0,238.0,29.58385300998751
13:55:36,2025-06-07,-1.025803,54.234624,30.738010161690514,134.8119791592058,12.0,238.0,28.000242401338323
13:55:37,2025-06-07,-1.02571,54.23457,30.45727078984283,134.27652740616196,12.0,238.0,27.610437054172436
13:55:38,2025-06-07,-1.025617,54.234517,31.726477952414367,137.1666922926168,12.0,238.0,29.47105017104786
13:55:39,2025-06-07,-1.025525,54.234459,32.16180013577599,138.44469208366843,12.0,238.0,30.169804990044263
13:55:40,2025-06-07,-1.025434,54.234399,31.434158356070352,136.66949687874865,12.0,238.0,29.07654024429383
13:55:41,2025-06-07,-1.025342,54.234342,31.113490244066714,137.29758608699876,12.0,238.0,28.884994083087378
13:55:42,2025-06-07,-1.025252,54.234285,32.04799220563142,136.5517323672688,12.0,238.0,29.666195256185638
13:55:43,2025-06-07,-1.025158,54.234227,31.13733156646903,133.07126423771342,12.0,238.0,28.045922395283814
13:55:44,2025-06-07,-1.025061,54.234174,32.005701126689786,131.63761746925388,12.0,238.0,28.6251624103165
13:55:45,2025-06-07,-1.024959,54.234121,31.58248477904346,129.43951215798035,12.0,238.0,27.762817146323176
13:55:46,2025-06-07,-1.024855,54.234071,32.27303680247822,132.16990394216327,12.0,238.0,28.999609136870504
13:55:47,2025-06-07,-1.024753,54.234017,32.53598207325282,130.8143013345889,12.0,238.0,28.990346894612472
13:55:48,2025-06-07,-1.024648,54.233964,32.086694328075865,135.45087737990696,12.0,238.0,29.479375570954964
13:55:49,2025-06-07,-1.024552,54.233907,33.55880502035836,142.07053236999786,12.0,238.0,32.31915574887496
13:55:50,2025-06-07,-1.024464,54.233841,32.56958882224362,146.84574322766787,12.0,238.0,32.32785820076819
13:55:51,2025-06-07,-1.024388,54.233773,33.551579760663216,150.73107290008124,12.0,238.0,34.12335775413157
13:55:52,2025-06-07,-1.024318,54.2337,32.40609840999668,148.62123832313387,12.0,238.0,32.536207710757566
13:55:53,2025-06-07,-1.024246,54.233631,33.08727182175362,150.74553698546822,12.0,238.0,33.66207570713583
13:55:54,2025-06-07,-1.024177,54.233559,32.06491591017839,148.24808240970742,12.0,238.0,32.11687400621751
13:55:55,2025-06-07,-1.024105,54.233491,32.99346729255817,148.28875320185546,12.0,238.0,33.05394336573363
13:55:56,2025-06-07,-1.024031,54.233421,33.2130942517926,148.9962354086503,11.9,238.0,33.41999612331609
13:55:57,2025-06-07,-1.023958,54.23335,33.117698947269645,147.94373177684383,11.9,238.0,33.106012366624135
13:55:58,2025-06-07,-1.023883,54.23328,33.243109617291836,147.6013352810532,11.9,238.0,33.160309943115024
13:55:59,2025-06-07,-1.023807,54.23321,32.89940004147784,144.75418504418087,11.9,238.0,32.22562368262117
13:56:00,2025-06-07,-1.023726,54.233143,33.09344896913561,145.48623164509092,11.9,238.0,32.571521389018656
13:56:01,2025-06-07,-1.023646,54.233075,33.69022113073237,145.21569217200238,11.9,238.0,33.112164173733305
13:56:02,2025-06-07,-1.023564,54.233006,33.55666072921906,145.54433501944516,11.9,238.0,33.04678953550895
13:56:03,2025-06-07,-1.023483,54.232937,34.35103268448197,145.97877046836487,11.9,238.0,33.93132213814174
13:56:04,2025-06-07,-1.023401,54.232866,34.15328889136234,145.27640071704508,11.9,238.0,33.58782618306505
13:56:05,2025-06-07,-1.023318,54.232796,33.45101331857893,143.44221783728676,11.9,238.0,32.50538653241257
13:56:06,2025-06-07,-1.023233,54.232729,34.797526826151156,142.67862876803906,11.9,238.0,33.69389720828494
13:56:07,2025-06-07,-1.023143,54.23266,34.89952090600489,139.33634060750796,11.9,238.0,33.106978394270385
13:56:08,2025-06-07,-1.023046,54.232594,32.64549028027618,133.489068781519,11.9,238.0,29.663770251817795
13:56:09,2025-06-07,-1.022945,54.232538,32.495833280627146,124.61928265489371,11.9,238.0,27.77344916075726
13:56:10,2025-06-07,-1.022831,54.232492,33.86202877758798,123.04046529077323,11.9,238.0,28.8404896945764
13:56:11,2025-06-07,-1.02271,54.232446,34.24685913205869,118.72323825379499,11.9,238.0,28.427417433940708
13:56:12,2025-06-07,-1.022582,54.232405,33.237891888395204,111.2476871927912,11.9,238.0,26.11744425984885
13:56:13,2025-06-07,-1.02245,54.232375,34.03964163911023,111.448091073277,11.9,238.0,26.95258685580265
13:56:14,2025-06-07,-1.022315,54.232344,33.89548390108255,110.8163501091708,11.9,238.0,26.70345960136888
13:56:15,2025-06-07,-1.02218,54.232314,33.04403451748372,109.15298304106858,11.9,238.0,25.579841322503388
13:56:16,2025-06-07,-1.022047,54.232287,33.48803991691157,108.88947470583923,11.9,238.0,25.981301464809945
13:56:17,2025-06-07,-1.021912,54.23226,33.676150434776254,110.95820999566064,11.9,238.0,26.507621775380088
13:56:18,2025-06-07,-1.021778,54.23223,33.04409436940475,109.15294690100421,11.9,238.0,25.57989532851349
13:56:19,2025-06-07,-1.021645,54.232203,32.2478003893579,108.88944122853906,11.9,238.0,24.741056542181145
13:56:20,2025-06-07,-1.021515,54.232177,31.87973874072606,106.84049425384114,11.9,238.0,24.047664248520537
13:56:21,2025-06-07,-1.021385,54.232154,32.32950603811299,106.5994636094776,11.9,238.0,24.45981127483998
13:56:22,2025-06-07,-1.021253,54.232131,31.79604672424237,100.92115919145573,11.9,238.0,23.081778346836813
13:56:23,2025-06-07,-1.02112,54.232116,30.874468934796404,101.25128490078697,11.9,238.0,22.207037247704704
13:56:24,2025-06-07,-1.020991,54.232101,32.564435355473705,101.380211798652,11.9,238.0,23.91537342961145
13:56:25,2025-06-07,-1.020855,54.232085,32.27386068949681,102.94270596520857,11.9,238.0,23.850879887345087
13:56:26,2025-06-07,-1.020721,54.232067,33.48562311726227,101.06318585756668,11.9,238.0,24.791469451317965
13:56:27,2025-06-07,-1.020581,54.232051,33.90793266292066,105.80626502112182,11.9,238.0,25.91542163894791
13:56:28,2025-06-07,-1.020442,54.232028,33.180343330767414,100.46034383587437,11.9,238.0,24.40118072417862
13:56:29,2025-06-07,-1.020303,54.232013,33.87321755546938,100.24407306610362,11.9,238.0,25.06379420890487
13:56:30,2025-06-07,-1.020161,54.231998,33.255292286016896,101.14077554734104,11.9,238.0,24.572149933022573
13:56:31,2025-06-07,-1.020022,54.231982,32.82237618364509,103.44234269324278,11.9,238.0,24.47301892686727
13:56:32,2025-06-07,-1.019886,54.231963,32.594080549834096,103.53825801236269,11.9,238.0,24.258929627874497
13:56:33,2025-06-07,-1.019751,54.231944,33.9329658428622,108.63273125233167,11.9,238.0,26.38492708084536
13:56:34,2025-06-07,-1.019614,54.231917,34.155573927910744,108.50692676289941,11.9,238.0,26.58735325834926
13:56:35,2025-06-07,-1.019476,54.23189,34.47805711325727,107.6264755505182,11.9,238.0,26.769618674255163
13:56:36,2025-06-07,-1.019336,54.231864,36.38991218258903,107.33378729845236,11.9,238.0,28.635262677003297
13:56:37,2025-06-07,-1.019188,54.231837,38.27118188236873,99.05642943033422,11.9,238.0,29.297831286239266
13:56:38,2025-06-07,-1.019027,54.231822,38.87444344288495,104.96624971783552,11.9,238.0,30.753537769203422
13:56:39,2025-06-07,-1.018867,54.231797,49.43612007733316,119.15632558392008,11.9,238.0,43.695304112205704
13:56:40,2025-06-07,-1.018683,54.231737,48.24422457978798,108.43801006992112,11.9,238.0,40.66496356443317
13:56:41,2025-06-07,-1.018488,54.231699,47.725017956446,103.13191448537276,11.9,238.0,39.32984276546523
13:56:42,2025-06-07,-1.01829,54.231672,47.39658080492068,112.93363102494294,11.9,238.0,40.55973423377668
13:56:43,2025-06-07,-1.018104,54.231626,48.134531499136536,116.23375221140628,11.9,238.0,41.8697164854171
13:56:44,2025-06-07,-1.01792,54.231573,43.18899152514836,108.98995469954468,11.9,238.0,35.69845758793497
13:56:45,2025-06-07,-1.017746,54.231538,49.90368564345058,117.29205829413826,11.9,238.0,43.82680669869788
13:56:46,2025-06-07,-1.017557,54.231481,45.541201156279584,108.5067240496802,11.9,238.0,37.972947996315156
13:56:47,2025-06-07,-1.017373,54.231445,41.241230220948076,95.0281728063199,11.9,238.0,31.7409902171954
13:56:48,2025-06-07,-1.017198,54.231436,46.981655846885346,107.40624654888745,11.9,238.0,39.23842776466813
13:56:49,2025-06-07,-1.017007,54.231401,40.72151534860192,121.49408185037157,11.9,238.0,35.41066137871283
13:56:50,2025-06-07,-1.016859,54.231348,39.878724761220965,115.01312913685086,11.9,238.0,33.399807339597984
13:56:51,2025-06-07,-1.016705,54.231306,38.85508641718695,110.56988906504068,11.9,238.0,31.622346760251354
13:56:52,2025-06-07,-1.01655,54.231272,37.20975142163491,108.88903639492548,11.9,238.0,29.70294233320641
13:56:53,2025-06-07,-1.0164,54.231242,41.59990737318043,63.027717701312554,11.9,238.0,29.745693591680585
13:56:54,2025-06-07,-1.016242,54.231289,43.460580228735104,87.88147827782632,11.9,238.0,33.14259184593659
13:56:55,2025-06-07,-1.016057,54.231293,42.860683674979,82.46184445374172,11.9,238.0,32.02886063959861
13:56:56,2025-06-07,-1.015876,54.231307,38.41281296527529,106.39475084092652,11.9,238.0,30.51127580359078
13:56:57,2025-06-07,-1.015719,54.23128,36.865885731706896,101.30799738665098,11.9,238.0,28.206529151549905
13:56:58,2025-06-07,-1.015565,54.231262,37.51430312498241,98.61986668315592,11.9,238.0,28.48166033178063
13:56:59,2025-06-07,-1.015407,54.231248,42.08079047548349,70.49009198801059,11.9,238.0,30.462422767145462
13:57:00,2025-06-07,-1.015238,54.231283,40.36760788712038,76.18680362345009,11.9,238.0,29.0620847229647
13:57:01,2025-06-07,-1.015071,54.231307,36.41806409260896,99.52139386082314,11.9,238.0,27.5084359093944
13:57:02,2025-06-07,-1.014918,54.231292,35.82756714006233,95.14515880082627,11.9,238.0,26.341978955007466
13:57:03,2025-06-07,-1.014766,54.231284,34.8815771441455,102.63540573325122,11.9,238.0,26.413632142240054
13:57:04,2025-06-07,-1.014621,54.231265,33.508390794308056,103.16220257484395,11.9,238.0,25.11767517382617
13:57:05,2025-06-07,-1.014482,54.231246,34.42355594658675,102.8063258186005,11.9,238.0,25.980590006853824
13:57:06,2025-06-07,-1.014339,54.231227,35.110762520832125,102.55159567132318,11.9,238.0,26.630596644597233
13:57:07,2025-06-07,-1.014193,54.231208,33.05136163504146,103.34750517765872,11.9,238.0,24.68798068569206
13:57:08,2025-06-07,-1.014056,54.231189,33.05137600252015,103.34749925340793,11.9,238.0,24.687994177862798
13:57:09,2025-06-07,-1.013919,54.23117,33.279883717579146,103.25419718269848,11.9,238.0,24.902727609229075
13:57:10,2025-06-07,-1.013781,54.231151,30.895690817331,98.97406395332985,11.9,238.0,21.911113696499264
13:57:11,2025-06-07,-1.013651,54.231139,32.366471657392495,103.63526988994221,11.9,238.0,24.045713245542014
13:57:12,2025-06-07,-1.013517,54.23112,30.875183895128675,101.25102032935212,11.9,238.0,22.20771455646249
13:57:13,2025-06-07,-1.013388,54.231105,31.454569025661684,104.03845041418623,11.9,238.0,23.19388087352841
13:57:14,2025-06-07,-1.013258,54.231086,31.10551366638008,101.16664735226561,11.9,238.0,22.426046509005186
13:57:15,2025-06-07,-1.013128,54.231071,29.968494639567115,99.25408543018193,11.9,238.0,21.022160421471998
13:57:16,2025-06-07,-1.013002,54.231059,30.414821138682264,101.42356315720338,11.9,238.0,21.771945843823097
13:57:17,2025-06-07,-1.012875,54.231044,30.267075890185588,102.25676101699133,11.9,238.0,21.744062676807577
13:57:18,2025-06-07,-1.012749,54.231028,30.446928422247773,103.73389042146806,11.9,238.0,22.140825628266256
13:57:19,2025-06-07,-1.012623,54.23101,30.663912253619554,99.04245565141969,11.9,238.0,21.688655705932113
13:57:20,2025-06-07,-1.012494,54.230998,30.603641689565794,98.29987442354366,11.9,238.0,21.527871696961753
13:57:21,2025-06-07,-1.012365,54.230987,30.542982281427275,92.26082165958564,11.9,238.0,20.707829400203877
13:57:22,2025-06-07,-1.012235,54.230984,31.15421112429428,84.08036510540592,11.9,238.0,20.46588950487891
13:57:23,2025-06-07,-1.012103,54.230992,30.26710104031363,77.74314711112083,11.9,238.0,19.066625580271864
13:57:24,2025-06-07,-1.011977,54.231008,28.083683102268377,70.80092013218075,11.9,238.0,16.479448126797827
13:57:25,2025-06-07,-1.011864,54.231031,28.0233602090803,63.63438741697445,11.9,238.0,16.180853225815845
13:57:26,2025-06-07,-1.011757,54.231062,27.550410829972225,60.30510973966432,11.9,238.0,15.660040165789159
13:57:27,2025-06-07,-1.011655,54.231096,25.934644577401116,58.25053366806037,11.9,238.0,14.03475834096868
13:57:28,2025-06-07,-1.011561,54.23113,24.943455353948213,56.83254404367278,11.9,238.0,13.045925585619317
13:57:29,2025-06-07,-1.011472,54.231164,25.359810594074073,56.36344319033594,11.9,238.0,13.464664645182697
13:57:30,2025-06-07,-1.011382,54.231199,24.35651704827289,55.92672720337259,11.9,238.0,12.464307043845654
13:57:31,2025-06-07,-1.011296,54.231233,24.198762462351148,54.517120057263014,11.9,238.0,12.320741818866379
13:57:32,2025-06-07,-1.011212,54.231268,24.55143930240172,56.23340934711274,11.9,238.0,12.657095299154685
13:57:33,2025-06-07,-1.011125,54.231302,25.536225841213437,57.69641549741425,11.9,238.0,13.636392884828666
13:57:34,2025-06-07,-1.011033,54.231336,25.939711140476458,61.33197158987173,11.9,238.0,14.059827615523032
13:57:35,2025-06-07,-1.010936,54.231367,26.114030299592013,66.43829888638163,11.9,238.0,14.342854178270336
13:57:36,2025-06-07,-1.010834,54.231393,25.43710098876106,80.91581158042072,11.9,238.0,14.476272952570449
13:57:37,2025-06-07,-1.010727,54.231403,25.119490882525263,89.99995658851662,11.9,238.0,15.027713760349014
13:57:38,2025-06-07,-1.01062,54.231403,26.267657936974263,100.57175385481423,11.9,238.0,17.504132731377815
13:57:39,2025-06-07,-1.01051,54.231391,26.096842595353813,110.72436923902012,11.9,238.0,18.889607453347125
13:57:40,2025-06-07,-1.010406,54.231368,25.733863927494802,118.91856934302871,11.9,238.0,19.94984312055351
13:57:41,2025-06-07,-1.01031,54.231337,25.3597520511419,123.63657213538761,11.9,238.0,20.45072772611377
13:57:42,2025-06-07,-1.01022,54.231302,26.46508286192906,129.55372331656542,11.9,238.0,22.699740523559846
13:57:43,2025-06-07,-1.010133,54.23126,25.218521715498067,131.9295143866882,11.9,238.0,21.924367322680386
13:57:44,2025-06-07,-1.010053,54.231218,26.365289129330225,139.52274741966517,11.9,238.0,24.611029887458816
13:57:45,2025-06-07,-1.00998,54.231168,25.012136624428962,141.78632298629282,11.9,238.0,23.724120306993466
13:57:46,2025-06-07,-1.009914,54.231119,27.055741474459087,149.26445534154584,11.9,238.0,27.318340173936054
13:57:47,2025-06-07,-1.009855,54.231061,25.35540533261004,146.94831913056112,11.9,238.0,25.13698960090935
13:57:48,2025-06-07,-1.009796,54.231008,25.441928347125607,148.3257101804735,11.9,238.0,25.50957609194632
13:57:49,2025-06-07,-1.009739,54.230954,26.59136275409806,149.25687180363417,11.9,238.0,26.852386778123574
13:57:50,2025-06-07,-1.009681,54.230897,24.854896853404433,148.75989998964906,11.9,238.0,25.012719032452814
13:57:51,2025-06-07,-1.009626,54.230844,25.788546306905502,152.39073566760453,11.9,238.0,26.699584252699964
13:57:52,2025-06-07,-1.009575,54.230787,26.474069311368694,151.44448982172491,11.9,238.0,27.189038955841287
13:57:53,2025-06-07,-1.009521,54.230729,24.614272558343828,149.69271147068076,11.9,238.0,24.965787741254005
13:57:54,2025-06-07,-1.009468,54.230676,27.280414602888055,155.65158574741122,11.9,238.0,28.86488494995435
13:57:55,2025-06-07,-1.00942,54.230614,26.0206082702835,159.99189603413936,11.9,238.0,28.493111000510307
13:57:56,2025-06-07,-1.009382,54.230553,27.309347895435828,165.59565440191432,11.9,238.0,30.906689277599583
13:57:57,2025-06-07,-1.009353,54.230487,27.824954617643826,168.34321092487835,11.9,238.0,31.96190492856453
13:57:58,2025-06-07,-1.009329,54.230419,26.308691072129196,167.13807880165916,11.9,238.0,30.21005656995529
13:57:59,2025-06-07,-1.009304,54.230355,25.25203248563466,165.49418548249332,11.9,238.0,28.829279733188457
13:58:00,2025-06-07,-1.009277,54.230294,23.97211993011841,162.36443196213793,11.9,238.0,26.924373827929674
13:58:01,2025-06-07,-1.009246,54.230237,23.57830202221219,152.1513613875759,11.9,238.0,24.439761427473872
13:58:02,2025-06-07,-1.009199,54.230185,21.710441227637492,128.93352893704525,11.9,238.0,17.8231292984117
13:58:03,2025-06-07,-1.009127,54.230151,22.54869670093409,108.69551295735147,11.9,238.0,15.010743172824284
13:58:04,2025-06-07,-1.009036,54.230133,23.87698459418541,96.76185997539949,11.9,238.0,14.597901248857548
13:58:05,2025-06-07,-1.008935,54.230126,23.425775997060867,79.13002309081014,11.9,238.0,12.325875260485734
13:58:06,2025-06-07,-1.008837,54.230137,23.274710193696475,78.05010048086774,11.9,238.0,12.095931198336961
13:58:07,2025-06-07,-1.00874,54.230149,23.2747037346755,78.05009709746776,11.9,238.0,12.095924498396863
13:58:08,2025-06-07,-1.008643,54.230161,22.088232821614845,75.25435355750824,11.9,238.0,10.723763650812336
13:58:09,2025-06-07,-1.008552,54.230175,23.657876336451263,74.24143957075847,11.9,238.0,12.232785674403653
13:58:10,2025-06-07,-1.008455,54.230191,23.657867863747864,74.24143376284542,11.9,238.0,12.232776864324068
13:58:11,2025-06-07,-1.008358,54.230207,23.91544719820799,67.2860544422461,11.9,238.0,12.171396449708935
13:58:12,2025-06-07,-1.008264,54.23023,24.403934386774235,64.67673802078053,11.9,238.0,12.584640950948843
13:58:13,2025-06-07,-1.00817,54.230256,24.15695562757458,63.33981607075913,11.9,238.0,12.308598444870237
13:58:14,2025-06-07,-1.008078,54.230283,23.738064149756283,62.83152812025605,11.9,238.0,11.880348859829272
13:58:15,2025-06-07,-1.007988,54.23031,23.73805189323337,62.83151289005883,11.9,238.0,11.88033633688059
13:58:16,2025-06-07,-1.007898,54.230337,23.558103912082245,63.70018610922182,11.9,238.0,11.716946468692102
13:58:17,2025-06-07,-1.007808,54.230363,24.78862698636239,64.06989319970592,11.9,238.0,12.955342614760871
13:58:18,2025-06-07,-1.007713,54.23039,23.529294066220263,62.570561328784095,11.9,238.0,11.667136622778798
13:58:19,2025-06-07,-1.007624,54.230417,23.482773942386384,66.8437439952063,11.9,238.0,11.724249563871808
13:58:20,2025-06-07,-1.007532,54.23044,25.042529437691716,65.36560261205659,11.9,238.0,13.240724598582428
13:58:21,2025-06-07,-1.007435,54.230466,24.784495313785218,68.12394058925508,11.9,238.0,13.069780474456618
13:58:22,2025-06-07,-1.007337,54.230489,24.419201872632417,68.79301769650482,11.9,238.0,12.729711938411354
13:58:23,2025-06-07,-1.00724,54.230511,25.4744447677172,71.62387956560644,11.9,238.0,13.90927608718667
13:58:24,2025-06-07,-1.007137,54.230531,24.68034206882614,71.9932013134756,11.9,238.0,13.133481402191274
13:58:25,2025-06-07,-1.007037,54.23055,25.002535171990687,68.32429274496423,11.9,238.0,13.295206412667017
13:58:26,2025-06-07,-1.006938,54.230573,25.077248523536152,69.37491658847216,11.9,238.0,13.410992932221118
13:58:27,2025-06-07,-1.006838,54.230595,25.470584091671714,75.38859814990002,11.9,238.0,14.114416249298467
13:58:28,2025-06-07,-1.006733,54.230611,25.37267209358714,76.26614408513211,11.9,238.0,14.072302988830364
13:58:29,2025-06-07,-1.006628,54.230626,25.799412474247532,72.79888389451935,11.9,238.0,14.294154937510324
13:58:30,2025-06-07,-1.006523,54.230645,25.576043984412582,79.13890154906994,11.9,238.0,14.47680811808269
13:58:31,2025-06-07,-1.006416,54.230657,25.372645476657322,76.26612936197716,11.9,238.0,14.07227541345481
13:58:32,2025-06-07,-1.006311,54.230672,25.37263679972815,76.26612454881894,11.9,238.0,14.072266423199546
13:58:33,2025-06-07,-1.006206,54.230687,25.600771480033895,76.39084382501136,11.9,238.0,14.308546820841473
13:58:34,2025-06-07,-1.0061,54.230702,24.916701974278993,76.0098195431342,11.9,238.0,13.599759824982677
13:58:35,2025-06-07,-1.005997,54.230717,26.698039066800405,73.3947201936079,11.9,238.0,15.225012600253791
13:58:36,2025-06-07,-1.005888,54.230736,25.114987334955693,78.93705904191881,11.9,238.0,14.0007022093691
13:58:37,2025-06-07,-1.005783,54.230748,24.688908796260964,75.87810933762421,11.9,238.0,13.363538800341097
13:58:38,2025-06-07,-1.005681,54.230763,25.27247261870402,79.93279941244316,11.9,238.0,14.233763891262273
13:58:39,2025-06-07,-1.005575,54.230774,25.575967072883294,79.13886840959691,11.9,238.0,14.476728724382669
13:58:40,2025-06-07,-1.005468,54.230786,24.6888874730468,75.87809686542982,11.9,238.0,13.363516681891795
13:58:41,2025-06-07,-1.005366,54.230801,24.193930092445363,78.51034719841118,11.9,238.0,13.04828383633622
13:58:42,2025-06-07,-1.005265,54.230813,24.810245031049153,79.74326097047424,11.9,238.0,13.756892774935102
13:58:43,2025-06-07,-1.005161,54.230824,24.193917175554546,78.51034097527634,11.9,238.0,13.048270466580682
13:58:44,2025-06-07,-1.00506,54.230836,25.144521321684117,76.13908544563265,11.9,238.0,13.835908762183536
13:58:45,2025-06-07,-1.004956,54.230851,24.810222970942114,79.74325173695433,11.9,238.0,13.756870004401799
13:58:46,2025-06-07,-1.004852,54.230862,24.654234614688978,78.72766274888966,11.9,238.0,13.524482796684042
13:58:47,2025-06-07,-1.004749,54.230874,24.39232048278928,82.43095038163813,11.9,238.0,13.557842023957656
13:58:48,2025-06-07,-1.004646,54.230882,24.365831246650632,76.65920145448456,11.9,238.0,13.0913150465336
13:58:49,2025-06-07,-1.004545,54.230896,23.22917901010306,82.04959479666223,11.9,238.0,12.362181747657543
13:58:50,2025-06-07,-1.004447,54.230904,24.468055740206363,86.23531107197181,11.9,238.0,13.984012294117234
13:58:51,2025-06-07,-1.004343,54.230908,24.233798133459988,86.19886778537204,11.9,238.0,13.746175933547446
13:58:52,2025-06-07,-1.00424,54.230912,23.410324852470218,83.10262779529648,11.9,238.0,12.634287674195667
13:58:53,2025-06-07,-1.004141,54.230919,23.999546481058836,86.161712431583,11.9,238.0,13.508279969987461
13:58:54,2025-06-07,-1.004039,54.230923,24.936583611526586,86.30614109856867,11.9,238.0,14.459507850445984
13:58:55,2025-06-07,-1.003933,54.230927,24.936581210201517,86.30614074159314,11.9,238.0,14.459505413964193
13:58:56,2025-06-07,-1.003827,54.230931,23.976111307182702,87.1193886820032,11.9,238.0,13.580180880298737
13:58:57,2025-06-07,-1.003725,54.230934,25.119775651952217,89.99995658900991,11.9,238.0,15.027998529830258
13:58:58,2025-06-07,-1.003618,54.230934,25.824068427181995,89.99995537236106,11.9,238.0,15.732291171154431
13:58:59,2025-06-07,-1.003508,54.230934,25.119775651952217,89.99995658900991,11.9,238.0,15.027998529830258
13:59:00,2025-06-07,-1.003401,54.230934,25.873765000661347,93.5598031931271,11.9,238.0,16.193008389027295
13:59:01,2025-06-07,-1.003291,54.23093,25.383025955154228,92.72074171759783,11.9,238.0,15.60196492655243
13:59:02,2025-06-07,-1.003183,54.230927,24.653508379766677,90.93341732942707,11.9,238.0,14.665803639369264
13:59:03,2025-06-07,-1.003078,54.230926,24.159586620714897,97.64230761203578,11.9,238.0,14.996082604053804
13:59:04,2025-06-07,-1.002976,54.230918,23.65596164224298,100.76287580991357,11.9,238.0,14.919339270452
13:59:05,2025-06-07,-1.002877,54.230907,23.425355551264627,100.87009533978897,11.9,238.0,14.703868269653709
13:59:06,2025-06-07,-1.002779,54.230896,23.461723992509995,97.87102866824307,11.9,238.0,14.328600137160498
13:59:07,2025-06-07,-1.00268,54.230888,23.194836963535206,100.97944408410837,11.9,238.0,14.488816788753539
13:59:08,2025-06-07,-1.002583,54.230877,23.229193877969717,97.95032056291865,11.9,238.0,14.106636066290813
13:59:09,2025-06-07,-1.002485,54.230869,25.34537795234718,100.96105917747423,11.9,238.0,16.63675505934018
13:59:10,2025-06-07,-1.002379,54.230857,25.041290568819225,100.16102411529334,11.9,238.0,16.22028029166649
13:59:11,2025-06-07,-1.002274,54.230846,25.09069765537481,97.35712182546331,11.9,238.0,15.889518083629879
13:59:12,2025-06-07,-1.002168,54.230838,26.28581945479017,103.24793256848488,11.9,238.0,17.907739290237487
13:59:13,2025-06-07,-1.002059,54.230823,25.873834153254723,93.55979364470767,11.9,238.0,16.19307638831453
13:59:14,2025-06-07,-1.001949,54.230819,25.966236313039552,99.7954872617982,11.9,238.0,17.094447223798475
13:59:15,2025-06-07,-1.00184,54.230808,26.037260452506377,100.66637727903196,11.9,238.0,17.28704252221535
13:59:16,2025-06-07,-1.001731,54.230796,25.27245959006921,100.06711983807884,11.9,238.0,16.438370180942993
13:59:17,2025-06-07,-1.001625,54.230785,25.144559126324378,103.86080884865845,11.9,238.0,16.85735339883238
13:59:18,2025-06-07,-1.001521,54.23077,26.49887935105247,100.47847370972488,11.9,238.0,17.722259176017662
13:59:19,2025-06-07,-1.00141,54.230758,26.892178203872675,99.45509993102928,11.9,238.0,17.973428611753278
13:59:20,2025-06-07,-1.001297,54.230747,26.811202312116986,93.43518364594468,11.9,238.0,17.115416433092996
13:59:21,2025-06-07,-1.001183,54.230743,28.544761646197365,95.65220994648047,11.9,238.0,19.12313503610644
13:59:22,2025-06-07,-1.001062,54.230736,28.217408018716828,93.26379992211355,11.9,238.0,18.501027986641823
13:59:23,2025-06-07,-1.000942,54.230732,28.40661396838162,89.9999509115379,11.9,238.0,18.31483622139138
13:59:24,2025-06-07,-1.000821,54.230732,29.155002148042584,86.84116977945007,11.9,238.0,18.731074689749303
13:59:25,2025-06-07,-1.000697,54.230736,28.820216123187652,83.59907217380254,11.9,238.0,18.088325795677633
13:59:26,2025-06-07,-1.000575,54.230744,28.74655040209539,81.15972522982065,11.9,238.0,17.805547308194633
13:59:27,2025-06-07,-1.000454,54.230755,29.04220596801961,80.44797332969841,11.9,238.0,18.043908926084043
13:59:28,2025-06-07,-1.000332,54.230767,28.311120913397637,84.30089466787115,11.9,238.0,17.64301472343243
13:59:29,2025-06-07,-1.000212,54.230774,28.353621442223474,83.49329319204105,11.9,238.0,17.61225694516294
13:59:30,2025-06-07,-1.000092,54.230782,28.978535798514386,81.23104698390262,11.9,238.0,18.04336711395441
13:59:31,2025-06-07,-0.99997,54.230793,28.820176910472235,83.59906340535105,11.9,238.0,18.08828579609323
13:59:32,2025-06-07,-0.999848,54.230801,29.01201144131931,84.43900820753782,11.9,238.0,18.356646299891437
13:59:33,2025-06-07,-0.999725,54.230808,28.68614055150474,86.78948886707718,11.9,238.0,18.25703951747147
13:59:34,2025-06-07,-0.999603,54.230812,28.920538937694214,86.8155355300537,11.9,238.0,18.494044273774634
13:59:35,2025-06-07,-0.99948,54.230816,28.92053615085713,86.8155352170345,11.9,238.0,18.494041455602208
13:59:36,2025-06-07,-0.999357,54.23082,28.666534577861025,87.59100090017569,11.9,238.0,18.31862183706312
13:59:37,2025-06-07,-0.999235,54.230823,28.17463597249487,89.1831589845549,11.9,238.0,17.993989771329666
13:59:38,2025-06-07,-0.999115,54.230824,28.311082293306256,84.3008868495532,11.9,238.0,17.642975383850935
13:59:39,2025-06-07,-0.998995,54.230831,27.51421249009906,86.65259542522625,11.9,238.0,17.071448600581753
13:59:40,2025-06-07,-0.998878,54.230835,27.887111753082117,83.38397161246405,11.9,238.0,17.13599426238808
13:59:41,2025-06-07,-0.99876,54.230843,27.420742591828812,83.27093976848988,11.9,238.0,16.65958225615619
13:59:42,2025-06-07,-0.998644,54.230851,27.1432651656084,84.05483773441597,11.9,238.0,16.452613731378854
13:59:43,2025-06-07,-0.998529,54.230858,26.576786983532806,86.53438814038367,11.9,238.0,16.122273197489502
13:59:44,2025-06-07,-0.998416,54.230862,27.04547386380674,86.5945146149121,11.9,238.0,16.596931138809666
13:59:45,2025-06-07,-0.998301,54.230866,27.748558596123065,86.68089594952914,11.9,238.0,17.308614397435477
13:59:46,2025-06-07,-0.998183,54.23087,27.7282955695604,87.50944133636648,11.9,238.0,17.37202852707799
13:59:47,2025-06-07,-0.998065,54.230873,27.748553916835323,86.68089539053506,11.9,238.0,17.308609662427834
13:59:48,2025-06-07,-0.997947,54.230877,27.46745608013713,89.99995253462072,11.9,238.0,17.37567851178501
13:59:49,2025-06-07,-0.99783,54.230877,27.04546409098434,86.59451338835368,11.9,238.0,16.596921244062386
13:59:50,2025-06-07,-0.997715,54.230881,27.045461486744415,86.59451304560298,11.9,238.0,16.596918605751654
13:59:51,2025-06-07,-0.9976,54.230885,27.259205551296205,87.46655686409952,11.9,238.0,16.898554187318762
13:59:52,2025-06-07,-0.997484,54.230888,26.53141661058244,89.13257021283351,11.9,238.0,16.34533411391834
13:59:53,2025-06-07,-0.997371,54.230889,25.61755270323466,87.304097065176,11.9,238.0,15.240344821261699
13:59:54,2025-06-07,-0.997262,54.230892,24.468062806676528,86.23531216032609,11.9,238.0,13.984019467527819
13:59:55,2025-06-07,-0.997158,54.230896,22.302625036078584,89.99996145940753,11.9,238.0,12.210848449997563
13:59:56,2025-06-07,-0.997063,54.230896,21.363567139847476,89.99996308508815,11.9,238.0,11.27179073269054
13:59:57,2025-06-07,-0.996972,54.230896,20.721358301415826,85.55337228546858,11.9,238.0,10.171052501113445
13:59:58,2025-06-07,-0.996884,54.2309,21.22358480652656,95.42931489602722,11.9,238.0,11.773750087391084
13:59:59,2025-06-07,-0.996794,54.230895,21.5775864557529,110.70497291246704,11.9,238.0,14.367146120544637
14:00:00,2025-06-07,-0.996708,54.230876,23.62849533638239,126.47311113992396,11.9,238.0,19.26193515326881
14:00:01,2025-06-07,-0.996627,54.230841,22.925322405586552,131.68677002111582,11.9,238.0,19.58275131546476
14:00:02,2025-06-07,-0.996554,54.230803,21.90506025574149,123.34488914775017,11.9,238.0,16.940913819641658
14:00:03,2025-06-07,-0.996476,54.230773,21.35813717112281,110.92751712028382,11.9,238.0,14.184521253024991
14:00:04,2025-06-07,-0.996391,54.230754,22.679761406080065,109.65667465400497,11.9,238.0,15.297331287827497
14:00:05,2025-06-07,-0.9963,54.230735,21.631350541291845,107.27848635170477,11.9,238.0,13.867992541824522
14:00:06,2025-06-07,-0.996212,54.230719,20.99798810786913,110.13287033174731,11.9,238.0,13.693382487959774
14:00:07,2025-06-07,-0.996128,54.230701,20.290362987690877,108.45969408345138,11.9,238.0,12.714574535627419
14:00:08,2025-06-07,-0.996046,54.230685,20.701669691438195,111.62353260792293,11.9,238.0,13.643919523806254
14:00:09,2025-06-07,-0.995964,54.230666,19.39872293458753,113.15630228137837,11.9,238.0,12.599780900358413
14:00:10,2025-06-07,-0.995888,54.230647,20.082000619671927,117.37239179713424,11.9,238.0,14.019472926588683
14:00:11,2025-06-07,-0.995812,54.230624,20.06921120090048,122.68206447430072,11.9,238.0,14.980285074003518
14:00:12,2025-06-07,-0.99574,54.230597,19.871893157716613,123.04730667788391,11.9,238.0,14.851642321787217
14:00:13,2025-06-07,-0.995669,54.23057,20.109025556016174,132.71576326095476,11.9,238.0,16.972094281001635
14:00:14,2025-06-07,-0.995606,54.230536,18.90545452773424,137.95459027627498,11.9,238.0,16.82975381126111
14:00:15,2025-06-07,-0.995552,54.230501,20.519171236036595,145.16729580059666,11.9,238.0,19.931074707903946
14:00:16,2025-06-07,-0.995502,54.230459,18.40023536953077,145.90903949840322,11.9,238.0,17.96605143165144
14:00:17,2025-06-07,-0.995458,54.230421,19.272591982399774,150.8956197349106,11.9,238.0,19.873739377055845
14:00:18,2025-06-07,-0.995418,54.230379,19.7198039952813,156.1716578384785,11.9,238.0,21.411261779170967
14:00:19,2025-06-07,-0.995384,54.230334,22.39368596301257,155.9157026692037,11.9,238.0,24.032506400417887
14:00:20,2025-06-07,-0.995345,54.230283,20.58155242523372,153.63792845521095,11.9,238.0,21.7506286005524
14:00:21,2025-06-07,-0.995306,54.230237,21.00920611459115,156.3274636984603,11.9,238.0,22.732689013874
14:00:22,2025-06-07,-0.99527,54.230189,20.941198605915233,154.1249285402189,11.9,238.0,22.21088913234321
14:00:23,2025-06-07,-0.995231,54.230142,21.664802523463504,155.05029059373192,11.9,238.0,23.125414357759517
14:00:24,2025-06-07,-0.995192,54.230093,22.227889376997716,154.39082807745012,11.9,238.0,23.55247657015621
14:00:25,2025-06-07,-0.995151,54.230043,20.478214287246143,154.22525926334356,11.9,238.0,21.76862201187489
14:00:26,2025-06-07,-0.995113,54.229997,22.857734510517236,158.34485303928216,11.9,238.0,24.994645810355056
14:00:27,2025-06-07,-0.995077,54.229944,23.316965171675818,158.17318690084335,11.9,238.0,25.418792439725763
14:00:28,2025-06-07,-0.99504,54.22989,25.2465489798265,157.05782542214683,11.9,238.0,27.119980304336725
14:00:29,2025-06-07,-0.994998,54.229832,24.8781591691984,156.69792986432662,11.9,238.0,26.677737920944733
14:00:30,2025-06-07,-0.994956,54.229775,26.35740297665218,158.07678633773912,11.9,238.0,28.439520218903972
14:00:31,2025-06-07,-0.994914,54.229714,28.747855724107872,156.96875550581478,11.9,238.0,30.60301617603048
14:00:32,2025-06-07,-0.994866,54.229648,34.92163885371619,156.67924098391416,11.9,238.0,36.71738057867918
14:00:33,2025-06-07,-0.994807,54.229568,36.39857570081511,157.67841800942597,11.9,238.0,38.3991808051851
14:00:34,2025-06-07,-0.994748,54.229484,36.957611192308704,155.66162786618474,11.9,238.0,38.54414863381205
14:00:35,2025-06-07,-0.994683,54.2294,40.36279489262276,156.022373685729,11.9,238.0,42.0235563288343
14:00:36,2025-06-07,-0.994613,54.229308,46.21647420268661,166.21749240380825,11.9,238.0,49.93671087513083
14:00:37,2025-06-07,-0.994566,54.229196,39.43928958980392,157.65199180037996,11.9,238.0,41.43448403128352
14:00:38,2025-06-07,-0.994502,54.229105,43.595416970504274,155.5511865692556,11.9,238.0,45.15921823827331
14:00:39,2025-06-07,-0.994425,54.229006,43.06756624999659,154.54202022625282,11.9,238.0,44.423355386544465
14:00:40,2025-06-07,-0.994346,54.228909,44.521655206272506,160.95722910696122,11.9,238.0,47.18991641983208
14:00:41,2025-06-07,-0.994284,54.228804,43.10837393694665,163.25931331193112,11.9,238.0,46.24031155572282
14:00:42,2025-06-07,-0.994231,54.228701,45.80810394982414,155.52132640410014,11.9,238.0,47.36575700570157
14:00:43,2025-06-07,-0.99415,54.228597,43.943788458328136,153.38699685333881,11.9,238.0,45.06098866580949
14:00:44,2025-06-07,-0.994066,54.228499,45.24149262034431,157.14191810049306,11.9,238.0,47.13216968453252
14:00:45,2025-06-07,-0.993991,54.228395,44.781054737816525,157.21890143327778,11.9,238.0,46.68751598606307
14:00:46,2025-06-07,-0.993917,54.228292,47.46545098710493,158.26961257341338,11.9,238.0,49.58698746258054
14:00:47,2025-06-07,-0.993842,54.228182,38.54939306814295,159.3577821363574,11.9,238.0,40.89291936661963
14:00:48,2025-06-07,-0.993784,54.228092,37.03905455544797,151.2562344534897,11.9,238.0,37.71499150060617
14:00:49,2025-06-07,-0.993708,54.228011,35.45432674224852,153.2899411555037,11.9,238.0,36.55145648426878
14:00:50,2025-06-07,-0.99364,54.227932,34.016709673985105,155.15134866676487,11.9,238.0,35.49814969589015
14:00:51,2025-06-07,-0.993579,54.227855,36.46239702441573,151.59892407002928,11.9,238.0,37.209381183244695
14:00:52,2025-06-07,-0.993505,54.227775,33.92136056751549,152.42589760155727,11.9,238.0,34.83967983732658
14:00:53,2025-06-07,-0.993438,54.2277,30.12323468957539,146.99553412190426,11.9,238.0,29.914623657978407
14:00:54,2025-06-07,-0.993368,54.227637,32.326419516459104,141.41079391393214,11.9,238.0,30.960894425812207
14:00:55,2025-06-07,-0.993282,54.227574,28.9571515917516,139.62611052184263,11.9,238.0,27.22412855945766
14:00:56,2025-06-07,-0.993202,54.227519,28.564176815945608,135.74632558889311,11.9,238.0,26.038516744838848
14:00:57,2025-06-07,-0.993117,54.227468,26.830599285973026,128.913159727407,11.9,238.0,22.939289124044834
14:00:58,2025-06-07,-0.993028,54.227426,27.19791274954643,128.29230535794431,11.9,238.0,23.18497461592842
14:00:59,2025-06-07,-0.992937,54.227384,26.23632183687643,125.53973378370051,11.9,238.0,21.69001437952158
14:01:00,2025-06-07,-0.992846,54.227346,27.166863485645905,132.79246889433853,11.9,238.0,24.04530283999315
14:01:01,2025-06-07,-0.992761,54.2273,24.777991560070895,131.59890048922807,11.9,238.0,21.417909153411774
14:01:02,2025-06-07,-0.992682,54.227259,24.699761784914063,133.0173848936779,11.9,238.0,21.62330299814885
14:01:03,2025-06-07,-0.992605,54.227217,24.188997947033634,134.1543718839041,11.9,238.0,21.34124756031123
14:01:04,2025-06-07,-0.992531,54.227175,22.67901722615322,133.62367427617517,11.9,238.0,19.72437035389355
14:01:05,2025-06-07,-0.992461,54.227136,23.74190592221999,133.8539286364607,11.9,238.0,20.83360775333896
14:01:06,2025-06-07,-0.992388,54.227095,22.323552357848886,123.87210218837475,11.9,238.0,17.45913129973959
14:01:07,2025-06-07,-0.992309,54.227064,21.529128034302005,129.32369613746016,11.9,238.0,17.718495515104753
14:01:08,2025-06-07,-0.992238,54.22703,21.392883326911278,135.4460850358787,11.9,238.0,18.8063206718138
14:01:09,2025-06-07,-0.992174,54.226992,21.065716617321385,136.35510507488743,11.9,238.0,18.663756125325815
14:01:10,2025-06-07,-0.992112,54.226954,20.21384972606552,133.99984064058447,11.9,238.0,17.33494705357006
14:01:11,2025-06-07,-0.99205,54.226919,20.173350515966288,126.64022785845538,11.9,238.0,15.839096909031753
14:01:12,2025-06-07,-0.991981,54.226889,20.900345070139213,132.21292124171703,11.9,238.0,17.66279248513117
14:01:13,2025-06-07,-0.991915,54.226854,20.45785962152781,131.8219782172526,11.9,238.0,17.14224920233008
14:01:14,2025-06-07,-0.99185,54.22682,19.937945619751535,133.17035807060927,11.9,238.0,16.892189301492184
14:01:15,2025-06-07,-0.991788,54.226786,20.72689535325711,132.64846923238684,11.9,238.0,17.57648401868606
14:01:16,2025-06-07,-0.991723,54.226751,20.988573724694266,130.54087727724584,11.9,238.0,17.418272651408575
14:01:17,2025-06-07,-0.991655,54.226717,21.34795757096362,129.722412899071,11.9,238.0,17.61586723358312
14:01:18,2025-06-07,-0.991585,54.226683,20.37128186891349,130.54083181064618,11.9,238.0,16.80097178751483
14:01:19,2025-06-07,-0.991519,54.22665,23.6385738167874,132.75841180700246,11.9,238.0,20.510187962349836
14:01:20,2025-06-07,-0.991445,54.22661,23.688323770299995,135.3394202300476,11.9,238.0,21.080141602152146
14:01:21,2025-06-07,-0.991374,54.226568,23.279777208108175,130.9159822958204,11.9,238.0,19.78387016178845
14:01:22,2025-06-07,-0.991299,54.22653,23.45789047704972,130.54072115320997,11.9,238.0,19.887558471551465
14:01:23,2025-06-07,-0.991223,54.226492,23.817053969920764,129.80710680368975,11.9,238.0,20.101670666643436
14:01:24,2025-06-07,-0.991145,54.226454,24.872383121482603,132.64823191263292,11.9,238.0,21.721924255685927
14:01:25,2025-06-07,-0.991067,54.226412,23.99808718041529,129.44850607642115,11.9,238.0,20.212020985144378
14:01:26,2025-06-07,-0.990988,54.226374,23.441604867377876,126.81095743936669,11.9,238.0,19.140394341228923
14:01:27,2025-06-07,-0.990908,54.226339,24.358452464913718,133.76947670419293,11.9,238.0,21.433149178094542
14:01:28,2025-06-07,-0.990833,54.226297,22.840651457911186,130.54056257504624,11.9,238.0,19.27028803400125
14:01:29,2025-06-07,-0.990759,54.22626,24.615345760786756,129.47578992413935,11.9,238.0,20.83465223866111
14:01:30,2025-06-07,-0.990678,54.226221,25.045840296694056,132.28455299362975,11.9,238.0,21.822606547638685
14:01:31,2025-06-07,-0.990599,54.226179,24.54665710037114,128.4045683831328,11.9,238.0,20.555677282194665
14:01:32,2025-06-07,-0.990517,54.226141,25.927283158886127,130.54044986028532,11.9,238.0,22.356897403300508
14:01:33,2025-06-07,-0.990433,54.226099,26.83113530971645,128.91223107901402,11.9,238.0,22.939642876912433
14:01:34,2025-06-07,-0.990344,54.226057,26.81360500812517,124.66461616106182,11.9,238.0,22.099864747163032
14:01:35,2025-06-07,-0.99025,54.226019,25.737462541808753,122.02105523245052,11.9,238.0,20.524776717804706
14:01:36,2025-06-07,-0.990157,54.225985,26.236908048090065,125.53881541154647,11.9,238.0,21.690424319449498
14:01:37,2025-06-07,-0.990066,54.225947,27.04322420924347,125.36391470408688,11.9,238.0,22.4631915878931
14:01:38,2025-06-07,-0.989972,54.225908,26.648756658321766,129.22889951948298,11.9,238.0,22.819477409575747
14:01:39,2025-06-07,-0.989884,54.225866,26.046109623883176,125.83871673931901,11.9,238.0,21.557250435658286
14:01:40,2025-06-07,-0.989794,54.225828,25.340368943852482,122.58354650705377,11.9,238.0,20.23295410391588
14:01:41,2025-06-07,-0.989703,54.225794,25.166811038402518,123.92888103070868,11.9,238.0,20.313154741578536
14:01:42,2025-06-07,-0.989614,54.225759,25.240567990627852,126.03558326796156,11.9,238.0,20.78960268273189
14:01:43,2025-06-07,-0.989527,54.225722,24.77831248471002,124.53447830703976,11.9,238.0,20.039766438842985
14:01:44,2025-06-07,-0.98944,54.225687,23.97092518363608,124.69795613697192,11.9,238.0,19.263543827059376
14:01:45,2025-06-07,-0.989356,54.225653,25.1031288076674,127.40629808563835,11.9,238.0,20.917437653712504
14:01:46,2025-06-07,-0.989271,54.225615,24.58515190333321,124.84438092779368,11.9,238.0,19.905716862178487
14:01:47,2025-06-07,-0.989185,54.22558,24.164519180473874,124.38120689125617,11.9,238.0,19.396789184668663
14:01:48,2025-06-07,-0.9891,54.225546,24.01001497350959,125.80400468481105,11.9,238.0,19.51447971396284
14:01:49,2025-06-07,-0.989017,54.225511,24.114756270865815,128.00319766527355,11.9,238.0,20.045340655768687
14:01:50,2025-06-07,-0.988936,54.225474,22.129451721203655,124.20962349096624,11.9,238.0,17.329091531638667
14:01:51,2025-06-07,-0.988858,54.225443,21.71113335882808,123.6817990868957,11.9,238.0,16.810667430264896
14:01:52,2025-06-07,-0.988781,54.225413,22.129473992265414,124.2095841266405,11.9,238.0,17.32910632167388
14:01:53,2025-06-07,-0.988703,54.225382,19.243769124474166,128.7237401625278,11.9,238.0,15.3153017819983
14:01:54,2025-06-07,-0.988639,54.225352,16.83469736241599,123.25364242168877,11.9,238.0,11.85333351498867
14:01:55,2025-06-07,-0.988579,54.225329,15.397433355939476,119.6913858464817,11.9,238.0,9.754208461595443
14:01:56,2025-06-07,-0.988522,54.22531,15.521320314562661,132.22846159572725,11.9,238.0,12.286873741056407
14:01:57,2025-06-07,-0.988473,54.225284,13.26142171794473,127.24404398575945,11.9,238.0,9.044201598712913
14:01:58,2025-06-07,-0.988428,54.225264,12.217742934822475,126.24519513747731,11.9,238.0,7.807182545911946
14:01:59,2025-06-07,-0.988386,54.225246,12.090212070977799,129.09456251528013,11.9,238.0,8.234526365477894
14:02:00,2025-06-07,-0.988346,54.225227,13.261433266561864,127.24400587801335,11.9,238.0,9.044205746254466
14:02:01,2025-06-07,-0.988301,54.225207,13.796092066909756,123.55556891377068,11.9,238.0,8.871746971031115
14:02:02,2025-06-07,-0.988252,54.225188,13.992501822541,123.02448258253003,11.9,238.0,8.96795344215219
14:02:03,2025-06-07,-0.988202,54.225169,16.960608082301192,127.96341803415959,11.9,238.0,12.883429552465838
14:02:04,2025-06-07,-0.988145,54.225143,18.03917817828364,122.27621591818786,11.9,238.0,12.874184362303957
14:02:05,2025-06-07,-0.98808,54.225119,16.026010473281755,123.43348902623103,11.9,238.0,11.078594061024823
14:02:06,2025-06-07,-0.988023,54.225097,18.379520688227856,127.68651729575328,11.9,238.0,14.248360197947303
14:02:07,2025-06-07,-0.987961,54.225069,19.61274665802259,127.86605610687701,11.9,238.0,15.516576443848866
14:02:08,2025-06-07,-0.987895,54.225039,20.415255708384887,127.5427214636793,11.9,238.0,16.256100120890984
14:02:09,2025-06-07,-0.987826,54.225008,19.798809007692952,127.44928729994467,11.9,238.0,15.621477086607612
14:02:10,2025-06-07,-0.987759,54.224978,21.965752030916814,129.74422668346165,11.9,238.0,18.23796398341646
14:02:11,2025-06-07,-0.987687,54.224943,25.927715333484244,130.53962860275527,11.9,238.0,22.357166866203606
14:02:12,2025-06-07,-0.987603,54.224901,29.313492183509414,126.06417316145598,11.9,238.0,24.86803438544871
14:02:13,2025-06-07,-0.987502,54.224858,34.34254304065835,124.93332730180975,11.9,238.0,29.680099042689154
14:02:14,2025-06-07,-0.987382,54.224809,36.84327850462572,126.0291332966259,11.9,238.0,32.39107083807616
14:02:15,2025-06-07,-0.987255,54.224755,39.10492432050713,128.75194674091864,11.9,238.0,35.18198736459993
14:02:16,2025-06-07,-0.987125,54.224694,40.99784708598387,123.91768585333267,11.9,238.0,36.142067905950995
14:02:17,2025-06-07,-0.98698,54.224637,43.993829087856504,126.36515429680605,11.9,238.0,39.606418696799395
14:02:18,2025-06-07,-0.986829,54.224572,47.596512020431824,125.57672755822887,11.9,238.0,43.057306075904584
14:02:19,2025-06-07,-0.986664,54.224503,46.45704832265934,126.5867713093898,11.9,238.0,42.11245660840105
14:02:20,2025-06-07,-0.986505,54.224434,46.48906800554799,124.13548469143797,11.9,238.0,41.674622065720214
14:02:21,2025-06-07,-0.986341,54.224369,49.82409815835968,125.44691911227619,11.9,238.0,45.259981874513265
14:02:22,2025-06-07,-0.986168,54.224297,47.074295908590464,123.6546213478315,11.9,238.0,42.16868670964333
14:02:23,2025-06-07,-0.986001,54.224232,47.07434705737065,123.6545797401418,11.9,238.0,42.168729985192854
14:02:24,2025-06-07,-0.985834,54.224167,46.10104348758803,124.46258419162541,11.9,238.0,41.34880406392774
14:02:25,2025-06-07,-0.985672,54.224102,43.22791903990882,123.85336767303062,11.9,238.0,38.35994713267978
14:02:26,2025-06-07,-0.985519,54.224042,41.01772290206289,127.34232620606713,11.9,238.0,36.81959680929723
14:02:27,2025-06-07,-0.98538,54.22398,40.228517719202905,129.67027279371723,11.9,238.0,36.486146084197586
14:02:28,2025-06-07,-0.985248,54.223916,38.88011882222014,126.03983792708243,11.9,238.0,34.42997305466861
14:02:29,2025-06-07,-0.985114,54.223859,39.07041314798572,125.83737017890519,11.9,238.0,34.581294948869605
14:02:30,2025-06-07,-0.984979,54.223802,37.00574370412321,128.17730528695262,11.9,238.0,32.970327871731044
14:02:31,2025-06-07,-0.984855,54.223745,38.928355064974134,126.72050973800975,11.9,238.0,34.60963447393314
14:02:32,2025-06-07,-0.984722,54.223687,36.419023838879454,125.73489301261117,11.9,238.0,31.910201442271745
14:02:33,2025-06-07,-0.984596,54.223634,34.91026204060744,127.5341837070813,11.9,238.0,30.749445089912058
14:02:34,2025-06-07,-0.984478,54.223581,35.340857354803376,127.81833419577731,11.9,238.0,31.23538269003483
14:02:35,2025-06-07,-0.984359,54.223527,33.00814312497508,126.56504127987574,11.9,238.0,28.65935006185698
14:02:36,2025-06-07,-0.984246,54.223478,32.88850259166021,124.14900954789431,11.9,238.0,28.076625660706604
14:02:37,2025-06-07,-0.98413,54.223432,31.619178399895734,122.21835483381602,11.9,238.0,26.443360771244883
14:02:38,2025-06-07,-0.984016,54.22339,30.310430307021218,125.6320766153774,11.9,238.0,25.78185298127949
14:02:39,2025-06-07,-0.983911,54.223346,31.661851344783347,123.90021075963602,11.9,238.0,26.80275882427023
14:02:40,2025-06-07,-0.983799,54.223302,30.73514269560836,125.98527372606759,11.9,238.0,26.2744885324812
14:02:41,2025-06-07,-0.983693,54.223257,28.50896967542606,126.24383636776105,11.9,238.0,24.098147178516854
14:02:42,2025-06-07,-0.983595,54.223215,26.429641178771586,125.24135788336764,11.9,238.0,21.826125513136212
14:02:43,2025-06-07,-0.983503,54.223177,27.2027257595789,124.10057897464503,11.9,238.0,22.381650815876263
14:02:44,2025-06-07,-0.983407,54.223139,26.238100574250925,125.53694733697938,11.9,238.0,21.69125829314992
14:02:45,2025-06-07,-0.983316,54.223101,26.42968964636932,125.24128332870617,11.9,238.0,21.826159701756296
14:02:46,2025-06-07,-0.983224,54.223063,25.167952630820217,123.92712579535544,11.9,238.0,20.31396348560214
14:02:47,2025-06-07,-0.983135,54.223028,25.667735914200563,126.45011309033225,11.9,238.0,21.29673270867978
14:02:48,2025-06-07,-0.983047,54.22299,23.50097173031859,120.8235572235618,11.9,238.0,18.06585850389206
14:02:49,2025-06-07,-0.982961,54.22296,23.309762105814418,122.26200514957253,11.9,238.0,18.142109456898332
14:02:50,2025-06-07,-0.982877,54.222929,22.09921261960792,118.18286904307979,11.9,238.0,16.182135238228188
14:02:51,2025-06-07,-0.982794,54.222903,22.130390428788747,124.20796458636329,11.9,238.0,17.329714973261204
14:02:52,2025-06-07,-0.982716,54.222872,22.104663942462178,123.00555321070118,11.9,238.0,17.07655195917084
14:02:53,2025-06-07,-0.982637,54.222842,21.677767972951298,119.9971103567413,11.9,238.0,16.090526471231854
14:02:54,2025-06-07,-0.982557,54.222815,22.71685369849732,123.2096894200759,11.9,238.0,17.72720083298399
14:02:55,2025-06-07,-0.982476,54.222784,22.71686559118465,123.20966970416117,11.9,238.0,17.72720900814066
14:02:56,2025-06-07,-0.982395,54.222753,22.302125018881632,122.6770956030611,11.9,238.0,17.212266030934813
14:02:57,2025-06-07,-0.982315,54.222723,22.82692336261255,126.7077188814468,11.9,238.0,18.505727415613674
14:02:58,2025-06-07,-0.982237,54.222689,22.716902036979427,123.20960928746706,11.9,238.0,17.72723406208054
14:02:59,2025-06-07,-0.982156,54.222658,23.972109118795924,124.69598883404649,11.9,238.0,19.264352495983953
14:03:00,2025-06-07,-0.982072,54.222624,24.202108398760863,125.47714142818131,11.9,238.0,19.64378971274736
14:03:01,2025-06-07,-0.981988,54.222589,25.66791170884816,126.44982196110072,11.9,238.0,21.29685226421374
14:03:02,2025-06-07,-0.9819,54.222551,25.144118040316993,122.8694215258264,11.9,238.0,20.090394387511733
14:03:03,2025-06-07,-0.98181,54.222517,25.667940548322044,126.44977421532997,11.9,238.0,21.296871880372343
14:03:04,2025-06-07,-0.981722,54.222479,25.479305460326664,126.76320314218071,11.9,238.0,21.168848685948827
14:03:05,2025-06-07,-0.981635,54.222441,24.165765531598176,124.37917675994674,11.9,238.0,19.397649213074597
14:03:06,2025-06-07,-0.98155,54.222407,25.907709235722255,127.16359491507569,11.9,238.0,21.674868903417316
14:03:07,2025-06-07,-0.981462,54.222368,24.165794519609342,124.3791295509647,11.9,238.0,19.39766921754977
14:03:08,2025-06-07,-0.981377,54.222334,24.364309955565435,128.74467332933875,11.9,238.0,20.439946830745203
14:03:09,2025-06-07,-0.981296,54.222296,24.20223535386507,125.47692630719479,11.9,238.0,19.64387539634634
14:03:10,2025-06-07,-0.981212,54.222261,24.165837003027423,124.37906034943984,11.9,238.0,19.397698532412075
14:03:11,2025-06-07,-0.981127,54.222227,24.55515488423163,123.76070070059689,11.9,238.0,19.669626990107936
14:03:12,2025-06-07,-0.98104,54.222193,24.973681961685937,124.22702662397876,11.9,238.0,20.176629387127328
14:03:13,2025-06-07,-0.980952,54.222158,24.138350066546273,123.27815282060607,11.9,238.0,19.161609864950893
14:03:14,2025-06-07,-0.980866,54.222125,25.363659786267256,123.63067607156069,11.9,238.0,20.453519961245732
14:03:15,2025-06-07,-0.980776,54.22209,25.47945883024155,126.76294432472451,11.9,238.0,21.168951951448648
14:03:16,2025-06-07,-0.980689,54.222052,23.587445101976627,125.34445488610515,11.9,238.0,19.00368239343196
14:03:17,2025-06-07,-0.980607,54.222018,22.52092599681123,123.53614777708253,11.9,238.0,17.59290909158631
14:03:18,2025-06-07,-0.980527,54.221987,22.69939564919341,122.03701861385417,11.9,238.0,17.48969051431825
14:03:19,2025-06-07,-0.980445,54.221957,22.909787030392717,118.2356149721461,11.9,238.0,17.002216916847075
14:03:20,2025-06-07,-0.980359,54.22193,22.697533696446406,128.22744459709924,11.9,238.0,18.671916006342066
14:03:21,2025-06-07,-0.980283,54.221895,19.986835800919394,127.03824926889848,11.9,238.0,15.729674654533735
14:03:22,2025-06-07,-0.980215,54.221865,20.790900367708606,126.75261979948334,11.9,238.0,16.478394838067487
14:03:23,2025-06-07,-0.980144,54.221834,22.452173925023427,127.42288676400369,11.9,238.0,18.269708152972967
14:03:24,2025-06-07,-0.980068,54.2218,22.496984135082432,118.80109008401439,11.9,238.0,16.691651825525238
14:03:25,2025-06-07,-0.979984,54.221773,24.166030763040904,124.37874476596835,11.9,238.0,19.39783223923377
14:03:26,2025-06-07,-0.979899,54.221739,23.30003287540581,121.11847697938231,11.9,238.0,17.919482442000763
14:03:27,2025-06-07,-0.979814,54.221709,25.738462337601504,118.91289551307028,11.9,238.0,19.953411701389655
14:03:28,2025-06-07,-0.979718,54.221678,24.928108272059426,118.88764007498315,11.9,238.0,19.138474332564186
14:03:29,2025-06-07,-0.979625,54.221648,23.486990134385042,113.1517699116107,11.9,238.0,16.68727554518742
14:03:30,2025-06-07,-0.979533,54.221625,25.44436727439044,111.28095293087955,11.9,238.0,18.329456621683708
14:03:31,2025-06-07,-0.979432,54.221602,26.36603764312751,105.91121110944158,11.9,238.0,18.389688707768954
14:03:32,2025-06-07,-0.979324,54.221584,26.273681686832614,100.56929634554677,11.9,238.0,17.509811190043507
14:03:33,2025-06-07,-0.979214,54.221572,26.203312609475713,99.70600584622292,11.9,238.0,17.319148083672832
14:03:34,2025-06-07,-0.979104,54.221561,26.215235211831974,96.15631547208551,11.9,238.0,16.857930068590832
14:03:35,2025-06-07,-0.978993,54.221554,25.645245741044008,93.59156360239086,11.9,238.0,15.968326799027256
14:03:36,2025-06-07,-0.978884,54.22155,26.494217372633535,96.965413767563,11.9,238.0,17.24166148206295
14:03:37,2025-06-07,-0.978772,54.221542,26.11398658929587,93.5270129695731,11.9,238.0,16.429270994565517
14:03:38,2025-06-07,-0.978661,54.221538,25.623331638927336,92.69520463970144,10.4,239.0,16.97052584795346
14:03:39,2025-06-07,-0.978552,54.221535,24.421029444716776,89.99995781351015,10.4,239.0,15.50648557353957
14:03:40,2025-06-07,-0.978448,54.221535,25.176557554740455,93.65851493789563,10.4,239.0,16.621975021044797
14:03:41,2025-06-07,-0.978341,54.221531,26.534390326668994,89.99995416453868,10.4,239.0,17.619846114361756
14:03:42,2025-06-07,-0.978228,54.221531,26.11399350381491,93.5270120295288,10.4,239.0,17.54585922288092
14:03:43,2025-06-07,-0.978117,54.221527,25.82993998266953,89.9999553796954,10.4,239.0,16.915395883963185
14:03:44,2025-06-07,-0.978007,54.221527,25.176562401998876,93.65851422808208,10.4,239.0,16.621979795033234
14:03:45,2025-06-07,-0.9779,54.221523,25.36030716137808,89.99995618978721,10.4,239.0,16.44576313840449
14:03:46,2025-06-07,-0.977792,54.221523,26.534395455893815,89.99995416454755,10.4,239.0,17.619851243587405
14:03:47,2025-06-07,-0.977679,54.221523,26.299577796985453,89.99995456793118,10.4,239.0,17.385033622390015
14:03:48,2025-06-07,-0.977567,54.221523,27.708483750383447,89.99995213396,10.4,239.0,18.793939348244272
14:03:49,2025-06-07,-0.977449,54.221523,25.87962761743277,93.5589938625065,10.4,239.0,17.31478500406254
14:03:50,2025-06-07,-0.977339,54.221519,25.645267344206356,93.59156057734464,10.4,239.0,17.0837793384484
14:03:51,2025-06-07,-0.97723,54.221515,24.68514860741914,92.79772069774697,10.4,239.0,16.042679979944225
14:03:52,2025-06-07,-0.977125,54.221512,23.71997509753028,90.97015948064524,10.4,239.0,14.897405797095804
14:03:53,2025-06-07,-0.977024,54.221511,23.41557121973231,96.89573535843829,10.4,239.0,15.208621246199618
14:03:54,2025-06-07,-0.976925,54.221504,23.770697059922803,93.87521082540349,10.4,239.0,15.238543928390161
14:03:55,2025-06-07,-0.976824,54.2215,24.239286756037163,93.80018469205322,10.4,239.0,15.69935411382853
14:03:56,2025-06-07,-0.976721,54.221496,24.863398536253435,97.424748924781,10.4,239.0,16.715777711529753
14:03:57,2025-06-07,-0.976616,54.221488,24.815665569929386,100.25438463123243,10.4,239.0,16.997056350585108
14:03:58,2025-06-07,-0.976512,54.221477,23.001820963837215,98.02941477019999,10.4,239.0,14.922864096897351
14:03:59,2025-06-07,-0.976415,54.221469,23.199925441701822,100.97700020766376,10.4,239.0,15.468426399830944
14:04:00,2025-06-07,-0.976318,54.221458,22.820087212182642,102.19145346801326,10.4,239.0,15.237751621594057
14:04:01,2025-06-07,-0.976223,54.221446,24.466447616700567,104.25286918685168,10.4,239.0,17.145064354858725
14:04:02,2025-06-07,-0.976122,54.221431,23.89194408903415,100.65533100559111,10.4,239.0,16.12151562689705
14:04:03,2025-06-07,-0.976022,54.22142,24.114925291758073,105.45236559722571,10.4,239.0,16.949768358572573
14:04:04,2025-06-07,-0.975923,54.221404,25.378007963875135,103.73081930236037,10.4,239.0,17.989629394902295
14:04:05,2025-06-07,-0.975818,54.221389,23.891967508009724,100.65532041234951,10.4,239.0,16.121537767871374
14:04:06,2025-06-07,-0.975718,54.221378,24.694174894842977,104.11872633043453,10.4,239.0,17.355518666715934
14:04:07,2025-06-07,-0.975616,54.221363,23.739147624168975,101.71272281935296,10.4,239.0,16.097602146604252
14:04:08,2025-06-07,-0.975517,54.221351,23.55714137166679,104.81521434220781,10.4,239.0,16.308604392105575
14:04:09,2025-06-07,-0.97542,54.221336,25.702548797281445,108.20726810964857,10.4,239.0,18.907973247853658
14:04:10,2025-06-07,-0.975316,54.221316,24.922031861212968,103.98703651806647,10.4,239.0,17.56645766283797
14:04:11,2025-06-07,-0.975213,54.221301,24.922040365362957,103.98703163066318,10.4,239.0,17.566465539831956
14:04:12,2025-06-07,-0.97511,54.221286,24.23898243336114,104.38945454757805,10.4,239.0,16.935227881387913
14:04:13,2025-06-07,-0.97501,54.221271,24.34145386461207,105.30506898071337,10.4,239.0,17.15694201395782
14:04:14,2025-06-07,-0.97491,54.221255,25.37809417109727,103.73077162646871,10.4,239.0,17.98970951174457
14:04:15,2025-06-07,-0.974805,54.22124,25.50937255299116,99.97266974661511,10.4,239.0,17.657139214278544
14:04:16,2025-06-07,-0.974698,54.221229,27.94332850573878,106.70292162686098,10.4,239.0,20.944390613195587
14:04:17,2025-06-07,-0.974584,54.221209,27.95092111610415,104.98744672661746,10.4,239.0,20.72483515057917
14:04:18,2025-06-07,-0.974469,54.221191,26.520280891133645,103.12872567262946,10.4,239.0,19.05539690481077
14:04:19,2025-06-07,-0.974359,54.221176,26.043113894267478,100.66394601677541,10.4,239.0,18.273724861521263
14:04:20,2025-06-07,-0.97425,54.221164,26.749059373239987,103.01448374989548,10.4,239.0,19.269751950369322
14:04:21,2025-06-07,-0.974139,54.221149,26.158424438994434,104.21900461226761,10.4,239.0,18.83267679919655
14:04:22,2025-06-07,-0.974031,54.221133,25.23904498666436,106.64161750952286,10.4,239.0,18.23188042297423
14:04:23,2025-06-07,-0.973928,54.221115,25.476057060682926,104.60809993085104,10.4,239.0,18.200608847518204
14:04:24,2025-06-07,-0.973823,54.221099,26.06313514231242,103.36317649580764,10.4,239.0,18.627944265956273
14:04:25,2025-06-07,-0.973715,54.221084,25.021829186237632,104.87927265241717,10.4,239.0,17.78163476244211
14:04:26,2025-06-07,-0.973612,54.221068,25.15012479332619,103.85767254166478,10.4,239.0,17.777969254647807
14:04:27,2025-06-07,-0.973508,54.221053,25.834728803972396,103.4835119782012,10.4,239.0,18.414826751134846
14:04:28,2025-06-07,-0.973401,54.221038,25.378219721656457,103.73070219448488,10.4,239.0,17.989826192690522
14:04:29,2025-06-07,-0.973296,54.221023,24.46221482050859,108.17277915154023,10.4,239.0,17.66290101494733
14:04:30,2025-06-07,-0.973197,54.221004,23.571407142917675,108.88469647124879,10.4,239.0,16.87039682726496
14:04:31,2025-06-07,-0.973102,54.220985,26.149383482379772,107.88566669461488,10.4,239.0,19.310720594894498
14:04:32,2025-06-07,-0.972996,54.220965,25.83478074193417,103.48348428857145,10.4,239.0,18.414875167315714
14:04:33,2025-06-07,-0.972889,54.22095,25.74086675839545,99.88209004347766,10.4,239.0,17.877862558243926
14:04:34,2025-06-07,-0.972781,54.220939,26.9290012527346,106.45874579570335,10.4,239.0,19.897344016242965
14:04:35,2025-06-07,-0.972671,54.22092,26.158560428518204,104.21892894668918,10.4,239.0,18.832803040002986
14:04:36,2025-06-07,-0.972563,54.220904,28.962352337250707,105.27428112151404,10.4,239.0,21.773800927618193
14:04:37,2025-06-07,-0.972444,54.220885,28.311750087755353,109.03841136748343,10.4,239.0,21.632101471801864
14:04:38,2025-06-07,-0.97233,54.220862,28.311764138186984,109.03840151894354,10.4,239.0,21.632114152044007
14:04:39,2025-06-07,-0.972216,54.220839,26.59242896902032,105.77225367551779,10.4,239.0,19.469468558906893
14:04:40,2025-06-07,-0.972107,54.220821,26.820910810609345,107.42350595829453,10.4,239.0,19.91926938485623
14:04:41,2025-06-07,-0.971998,54.220801,25.80501263062179,107.19717180793288,10.4,239.0,18.872692253045543
14:04:42,2025-06-07,-0.971893,54.220782,26.25412652986674,106.89418892823704,10.4,239.0,19.280907098162974
14:04:43,2025-06-07,-0.971786,54.220763,25.834899963839437,103.4834207433654,10.4,239.0,18.414986307057582
14:04:44,2025-06-07,-0.971679,54.220748,24.466835183237055,104.25263806945014,10.4,239.0,17.145422126918128
14:04:45,2025-06-07,-0.971578,54.220733,24.795117554932972,105.0184657433428,10.4,239.0,17.57308195715852
14:04:46,2025-06-07,-0.971476,54.220717,25.35670082182978,107.5108329591954,10.4,239.0,18.466925142430924
14:04:47,2025-06-07,-0.971373,54.220698,25.239288451511985,106.64145188446241,10.4,239.0,18.232101672722482
14:04:48,2025-06-07,-0.97127,54.22068,24.89043353331216,101.16391466959226,10.4,239.0,17.181667489416945
14:04:49,2025-06-07,-0.971166,54.220668,24.816141636358257,100.25418531741366,10.4,239.0,16.99750856097124
14:04:50,2025-06-07,-0.971062,54.220657,26.15871660193875,104.21884205710279,10.4,239.0,18.832948018626084
14:04:51,2025-06-07,-0.970954,54.220641,25.378449415585276,103.7305751709062,10.4,239.0,17.990039659975615
14:04:52,2025-06-07,-0.970849,54.220626,26.203894505710668,99.70578771377473,10.4,239.0,18.31998251307629
14:04:53,2025-06-07,-0.970739,54.220615,26.158741544658547,104.21882818088915,10.4,239.0,18.832971173545157
14:04:54,2025-06-07,-0.970631,54.220599,26.74940598136815,103.01431172479181,10.4,239.0,19.270076862141874
14:04:55,2025-06-07,-0.97052,54.220584,26.749415186130364,103.01430716602772,10.4,239.0,19.270085491939117
14:04:56,2025-06-07,-0.970409,54.220569,26.61433927500931,103.97050107259486,10.4,239.0,19.25664353959869
14:04:57,2025-06-07,-0.970299,54.220553,26.929232195017075,106.45860025485126,10.4,239.0,19.897555494204674
14:04:58,2025-06-07,-0.970189,54.220534,26.520680122650273,103.12852401155499,10.4,239.0,19.05577064975735
14:04:59,2025-06-07,-0.970079,54.220519,26.97832497162855,102.90199261874773,10.4,239.0,19.484844210278236
14:05:00,2025-06-07,-0.969967,54.220504,26.292039251944097,103.24473371071826,10.4,239.0,18.841832049354295
14:05:01,2025-06-07,-0.969858,54.220489,27.070440152306432,103.73052355204783,10.4,239.0,19.68202380264931
14:05:02,2025-06-07,-0.969746,54.220473,26.929280060460574,106.45857009298163,10.4,239.0,19.897599325870225
14:05:03,2025-06-07,-0.969636,54.220454,26.978365221798583,102.9019729886192,10.4,239.0,19.48488198966615
14:05:04,2025-06-07,-0.969524,54.220439,26.978374511669745,102.90196845331184,10.4,239.0,19.48489070869266
14:05:05,2025-06-07,-0.969412,54.220424,26.704148418114457,106.6012724861692,10.4,239.0,19.691574153224913
14:05:06,2025-06-07,-0.969303,54.220405,26.842406681612474,103.8494533033674,10.4,239.0,19.469198903762685
14:05:07,2025-06-07,-0.969192,54.220389,26.06355831874439,103.36295495454317,10.4,239.0,18.628339325426545
14:05:08,2025-06-07,-0.969084,54.220374,26.06356726117467,103.36295027984335,10.4,239.0,18.628347674567394
14:05:09,2025-06-07,-0.968976,54.220359,26.254372139914928,106.89402572288145,10.4,239.0,19.28113072989002
14:05:10,2025-06-07,-0.968869,54.22034,25.150541746699687,103.85743763155773,10.4,239.0,17.778356132372195
14:05:11,2025-06-07,-0.968765,54.220325,25.249314630902436,104.74220253890849,10.4,239.0,17.991280097626856
14:05:12,2025-06-07,-0.968661,54.220309,25.805292509139996,107.19697897977426,10.4,239.0,18.872946040306587
14:05:13,2025-06-07,-0.968556,54.22029,24.92261351849271,103.98670261359132,10.4,239.0,17.566996473317054
14:05:14,2025-06-07,-0.968453,54.220275,24.239537888150327,104.38911686747161,10.4,239.0,16.935739701480397
14:05:15,2025-06-07,-0.968353,54.22026,24.69480218839978,104.1183593377985,10.4,239.0,17.356098759431212
14:05:16,2025-06-07,-0.968251,54.220245,24.342015159311742,105.30470650815653,10.4,239.0,17.157455737929098
14:05:17,2025-06-07,-0.968151,54.220229,23.330762232069326,104.96226374273226,10.4,239.0,16.10138950765912
14:05:18,2025-06-07,-0.968055,54.220214,23.200603396222814,100.97667467788466,10.4,239.0,15.469064834322719
14:05:19,2025-06-07,-0.967958,54.220203,23.784880457100247,104.67020040541388,10.4,239.0,16.517491252826904
14:05:20,2025-06-07,-0.96786,54.220188,24.795422085004287,105.01827647880577,10.4,239.0,17.573361767229443
14:05:21,2025-06-07,-0.967758,54.220172,23.55776847456856,104.81480993801608,10.4,239.0,16.309178856691123
14:05:22,2025-06-07,-0.967661,54.220157,22.906251671380723,109.45452805460212,10.4,239.0,16.28467142508616
14:05:23,2025-06-07,-0.967569,54.220138,19.277413928456948,108.2067862930059,10.4,239.0,12.482772167820094
14:05:24,2025-06-07,-0.967491,54.220123,18.3020108738354,110.54963584046305,10.4,239.0,11.834912077134796
14:05:25,2025-06-07,-0.967418,54.220107,16.842384147466788,110.95260737425747,10.4,239.0,10.432728182736636
14:05:26,2025-06-07,-0.967351,54.220092,16.113120884529764,105.9106770294427,10.4,239.0,9.008488840144306
14:05:27,2025-06-07,-0.967285,54.220081,15.887386013173543,106.14279245287082,10.4,239.0,8.813580932752636
14:05:28,2025-06-07,-0.96722,54.22007,16.9780291668286,100.90806604565552,10.4,239.0,9.238166937818391
14:05:29,2025-06-07,-0.967149,54.220062,17.901319282977113,100.33918558318516,10.4,239.0,10.092868542659652
14:05:30,2025-06-07,-0.967074,54.220054,20.07239616692702,108.6674009733851,10.4,239.0,13.341270697424441
14:05:31,2025-06-07,-0.966993,54.220038,21.223462342589084,109.90998345864716,10.4,239.0,14.665840349548597
14:05:32,2025-06-07,-0.966908,54.22002,22.38345091553786,111.02418527193288,10.4,239.0,15.98403148707613
14:05:33,2025-06-07,-0.966819,54.22,22.109181388145284,109.08118704336573,10.4,239.0,15.435485848913931
14:05:34,2025-06-07,-0.96673,54.219982,22.820864689916544,102.19103071993464,10.4,239.0,15.238476579295522
14:05:35,2025-06-07,-0.966635,54.21997,22.739811245198986,101.20191352140114,10.4,239.0,15.035676757757393
14:05:36,2025-06-07,-0.96654,54.219959,23.211557148928534,106.06949198447069,10.4,239.0,16.128004557174577
14:05:37,2025-06-07,-0.966445,54.219943,22.27926585166114,101.43652534973614,10.4,239.0,14.603802407340538
14:05:38,2025-06-07,-0.966352,54.219932,22.42462430179402,105.58169919601374,10.4,239.0,15.27650097713748
14:05:39,2025-06-07,-0.96626,54.219917,21.67453740457492,102.84638515305915,10.4,239.0,14.174061036637074
14:05:40,2025-06-07,-0.96617,54.219905,21.1296367937979,102.06776274801967,10.4,239.0,13.531952128721715
14:05:41,2025-06-07,-0.966082,54.219894,21.41234988565576,107.46076979832776,10.4,239.0,14.515769805867318
14:05:42,2025-06-07,-0.965995,54.219878,20.44119642942267,102.48054917542953,10.4,239.0,12.894873099825336
14:05:43,2025-06-07,-0.96591,54.219867,20.21196249132572,102.6243889263256,10.4,239.0,12.683628717204392
14:05:44,2025-06-07,-0.965826,54.219856,20.075053100490322,103.88939018962697,10.4,239.0,12.706959524626617
14:05:45,2025-06-07,-0.965743,54.219844,19.277537461684435,108.20666522540756,10.4,239.0,12.482879064022285
14:05:46,2025-06-07,-0.965665,54.219829,19.753895311570947,102.9220719516934,10.4,239.0,12.262942332833688
14:05:47,2025-06-07,-0.965583,54.219818,19.619410223189462,104.21857647794837,10.4,239.0,12.293607422936791
14:05:48,2025-06-07,-0.965502,54.219806,19.067833572861108,103.39539746777848,10.4,239.0,11.636733212304314
14:05:49,2025-06-07,-0.965423,54.219795,19.164435664105905,104.56340567802783,10.4,239.0,11.883192600601841
14:05:50,2025-06-07,-0.965344,54.219783,19.9481357987445,107.57454312790412,10.4,239.0,13.067026976479113
14:05:51,2025-06-07,-0.965263,54.219768,21.188472102595938,107.65121297478464,10.4,239.0,14.317804395439484
14:05:52,2025-06-07,-0.965177,54.219752,22.424714771292297,105.58163456733035,10.4,239.0,15.276582925748546
14:05:53,2025-06-07,-0.965085,54.219737,22.279372370789176,101.43646980248923,10.4,239.0,14.603902122994775
14:05:54,2025-06-07,-0.964992,54.219726,21.216936154907216,103.12828539506415,10.4,239.0,13.751996525020253
14:05:55,2025-06-07,-0.964904,54.219714,21.295883500005296,106.43003620089303,10.4,239.0,14.260387582439158
14:05:56,2025-06-07,-0.964817,54.219699,20.670646240860055,102.33984499551593,10.4,239.0,13.10677152712531
14:05:57,2025-06-07,-0.964731,54.219688,21.29589580529439,106.43002640376147,10.4,239.0,14.260398578082146
14:05:58,2025-06-07,-0.964644,54.219673,20.98831161213456,103.2738564793878,10.4,239.0,13.541793681777655
14:05:59,2025-06-07,-0.964557,54.219661,20.900151442576277,102.20226960629412,10.4,239.0,13.319159733383197
14:06:00,2025-06-07,-0.96447,54.21965,22.362146029883164,102.4450212113577,10.4,239.0,14.811386656978886
14:06:01,2025-06-07,-0.964377,54.219638,22.04928583260447,101.55742559729686,10.4,239.0,14.388647437450686
14:06:02,2025-06-07,-0.964285,54.219627,23.21172904037407,106.06936946000621,10.4,239.0,16.128160164993023
14:06:03,2025-06-07,-0.96419,54.219611,22.651108889415983,105.4220552776311,10.4,239.0,15.481965277111343
14:06:04,2025-06-07,-0.964097,54.219596,23.20093723712112,100.97651438911015,10.4,239.0,15.469379215903913
14:06:05,2025-06-07,-0.964,54.219585,23.51021230881981,101.82839516349622,10.4,239.0,15.882924581429052
14:06:06,2025-06-07,-0.963902,54.219573,22.970441184212554,101.08802844355569,10.4,239.0,15.252435764114486
14:06:07,2025-06-07,-0.963806,54.219562,22.8210859224455,102.19091043470223,10.4,239.0,15.238682868285437
14:06:08,2025-06-07,-0.963711,54.21955,22.9704534749985,101.08802243317723,10.4,239.0,15.252447323654767
14:06:09,2025-06-07,-0.963615,54.219539,24.017118514240938,108.52152300678523,10.4,239.0,17.265829990608612
14:06:10,2025-06-07,-0.963518,54.21952,23.104312019830452,105.11234528655854,10.4,239.0,15.894547816742513
14:06:11,2025-06-07,-0.963423,54.219505,22.36222072796517,102.4449788823029,10.4,239.0,14.811456071560478
14:06:12,2025-06-07,-0.96333,54.219493,23.104326060328887,105.11233584494909,10.4,239.0,15.8945606221142
14:06:13,2025-06-07,-0.963235,54.219478,23.331157293034337,104.96200381538165,10.4,239.0,16.101750651468773
14:06:14,2025-06-07,-0.963139,54.219463,23.6635569355292,105.75459071578086,10.4,239.0,16.538260796185032
14:06:15,2025-06-07,-0.963042,54.219447,23.201017723064624,100.97647574742189,10.4,239.0,15.469455010692862
14:06:16,2025-06-07,-0.962945,54.219436,23.280477601293228,101.94680949208475,10.4,239.0,15.667817801526105
14:06:17,2025-06-07,-0.962848,54.219424,22.877699764889933,105.26561724113856,10.4,239.0,15.688011974349006
14:06:18,2025-06-07,-0.962754,54.219409,23.431633473565665,100.86714047464477,10.4,239.0,15.686811397526798
14:06:19,2025-06-07,-0.962656,54.219398,23.785313330929785,104.66992674795807,10.4,239.0,16.51788859437873
14:06:20,2025-06-07,-0.962558,54.219383,23.970245958742442,101.5982428965238,10.4,239.0,16.314620373945125
14:06:21,2025-06-07,-0.962458,54.219371,24.354845208151353,100.45053942372743,10.4,239.0,16.559759745298997
14:06:22,2025-06-07,-0.962356,54.21936,24.166220639657542,97.64019220154063,10.4,239.0,16.042961212681853
14:06:23,2025-06-07,-0.962254,54.219352,21.504356131109034,96.43395623206874,10.4,239.0,13.246189113364759
14:06:24,2025-06-07,-0.962163,54.219346,26.84549338103589,94.28992199091277,10.4,239.0,18.356605499296137
14:06:25,2025-06-07,-0.962049,54.219341,22.950571711445928,97.03613988471739,10.4,239.0,14.75930018399805
14:06:26,2025-06-07,-0.961952,54.219334,24.63182399954427,97.494945639094,10.4,239.0,16.492128081060898
14:06:27,2025-06-07,-0.961848,54.219326,23.468161584436846,97.86885075787143,10.4,239.0,15.370883513398246
14:06:28,2025-06-07,-0.961749,54.219318,23.662362191743398,100.75992272845173,10.4,239.0,15.90456493793208
14:06:29,2025-06-07,-0.96165,54.219307,23.468172153750018,97.86884718262945,10.4,239.0,15.370893675464833
14:06:30,2025-06-07,-0.961551,54.219299,23.416804651688828,96.8953695194034,10.4,239.0,15.209813890617964
14:06:31,2025-06-07,-0.961452,54.219292,23.01685974173831,90.99980103437525,10.4,239.0,14.197140403680297
14:06:32,2025-06-07,-0.961354,54.219291,22.71754728084943,97.10867926105925,10.4,239.0,14.53439523052302
14:06:33,2025-06-07,-0.961258,54.219284,22.770500623687305,98.1115226170059,10.4,239.0,14.70093722389022
14:06:34,2025-06-07,-0.961162,54.219276,22.834874682230275,94.03428234877396,10.4,239.0,14.319264160302891
14:06:35,2025-06-07,-0.961065,54.219272,23.183697140581838,96.96503903660857,10.4,239.0,14.984479894949201
14:06:36,2025-06-07,-0.960967,54.219265,22.600635476714718,94.07616491975278,10.4,239.0,14.089391445337505
14:06:37,2025-06-07,-0.960871,54.219261,23.235590533456012,97.94811253934711,10.4,239.0,15.14734871288188
14:06:38,2025-06-07,-0.960773,54.219253,22.10678097561222,93.12433733783769,10.4,239.0,13.497430936294707
14:06:39,2025-06-07,-0.960679,54.21925,23.00303448948862,98.02898738589829,10.4,239.0,14.9240287714578
14:06:40,2025-06-07,-0.960582,54.219242,21.195447720572922,94.34690263917128,10.4,239.0,12.712539216256271
14:06:41,2025-06-07,-0.960492,54.219238,23.700861739052577,97.79111627148507,10.4,239.0,15.594736587981238
14:06:42,2025-06-07,-0.960392,54.21923,24.11641038416949,96.69441926561365,10.4,239.0,15.887066213985303
14:06:43,2025-06-07,-0.96029,54.219223,23.537710202356827,93.91362836182492,10.4,239.0,15.00954627569165
14:06:44,2025-06-07,-0.96019,54.219219,23.235613662412295,97.94810455862074,10.4,239.0,15.147370931214864
14:06:45,2025-06-07,-0.960092,54.219211,24.943615579671807,93.69272770839558,10.4,239.0,16.392566158908984
14:06:46,2025-06-07,-0.959986,54.219207,25.04960987397129,96.44395894340107,10.4,239.0,16.792546609260835
14:06:47,2025-06-07,-0.95988,54.2192,26.262609227736473,97.02714539835938,10.4,239.0,18.070331844155838
14:06:48,2025-06-07,-0.959769,54.219192,26.45021338548106,96.1014166499454,10.4,239.0,18.15549563842777
14:06:49,2025-06-07,-0.959657,54.219185,26.3498603423052,93.49540038480836,10.4,239.0,17.77847511814253
14:06:50,2025-06-07,-0.959545,54.219181,26.26262110256445,97.02714219461359,10.4,239.0,18.07034336074392
14:06:51,2025-06-07,-0.959434,54.219173,26.20478825051244,99.70545268797929,10.4,239.0,18.320836597978168
14:06:52,2025-06-07,-0.959324,54.219162,26.49572357032547,96.96501489918688,10.4,239.0,18.29650362941184
14:06:53,2025-06-07,-0.959212,54.219154,25.749825029971177,96.26802332637163,10.4,239.0,17.473384826649898
14:06:54,2025-06-07,-0.959103,54.219147,25.909011656531522,94.44528674069778,10.4,239.0,17.43644702889167
14:06:55,2025-06-07,-0.958993,54.219142,25.279360126253962,100.06433657376755,10.4,239.0,17.43804689885056
14:06:56,2025-06-07,-0.958887,54.219131,25.749839167074107,96.26801984884844,10.4,239.0,17.473398581521145
14:06:57,2025-06-07,-0.958778,54.219124,25.178018263868964,93.65830190194532,10.4,239.0,16.623413739753367
14:06:58,2025-06-07,-0.958671,54.21912,25.33061741112592,97.28705802935781,10.4,239.0,17.167487410657536
14:06:59,2025-06-07,-0.958564,54.219112,24.475001570583935,93.76353216295382,10.4,239.0,15.931273726123193
14:07:00,2025-06-07,-0.95846,54.219108,24.349733391485998,96.62998612287674,10.4,239.0,16.11324319311129
14:07:01,2025-06-07,-0.958357,54.219101,24.00637316439096,93.83710918067482,10.4,239.0,15.470267418349081
14:07:02,2025-06-07,-0.958255,54.219097,24.166371480072176,97.64014411913598,10.4,239.0,16.043106603318666
14:07:03,2025-06-07,-0.958153,54.219089,23.23568524345847,97.94807985338059,10.4,239.0,15.147439693324722
14:07:04,2025-06-07,-0.958055,54.219081,23.431812549220318,100.86705619937402,10.4,239.0,15.686980263778647
14:07:05,2025-06-07,-0.957957,54.21907,23.303515819423804,93.95302147240977,10.4,239.0,14.779446380834571
14:07:06,2025-06-07,-0.957858,54.219066,26.216797406100472,96.15594635301682,10.4,239.0,17.92805411295194
14:07:07,2025-06-07,-0.957747,54.219059,30.101156513831675,93.05934298263094,10.4,239.0,21.485193783082934
14:07:08,2025-06-07,-0.957619,54.219055,34.20116214577698,95.39053233980246,10.4,239.0,25.829246968206654
14:07:09,2025-06-07,-0.957474,54.219047,36.431720944587504,96.96497841491629,10.4,239.0,28.232496929697135
14:07:10,2025-06-07,-0.95732,54.219036,42.05680134143047,98.78853484506033,10.4,239.0,34.065320730839844
14:07:11,2025-06-07,-0.957143,54.21902,44.56868250860319,99.85805645709428,10.4,239.0,36.702823764792484
14:07:12,2025-06-07,-0.956956,54.219001,44.55570909288609,97.77056819915367,10.4,239.0,36.44724782717111
14:07:13,2025-06-07,-0.956768,54.218986,44.176084819554745,96.26321565163391,10.4,239.0,35.89911621016503
14:07:14,2025-06-07,-0.956581,54.218974,43.49235668358039,102.26146945190817,10.4,239.0,35.91872520970637
14:07:15,2025-06-07,-0.9564,54.218951,44.84399378928959,98.23841963501934,10.4,239.0,36.78898050799971
14:07:16,2025-06-07,-0.956211,54.218935,41.24271920052887,106.98324483534583,10.4,239.0,34.281501064871144
14:07:17,2025-06-07,-0.956043,54.218905,39.77737104091517,105.81748981903434,10.4,239.0,32.66039569207368
14:07:18,2025-06-07,-0.95588,54.218878,40.56938373552497,107.27378602270898,10.4,239.0,33.64743610990726
14:07:19,2025-06-07,-0.955715,54.218848,40.91363354152873,107.71311808798555,10.4,239.0,34.051405224528004
14:07:20,2025-06-07,-0.955549,54.218817,36.893418859239866,111.71683256582304,10.4,239.0,30.593570218654385
14:07:21,2025-06-07,-0.955403,54.218783,43.08212356411944,115.97420766210416,10.4,239.0,37.413951789581645
14:07:22,2025-06-07,-0.955238,54.218736,39.5721996238521,117.16184504109219,10.4,239.0,34.08597449127191
14:07:23,2025-06-07,-0.955088,54.218691,36.893515748208046,111.71677247267132,10.4,239.0,30.593658428848382
14:07:24,2025-06-07,-0.954942,54.218657,35.096344315849635,113.60224985201944,10.4,239.0,29.072153010169885
14:07:25,2025-06-07,-0.954805,54.218622,36.02229795624718,112.26940403609103,10.4,239.0,29.80254457029325
14:07:26,2025-06-07,-0.954663,54.218588,35.66817259011486,109.73807959228941,10.4,239.0,29.08636174371404
14:07:27,2025-06-07,-0.95452,54.218558,36.08379933246922,104.1723444577662,10.4,239.0,28.752042446395482
14:07:28,2025-06-07,-0.954371,54.218536,37.18128798699144,97.44758033076482,10.4,239.0,29.03624338810472
14:07:29,2025-06-07,-0.954214,54.218524,35.499917964045586,97.14872773918216,10.4,239.0,27.32125424043781
14:07:30,2025-06-07,-0.954064,54.218513,34.66923589383555,95.31754407409818,10.4,239.0,26.28946741691415
14:07:31,2025-06-07,-0.953917,54.218505,33.23030408746526,94.85317657153519,10.4,239.0,24.8008901920092
14:07:32,2025-06-07,-0.953776,54.218498,33.61961173176436,92.73890144523477,10.4,239.0,24.971208704401093
14:07:33,2025-06-07,-0.953633,54.218494,32.29442317792153,94.9941705439739,10.4,239.0,23.88002452717803
14:07:34,2025-06-07,-0.953496,54.218487,32.4468296690415,92.83798097039227,10.4,239.0,23.80842823752831
14:07:35,2025-06-07,-0.953358,54.218483,32.44682966888238,87.16190707674133,10.4,239.0,23.278008384497536
14:07:36,2025-06-07,-0.95322,54.218487,31.743204182075083,92.90094311196395,10.4,239.0,23.111171897663752
14:07:37,2025-06-07,-0.953085,54.218483,31.03962157207529,92.96675932653574,10.4,239.0,22.41425829128326
14:07:38,2025-06-07,-0.952953,54.218479,30.80510532065094,92.98936594511116,10.4,239.0,22.182035342317576
14:07:39,2025-06-07,-0.952822,54.218475,31.256175994748997,92.20920545016611,10.4,239.0,22.55474218160209
14:07:40,2025-06-07,-0.952689,54.218472,30.52854606072959,89.99994726780233,10.4,239.0,21.614001203669833
14:07:41,2025-06-07,-0.952559,54.218472,30.763381030434264,89.99994686142321,10.4,239.0,21.848836135383507
14:07:42,2025-06-07,-0.952428,54.218472,30.058876121346312,89.9999480801302,10.4,239.0,21.14433134022833
14:07:43,2025-06-07,-0.9523,54.218472,28.41503133346569,89.99995091838548,10.4,239.0,19.50048681768657
14:07:44,2025-06-07,-0.952179,54.218472,29.122293558331798,90.79016086618998,10.4,239.0,20.28246856862969
14:07:45,2025-06-07,-0.952055,54.218471,28.460204721102798,93.23592373280894,10.4,239.0,19.862233598850953
14:07:46,2025-06-07,-0.951934,54.218467,28.20583010938386,92.44826965766094,10.4,239.0,19.52823852078039
14:07:47,2025-06-07,-0.951814,54.218464,27.522411153567642,93.34630906483562,10.4,239.0,18.935728558313492
14:07:48,2025-06-07,-0.951697,54.21846,26.771194307206493,89.99995375800034,10.4,239.0,17.856650056893358
14:07:49,2025-06-07,-0.951583,54.21846,26.301524231628296,89.99995456851832,10.4,239.0,17.386980057087747
14:07:50,2025-06-07,-0.951471,54.21846,25.412783663324173,93.62446050884796,10.4,239.0,16.854687397500467
14:07:51,2025-06-07,-0.951363,54.218456,23.303859871901707,93.95296288874624,10.4,239.0,14.779784341181626
14:07:52,2025-06-07,-0.951264,54.218452,21.872723620378636,93.15780442325786,10.4,239.0,13.266782929157394
14:07:53,2025-06-07,-0.951171,54.218449,18.78680801544034,89.99996755125602,10.4,239.0,9.872265054612317
14:07:54,2025-06-07,-0.951091,54.218449,17.377797414293536,89.99996998702034,10.4,239.0,8.463254681176988
14:07:55,2025-06-07,-0.951017,54.218449,14.414334810369759,83.60098611816619,10.4,239.0,4.958353789649573
14:07:56,2025-06-07,-0.950956,54.218453,12.07214651221721,76.53456072685532,10.4,239.0,2.1553784356751216
14:07:57,2025-06-07,-0.950906,54.21846,10.097906624647393,89.99998255372293,10.4,239.0,1.1833650663501682
14:07:58,2025-06-07,-0.950863,54.21846,8.454061360175409,89.99998539479316,10.4,239.0,-0.46047993251952946
14:07:59,2025-06-07,-0.950827,54.21846,7.525397454057178,93.05933771811539,10.4,239.0,-1.0905658118678625
14:08:00,2025-06-07,-0.950795,54.218459,8.71206624755034,120.45176530786222,10.4,239.0,3.7419226072031435
14:08:01,2025-06-07,-0.950763,54.218448,10.3729837878018,137.28662936727574,10.4,239.0,8.261619438687166
14:08:02,2025-06-07,-0.950733,54.218429,12.074587280838314,158.3588609486186,10.4,239.0,13.765809797217477
14:08:03,2025-06-07,-0.950714,54.218401,10.63074330838939,168.5581662759464,10.4,239.0,14.11228526970409
14:08:04,2025-06-07,-0.950705,54.218375,10.630743523445169,168.55815926595437,10.4,239.0,14.112284285761998
14:08:05,2025-06-07,-0.950696,54.218349,12.563352518530538,171.41937562236637,10.4,239.0,16.52973578938132
14:08:06,2025-06-07,-0.950688,54.218318,12.24860592865227,168.97133336200238,10.4,239.0,15.80072537476444
14:08:07,2025-06-07,-0.950678,54.218288,12.99581850405633,170.66148160300907,10.4,239.0,16.83468775297488
14:08:08,2025-06-07,-0.950669,54.218256,12.295790763377319,167.89953720850292,10.4,239.0,15.66445243828526
14:08:09,2025-06-07,-0.950658,54.218226,14.220190471852435,170.51590888341048,10.4,239.0,18.03448983931867
14:08:10,2025-06-07,-0.950648,54.218191,13.912619274545229,168.3398433355028,10.4,239.0,17.35679382096669
14:08:11,2025-06-07,-0.950636,54.218157,14.220190955775884,170.51589332348544,10.4,239.0,18.0344876957065
14:08:12,2025-06-07,-0.950626,54.218122,13.696896205326425,174.10891823017027,10.4,239.0,18.110036070335003
14:08:13,2025-06-07,-0.95062,54.218088,13.391356174572305,170.93965832814615,10.4,239.0,17.277107260547673
14:08:14,2025-06-07,-0.950611,54.218055,14.22019167583914,170.51587032085308,10.4,239.0,18.034484531416595
14:08:15,2025-06-07,-0.950601,54.21802,15.83985100636252,170.63528550484466,10.4,239.0,19.67430068047953
14:08:16,2025-06-07,-0.95059,54.217981,15.407103160456455,171.25253756961126,10.4,239.0,19.345475085666482
14:08:17,2025-06-07,-0.95058,54.217943,13.7871923538772,171.2018775504946,10.4,239.0,17.71705207337013
14:08:18,2025-06-07,-0.950571,54.217909,15.407103600329034,171.2525225519645,10.4,239.0,19.345473002638258
14:08:19,2025-06-07,-0.950561,54.217871,13.626100022090101,166.06859600230894,10.4,239.0,16.6786706644723
14:08:20,2025-06-07,-0.950547,54.217838,16.576528267757453,165.2585977053982,10.4,239.0,19.488248240452638
14:08:21,2025-06-07,-0.950529,54.217798,14.072249119305505,165.5353947166982,10.4,239.0,17.03216821681476
14:08:22,2025-06-07,-0.950514,54.217764,15.44464328554514,170.39332301179923,10.4,239.0,19.238233406614576
14:08:23,2025-06-07,-0.950503,54.217726,15.969883012932623,168.14598715565023,10.4,239.0,19.38083585978127
14:08:24,2025-06-07,-0.950489,54.217687,17.194626248977876,168.20475663344632,10.4,239.0,20.61565473472814
14:08:25,2025-06-07,-0.950474,54.217645,16.631063205047337,171.08449955448293,10.4,239.0,20.541188562412817
14:08:26,2025-06-07,-0.950463,54.217604,17.14805728361029,168.97114416870465,10.4,239.0,20.700144453584997
14:08:27,2025-06-07,-0.950449,54.217562,17.244271029145473,167.44256826234027,10.4,239.0,20.534351830522304
14:08:28,2025-06-07,-0.950433,54.21752,19.16009298471435,169.429632024209,10.4,239.0,22.790283088993938
14:08:29,2025-06-07,-0.950418,54.217473,18.25094614069681,171.13763544786434,10.4,239.0,22.170007092488124
14:08:30,2025-06-07,-0.950406,54.217428,18.811852743581,168.50409063990844,10.4,239.0,22.284143990934723
14:08:31,2025-06-07,-0.95039,54.217382,18.892380599503195,162.6800912385438,10.4,239.0,21.351986259832383
14:08:32,2025-06-07,-0.950366,54.217337,18.360275637273055,159.83952681450285,10.4,239.0,20.31608844114989
14:08:33,2025-06-07,-0.950339,54.217294,18.91126978560036,167.11250206655893,10.4,239.0,22.1444615851565
14:08:34,2025-06-07,-0.950321,54.217248,18.288681377048018,170.4122506271318,10.4,239.0,22.085470202051535
14:08:35,2025-06-07,-0.950308,54.217203,19.302053137962286,167.37780049693743,10.4,239.0,22.580979355366363
14:08:36,2025-06-07,-0.95029,54.217156,20.36430209700394,164.65260760752653,10.4,239.0,23.170264319466927
14:08:37,2025-06-07,-0.950267,54.217107,19.207869563364312,163.70329268061437,10.4,239.0,21.847530288083927
14:08:38,2025-06-07,-0.950244,54.217061,20.691051169311528,165.57210274086424,10.4,239.0,23.657357132533363
14:08:39,2025-06-07,-0.950222,54.217011,20.364306655989306,164.65255625957116,10.4,239.0,23.170259903710157
14:08:40,2025-06-07,-0.950199,54.216962,20.364308194413564,164.65253891007046,10.4,239.0,23.170258409738675
14:08:41,2025-06-07,-0.950176,54.216913,20.5788004581459,166.8358648242006,10.4,239.0,23.764229346370115
14:08:42,2025-06-07,-0.950156,54.216863,19.021776621496,165.7360995538969,10.4,239.0,22.01660164589378
14:08:43,2025-06-07,-0.950136,54.216817,20.303285370264156,165.29022278012997,10.4,239.0,23.220515729629373
14:08:44,2025-06-07,-0.950114,54.216768,20.750946490976204,164.94535473602764,10.4,239.0,23.60803903658707
14:08:45,2025-06-07,-0.950091,54.216718,18.89240566575803,162.6798294134278,10.4,239.0,21.351965149293452
14:08:46,2025-06-07,-0.950067,54.216673,20.878135084690093,163.703128945633,10.4,239.0,23.517767062411274
14:08:47,2025-06-07,-0.950042,54.216623,21.087101315308857,161.869228363292,10.4,239.0,23.403457668020945
14:08:48,2025-06-07,-0.950014,54.216573,18.81765549440163,159.58992162027107,10.4,239.0,20.72895135927847
14:08:49,2025-06-07,-0.949986,54.216529,22.933210741980464,163.98405611251792,10.4,239.0,25.622133276322728
14:08:50,2025-06-07,-0.949959,54.216474,22.684955047414334,162.56671440487867,10.4,239.0,25.124560208063567
14:08:51,2025-06-07,-0.94993,54.21642,22.164140310478967,163.412296150437,10.4,239.0,24.75267688377254
14:08:52,2025-06-07,-0.949903,54.216367,22.615562771135597,163.13313432894415,10.4,239.0,25.154991622009973
14:08:53,2025-06-07,-0.949875,54.216313,23.768335375182517,163.97410329226068,10.4,239.0,26.45551271796496
14:08:54,2025-06-07,-0.949847,54.216256,24.3549100713582,162.64455314195447,10.4,239.0,26.808247585067345
14:08:55,2025-06-07,-0.949816,54.216198,24.119615130407947,161.2976296027374,10.4,239.0,26.334710761299906
14:08:56,2025-06-07,-0.949783,54.216141,22.7729197413144,158.88630947877812,10.4,239.0,24.55853431230481
14:08:57,2025-06-07,-0.949748,54.216088,23.97282703672837,162.3587393096883,10.4,239.0,26.37571909822779
14:08:58,2025-06-07,-0.949717,54.216031,22.303072995245703,162.2580606656627,10.4,239.0,24.688181213375298
14:08:59,2025-06-07,-0.949688,54.215978,22.483500166663433,164.27608456645112,10.4,239.0,25.22359251152148
14:09:00,2025-06-07,-0.949662,54.215924,22.16416036031805,163.4121078703903,10.4,239.0,24.752663833598877
14:09:01,2025-06-07,-0.949635,54.215871,22.098120126705687,163.9944336573301,10.4,239.0,24.788862240138158
14:09:02,2025-06-07,-0.949609,54.215818,22.548419839671407,163.70280789410447,10.4,239.0,25.187995450219507
14:09:03,2025-06-07,-0.949582,54.215764,21.85720424728508,166.35698480185226,10.4,239.0,24.9597770255089
14:09:04,2025-06-07,-0.94956,54.215711,21.91390901281507,165.76153382931625,10.4,239.0,24.913154868295994
14:09:05,2025-06-07,-0.949537,54.215658,21.01509462141054,162.4760796155722,10.4,239.0,23.438704270378267
14:09:06,2025-06-07,-0.94951,54.215608,20.750982149771676,164.94495106888246,10.4,239.0,23.60800424315297
14:09:07,2025-06-07,-0.949487,54.215558,20.493944350786702,163.38827502047388,10.4,239.0,23.078257735298404
14:09:08,2025-06-07,-0.949462,54.215509,20.364353892839663,164.65202439223947,10.4,239.0,23.170214179138313
14:09:09,2025-06-07,-0.949439,54.21546,22.360524941835145,165.43199522027476,10.4,239.0,25.30244693536549
14:09:10,2025-06-07,-0.949415,54.215406,20.750988361074054,164.94488077405117,10.4,239.0,23.607998185848643
14:09:11,2025-06-07,-0.949392,54.215356,20.750989893472674,164.944863375742,10.4,239.0,23.60799668170737
14:09:12,2025-06-07,-0.949369,54.215306,22.03440244749845,164.57999409859963,10.4,239.0,24.827670825281892
14:09:13,2025-06-07,-0.949344,54.215253,20.87818716343507,163.70259833183786,10.4,239.0,23.517725980989347
14:09:14,2025-06-07,-0.949319,54.215203,22.034405983987757,164.5799574711823,10.4,239.0,24.827667957658758
14:09:15,2025-06-07,-0.949294,54.21515,22.420886826341615,164.85225899447528,10.4,239.0,25.26172757747653
14:09:16,2025-06-07,-0.949269,54.215096,22.098149075615176,163.99414868774898,10.4,239.0,24.788841224198396
14:09:17,2025-06-07,-0.949243,54.215043,20.562478850825535,162.76228988786647,10.4,239.0,23.036578934002414
14:09:18,2025-06-07,-0.949217,54.214994,22.420892076864074,164.85220440880494,10.4,239.0,25.261723296732708
14:09:19,2025-06-07,-0.949192,54.21494,20.493967519692045,163.38804014140283,10.4,239.0,23.078239607538848
14:09:20,2025-06-07,-0.949167,54.214891,22.42089554492845,164.85216836636528,10.4,239.0,25.261720471384088
14:09:21,2025-06-07,-0.949142,54.214837,21.16159953854832,161.26542447803354,10.4,239.0,23.37098326392996
14:09:22,2025-06-07,-0.949113,54.214787,22.09816061464377,163.9940350690748,10.4,239.0,24.788832841994722
14:09:23,2025-06-07,-0.949087,54.214734,20.562491414409912,162.76216855753046,10.4,239.0,23.036570106659426
14:09:24,2025-06-07,-0.949061,54.214685,21.97300863048368,165.16887133317096,10.4,239.0,24.86908976140941
14:09:25,2025-06-07,-0.949037,54.214632,20.75101214426784,164.9446114374466,10.4,239.0,23.607974961494218
14:09:26,2025-06-07,-0.949014,54.214582,20.87821177891449,163.70234759993775,10.4,239.0,23.517706575247182
14:09:27,2025-06-07,-0.948989,54.214532,20.493982815703554,163.3878850763473,10.4,239.0,23.078227639838875
14:09:28,2025-06-07,-0.948964,54.214483,20.493984656789365,163.38786645561288,10.4,239.0,23.078226207005066
14:09:29,2025-06-07,-0.948939,54.214434,19.727492551058774,162.72224901834534,10.4,239.0,22.19453269877026
14:09:30,2025-06-07,-0.948914,54.214387,20.49398825082918,163.38782997341877,10.4,239.0,23.078223386701428
14:09:31,2025-06-07,-0.948889,54.214338,20.813393087881487,164.32149291114843,10.4,239.0,23.561435612768584
14:09:32,2025-06-07,-0.948865,54.214288,18.963892871493773,162.0028614169836,10.4,239.0,21.303889909808554
14:09:33,2025-06-07,-0.94884,54.214243,19.207966205814444,163.702222488977,10.4,239.0,21.847439036286133
14:09:34,2025-06-07,-0.948817,54.214197,19.345316778082832,162.3695914333788,10.4,239.0,21.750125313239067
14:09:35,2025-06-07,-0.948792,54.214151,20.751026929985176,164.94444405862816,10.4,239.0,23.607960534411244
14:09:36,2025-06-07,-0.948769,54.214101,20.493998974138552,163.38772127513244,10.4,239.0,23.078214998540535
14:09:37,2025-06-07,-0.948744,54.214052,19.345322599329286,162.3695333720891,10.4,239.0,21.750120881152174
14:09:38,2025-06-07,-0.948719,54.214006,19.49302844705068,161.05630613282676,10.4,239.0,21.66530601136558
14:09:39,2025-06-07,-0.948692,54.21396,21.01516768920167,162.4754032375995,10.4,239.0,23.438657946016896
14:09:40,2025-06-07,-0.948665,54.21391,20.364404184717102,164.65145819064094,10.4,239.0,23.17016550827818
14:09:41,2025-06-07,-0.948642,54.213861,21.087229359419773,161.86809514655533,10.4,239.0,23.403385183563252
14:09:42,2025-06-07,-0.948614,54.213811,21.0151741021218,162.47534388711802,10.4,239.0,23.438653882557066
14:09:43,2025-06-07,-0.948587,54.213761,22.232581625104224,162.8324212780251,10.4,239.0,24.719044237606024
14:09:44,2025-06-07,-0.948559,54.213708,20.63349851976957,162.1401725340736,10.4,239.0,22.997773659907914
14:09:45,2025-06-07,-0.948532,54.213659,20.562535142316456,162.7617464741586,10.4,239.0,23.03653941982738
14:09:46,2025-06-07,-0.948506,54.21361,21.32913519179406,163.39984601096194,10.4,239.0,23.915482945234114
14:09:47,2025-06-07,-0.94848,54.213559,20.364415223427816,164.65133390537017,10.4,239.0,23.170154823928712
14:09:48,2025-06-07,-0.948457,54.21351,21.80293633293373,166.95474963910863,10.4,239.0,25.00890048947091
14:09:49,2025-06-07,-0.948436,54.213457,20.578878700660702,166.83480156562678,10.4,239.0,23.764123867591785
14:09:50,2025-06-07,-0.948416,54.213407,22.04756961415427,168.97004762102506,10.4,239.0,25.599469713718065
14:09:51,2025-06-07,-0.948398,54.213353,21.5279673858877,170.60268541112043,10.4,239.0,25.356915940192327
14:09:52,2025-06-07,-0.948383,54.2133,21.684301739534526,176.28246311741873,10.4,239.0,26.451428241783354
14:09:53,2025-06-07,-0.948377,54.213246,22.044181532624883,178.7818233564169,10.4,239.0,27.209847431629207
14:09:54,2025-06-07,-0.948375,54.213191,22.05919016361827,182.43525619766436,10.4,239.0,27.78953138688264
14:09:55,2025-06-07,-0.948379,54.213136,21.700830279412575,184.33494956803676,10.4,239.0,27.715725904472492
14:09:56,2025-06-07,-0.948386,54.213082,22.986248332110314,186.43864458618017,10.4,239.0,29.308528083358873
14:09:57,2025-06-07,-0.948397,54.213025,24.696025442657554,188.18286393167313,10.4,239.0,31.26671947773861
14:09:58,2025-06-07,-0.948412,54.212964,23.076065440632714,188.17343383571358,10.4,239.0,29.64543259328415
14:09:59,2025-06-07,-0.948426,54.212907,21.79214811005171,186.7931190976195,10.4,239.0,28.16539453286346
14:10:00,2025-06-07,-0.948437,54.212853,22.61618751075258,187.14246199858692,10.4,239.0,29.039424117637758
14:10:01,2025-06-07,-0.948449,54.212797,23.411577971720966,186.89859492218974,10.4,239.0,29.79994280153465
14:10:02,2025-06-07,-0.948461,54.212739,22.961037519272352,185.85763256765918,10.4,239.0,29.199256347216423
14:10:03,2025-06-07,-0.948471,54.212682,23.359683981871814,185.75733127543847,10.4,239.0,29.583326030076137
14:10:04,2025-06-07,-0.948481,54.212624,24.556026593114375,185.47595701043437,10.4,239.0,30.738674882850667
14:10:05,2025-06-07,-0.948491,54.212563,24.633406440924915,187.10388221084958,10.4,239.0,31.05113406232204
14:10:06,2025-06-07,-0.948504,54.212502,24.605398639591847,186.56240145034917,10.4,239.0,30.945499861151532
14:10:07,2025-06-07,-0.948516,54.212441,24.633407062961716,187.10390298065235,10.4,239.0,31.051137650957635
14:10:08,2025-06-07,-0.948529,54.21238,26.224648519191508,186.6708172256527,10.4,239.0,32.58033773074832
14:10:09,2025-06-07,-0.948542,54.212315,24.605399330659644,186.56243090139807,10.4,239.0,30.94550478976792
14:10:10,2025-06-07,-0.948554,54.212254,26.283481673828707,187.68565751721528,10.4,239.0,32.783973350886384
14:10:11,2025-06-07,-0.948569,54.212189,24.633408350831942,187.1039458785271,10.4,239.0,31.05114506602751
14:10:12,2025-06-07,-0.948582,54.212128,25.826704774164394,186.77412825895397,10.4,239.0,32.19722684381137
14:10:13,2025-06-07,-0.948595,54.212064,25.031080337848437,186.99053005737062,10.4,239.0,31.432605058885148
14:10:14,2025-06-07,-0.948608,54.212002,25.919453021788115,188.31755611211406,10.4,239.0,32.50907977236138
14:10:15,2025-06-07,-0.948624,54.211938,25.092713117665884,188.05283663379652,10.4,239.0,31.64509569786972
14:10:16,2025-06-07,-0.948639,54.211876,26.224650665778075,186.6708978902139,10.4,239.0,32.580351466797964
14:10:17,2025-06-07,-0.948652,54.211811,24.15718306990176,185.56676311537612,10.4,239.0,30.353077354438707
14:10:18,2025-06-07,-0.948662,54.211751,25.060816563456594,187.52237772997915,10.4,239.0,31.538147148457114
14:10:19,2025-06-07,-0.948676,54.211689,24.41160792250414,189.95058895797257,10.4,239.0,31.227850442469983
14:10:20,2025-06-07,-0.948694,54.211629,23.272464712950928,191.03041634063464,10.4,239.0,30.235524940164595
14:10:21,2025-06-07,-0.948713,54.211572,24.80636371808751,189.79067441382222,10.4,239.0,31.600656523829016
14:10:22,2025-06-07,-0.948731,54.211511,21.527986596380654,189.39772620652312,10.4,239.0,28.268119255546207
14:10:23,2025-06-07,-0.948746,54.211458,22.834670118606283,190.64568028067072,10.4,239.0,29.74570099378076
14:10:24,2025-06-07,-0.948764,54.211402,24.017055070336678,190.11585670453417,10.4,239.0,30.85592628425031
14:10:25,2025-06-07,-0.948782,54.211343,22.792354212639633,190.06672096169137,10.4,239.0,29.62450362627037
14:10:26,2025-06-07,-0.948799,54.211287,24.10418387728697,191.21276459340984,10.4,239.0,31.091794244150854
14:10:27,2025-06-07,-0.948819,54.211228,23.18697731557567,189.89365899403901,10.4,239.0,29.995411762125286
14:10:28,2025-06-07,-0.948836,54.211171,23.11071749412905,188.74888658992882,10.4,239.0,29.76072773070228
14:10:29,2025-06-07,-0.948851,54.211114,21.92339845753326,189.2268022481196,10.4,239.0,28.639873535122234
14:10:30,2025-06-07,-0.948866,54.21106,23.228578783335113,190.4631729198738,10.4,239.0,30.114819362598112
14:10:31,2025-06-07,-0.948884,54.211003,21.60983921549354,190.62398443961504,10.4,239.0,28.517926773992148
14:10:32,2025-06-07,-0.948901,54.21095,20.429610475299157,191.2456338354844,10.4,239.0,27.42163861387433
14:10:33,2025-06-07,-0.948918,54.2109,21.751065042522338,192.444619715288,10.4,239.0,28.90265759841943
14:10:34,2025-06-07,-0.948938,54.210847,18.440383063367978,196.99804661494318,10.4,239.0,26.168851992070156
14:10:35,2025-06-07,-0.948961,54.210803,19.798816778533777,197.92688142287852,10.4,239.0,27.639082767011498
14:10:36,2025-06-07,-0.948987,54.210756,19.73367290125515,200.87661528925852,10.4,239.0,27.915177341782304
14:10:37,2025-06-07,-0.949017,54.21071,21.933728012409784,203.9629076117429,10.4,239.0,30.449045714498933
14:10:38,2025-06-07,-0.949055,54.21066,21.666566883441728,204.96004983200322,10.4,239.0,30.284500541424897
14:10:39,2025-06-07,-0.949094,54.210611,22.229793557627804,205.61970997334365,10.4,239.0,30.91418024419221
14:10:40,2025-06-07,-0.949135,54.210561,22.129059660181433,205.07240997720268,10.4,239.0,30.758393246971274
14:10:41,2025-06-07,-0.949175,54.210511,21.766925279302693,205.51960552050159,10.4,239.0,30.441301488817764
14:10:42,2025-06-07,-0.949215,54.210462,22.33256334840064,206.16214956125486,10.4,239.0,31.07073236881515
14:10:43,2025-06-07,-0.949257,54.210412,23.31910767648531,204.34204543416672,10.4,239.0,31.87374805376524
14:10:44,2025-06-07,-0.949298,54.210359,22.947074667367342,202.2084684652003,10.4,239.0,31.275601621623444
14:10:45,2025-06-07,-0.949335,54.210306,24.3552008639463,197.35779702834324,10.4,239.0,32.12721292865842
14:10:46,2025-06-07,-0.949366,54.210248,25.194765530269564,193.9965887673127,10.4,239.0,32.54823821002614
14:10:47,2025-06-07,-0.949392,54.210187,25.826713439116556,186.7744436282286,10.4,239.0,32.19728075615036
14:10:48,2025-06-07,-0.949405,54.210123,26.498056765062202,183.54927337819018,10.4,239.0,32.39605028611525
14:10:49,2025-06-07,-0.949412,54.210057,24.447950767468328,178.90152811172595,10.4,239.0,29.632463713719496
14:10:50,2025-06-07,-0.94941,54.209996,22.588130518263835,173.44688572453424,10.4,239.0,26.892165455705594
14:10:51,2025-06-07,-0.949399,54.20994,25.201327257805183,170.36388163807987,10.4,239.0,28.989941062116856
14:10:52,2025-06-07,-0.949381,54.209878,25.08505049380906,167.04219590637103,10.4,239.0,28.30611065521855
14:10:53,2025-06-07,-0.949357,54.209817,24.806207092237933,165.779382660549,10.4,239.0,27.808554970162756
14:10:54,2025-06-07,-0.949331,54.209757,24.499774975830228,161.59551585776046,10.4,239.0,26.767670345933304
14:10:55,2025-06-07,-0.949298,54.209699,24.65243145654091,160.56158567950183,10.4,239.0,26.736811037286003
14:10:56,2025-06-07,-0.949263,54.209641,24.522631415582687,158.70011612542794,10.4,239.0,26.2749417401259
14:10:57,2025-06-07,-0.949225,54.209584,24.43812225177821,159.21214346844727,10.4,239.0,26.28197288595636
14:10:58,2025-06-07,-0.949188,54.209527,22.947138080180025,157.79112769981498,10.4,239.0,24.536599267209407
14:10:59,2025-06-07,-0.949151,54.209474,24.609109531190285,158.19152623559387,10.4,239.0,26.270355541906792
14:11:00,2025-06-07,-0.949112,54.209417,24.98147436003999,158.53303652889326,10.4,239.0,26.703883536066062
14:11:01,2025-06-07,-0.949073,54.209359,24.0640431701221,158.87332262245127,10.4,239.0,25.847335400879533
14:11:02,2025-06-07,-0.949036,54.209303,24.896310181096148,159.0350448582318,10.4,239.0,26.708515391489946
14:11:03,2025-06-07,-0.948998,54.209245,24.81307243634567,159.540474754167,10.4,239.0,26.715545150392064
14:11:04,2025-06-07,-0.948961,54.209187,24.5226654239496,158.6999030110302,10.4,239.0,26.27493761823246
14:11:05,2025-06-07,-0.948923,54.20913,23.129175170347498,156.71556412990333,10.4,239.0,24.525431085032054
14:11:06,2025-06-07,-0.948884,54.209077,24.97411493754057,156.19352317153596,10.4,239.0,26.27641419191892
14:11:07,2025-06-07,-0.948841,54.20902,25.341117852332587,156.55933651764678,10.4,239.0,26.709267802139028
14:11:08,2025-06-07,-0.948798,54.208962,23.037167538422814,157.25105078989054,10.4,239.0,24.52967956638534
14:11:09,2025-06-07,-0.94876,54.208909,23.1291938135692,156.71545282897125,10.4,239.0,24.525429708446577
14:11:10,2025-06-07,-0.948721,54.208856,23.407103276681596,157.63042120875002,10.4,239.0,24.967730425741266
14:11:11,2025-06-07,-0.948683,54.208802,21.56847395595349,155.60358827281902,10.4,239.0,22.764467324888603
14:11:12,2025-06-07,-0.948645,54.208753,21.656701321445716,157.73658402593423,10.4,239.0,23.236377646043504
14:11:13,2025-06-07,-0.94861,54.208703,21.109543401714586,158.50207622550022,10.4,239.0,22.826410197567
14:11:14,2025-06-07,-0.948577,54.208654,21.31776645919802,160.06944300076884,10.4,239.0,23.314551856829354
14:11:15,2025-06-07,-0.948546,54.208604,21.6567120933565,157.7365115615546,10.4,239.0,23.236375417252642
14:11:16,2025-06-07,-0.948511,54.208554,21.378359277450095,156.74794412584697,10.4,239.0,22.780439189532185
14:11:17,2025-06-07,-0.948475,54.208505,21.378363089480615,156.7479194768514,10.4,239.0,22.780438568264465
14:11:18,2025-06-07,-0.948439,54.208456,23.40713481949141,157.63022595784776,10.4,239.0,24.967726929024316
14:11:19,2025-06-07,-0.948401,54.208402,23.407139077809074,157.63019959752592,10.4,239.0,24.96772645674426
14:11:20,2025-06-07,-0.948363,54.208348,24.438210107641613,159.21157464455223,10.4,239.0,26.281959127765845
14:11:21,2025-06-07,-0.948326,54.208291,22.859302679049915,158.33452161415994,10.4,239.0,24.546165913475107
14:11:22,2025-06-07,-0.94829,54.208238,23.31859032364785,158.16279001295527,10.4,239.0,24.974687066360207
14:11:23,2025-06-07,-0.948253,54.208184,24.438221765467787,159.21149917244793,10.4,239.0,26.281957303327456
14:11:24,2025-06-07,-0.948216,54.208127,23.03723454746486,157.2506377829319,10.4,239.0,24.529672384741595
14:11:25,2025-06-07,-0.948178,54.208074,21.8394155699109,156.59777875111888,10.4,239.0,23.214482381035484
14:11:26,2025-06-07,-0.948141,54.208024,24.522752552474504,158.69935708938453,10.4,239.0,26.274927070775508
14:11:27,2025-06-07,-0.948103,54.207967,22.984961447639293,160.3328204602792,10.4,239.0,25.02864290821732
14:11:28,2025-06-07,-0.94807,54.207913,22.94726109038417,157.79034431277785,10.4,239.0,24.536581751869598
14:11:29,2025-06-07,-0.948033,54.20786,23.318618631377536,158.16260899333474,10.4,239.0,24.974682935709488
14:11:30,2025-06-07,-0.947996,54.207806,22.859337717401335,158.33429082089788,10.4,239.0,24.546159614279077
14:11:31,2025-06-07,-0.94796,54.207753,23.898502133408012,159.92110146425205,10.4,239.0,25.86885572130656
14:11:32,2025-06-07,-0.947925,54.207697,23.318630834164313,158.16253093904038,10.4,239.0,24.97468115130632
14:11:33,2025-06-07,-0.947888,54.207643,23.590347168422795,156.5766559496078,10.4,239.0,24.96161345762728
14:11:34,2025-06-07,-0.947848,54.207589,24.15000153906303,158.3536913915175,10.4,239.0,25.840298190506907
14:11:35,2025-06-07,-0.94781,54.207533,23.31864311077101,158.16245240028536,10.4,239.0,24.974679353905486
14:11:36,2025-06-07,-0.947773,54.207479,23.147653048644393,159.2397277422573,10.4,239.0,24.996431087854145
14:11:37,2025-06-07,-0.947738,54.207425,24.609271033000102,158.19054600475158,10.4,239.0,26.270341402200803
14:11:38,2025-06-07,-0.947699,54.207368,24.787996746554892,157.18425771874433,10.4,239.0,26.2685093667774
14:11:39,2025-06-07,-0.947658,54.207311,23.590376074474285,156.5764879920673,10.4,239.0,24.96161214315598
14:11:40,2025-06-07,-0.947618,54.207257,24.522810007432888,158.69899705740022,10.4,239.0,26.274920108934577
14:11:41,2025-06-07,-0.94758,54.2072,24.438291707314207,159.21104632916524,10.4,239.0,26.28194634961557
14:11:42,2025-06-07,-0.947543,54.207143,24.5228185486182,158.69894354716564,10.4,239.0,26.274919076081144
14:11:43,2025-06-07,-0.947505,54.207086,24.697704114457885,157.68543761252306,10.4,239.0,26.26820372740668
14:11:44,2025-06-07,-0.947465,54.207029,23.037322671595824,157.25009471413227,10.4,239.0,24.52966295435301
14:11:45,2025-06-07,-0.947427,54.206976,24.981663582469505,158.53188346478362,10.4,239.0,26.703866350931115
14:11:46,2025-06-07,-0.947388,54.206918,24.522835400831706,158.69883793090048,10.4,239.0,26.27491703145252
14:11:47,2025-06-07,-0.94735,54.206861,24.98167250002622,158.5318291431389,10.4,239.0,26.703865544468044
14:11:48,2025-06-07,-0.947311,54.206803,24.52284401703635,158.69878395161618,10.4,239.0,26.274915989691557
14:11:49,2025-06-07,-0.947273,54.206746,24.6977322684491,157.68527198438187,10.4,239.0,26.268202162288212
14:11:50,2025-06-07,-0.947233,54.206689,23.879865022574556,155.02743201082694,10.4,239.0,24.971912939299347
14:11:51,2025-06-07,-0.94719,54.206635,24.522856605661595,158.69870509355349,10.4,239.0,26.274914469041033
14:11:52,2025-06-07,-0.947152,54.206578,22.68982779040705,159.43407758088324,10.4,239.0,24.57331051510671
14:11:53,2025-06-07,-0.947118,54.206525,23.973303087704423,162.3549079819735,10.4,239.0,26.37551852015695
14:11:54,2025-06-07,-0.947087,54.206468,24.286189383724164,163.16852072965344,10.4,239.0,26.83184646350163
14:11:55,2025-06-07,-0.947057,54.20641,23.256158697351722,164.80791012732118,10.4,239.0,26.08925479291576
14:11:56,2025-06-07,-0.947031,54.206354,24.030375875877176,165.30871802947627,10.4,239.0,26.950828455396042
14:11:57,2025-06-07,-0.947005,54.206296,23.52606028938591,166.16557175401135,10.4,239.0,26.59545371323895
14:11:58,2025-06-07,-0.946981,54.206239,23.318745365602673,168.4029092006973,10.4,239.0,26.773719212179497
14:11:59,2025-06-07,-0.946961,54.206182,25.16302953411484,170.88917305611267,10.4,239.0,29.040278978548066
14:12:00,2025-06-07,-0.946944,54.20612,24.696081368222945,171.81578666443397,10.4,239.0,28.728884917260046
14:12:01,2025-06-07,-0.946929,54.206059,24.411685226474784,170.04808191878215,10.4,239.0,28.14685846113639
14:12:02,2025-06-07,-0.946911,54.205999,26.680674775246807,172.42829770696585,10.4,239.0,30.815726322575355
14:12:03,2025-06-07,-0.946896,54.205933,26.15198168158972,174.85833184487444,10.4,239.0,30.68791539735178
14:12:04,2025-06-07,-0.946886,54.205868,24.47162253007755,177.25530666967813,10.4,239.0,29.394995553466835
14:12:05,2025-06-07,-0.946881,54.205807,26.072735820517188,177.42397186083554,10.4,239.0,31.023054718712224
14:12:06,2025-06-07,-0.946876,54.205742,24.484021085982118,176.70746533640352,10.4,239.0,29.31957808628636
14:12:07,2025-06-07,-0.94687,54.205681,26.072735437730387,177.42396401476572,10.4,239.0,31.023053083436775
14:12:08,2025-06-07,-0.946865,54.205616,25.65523518299838,178.4295604500178,10.4,239.0,30.76530816292082
14:12:09,2025-06-07,-0.946862,54.205552,21.258500692026814,177.47249768376992,10.4,239.0,26.21656411761495
14:12:10,2025-06-07,-0.946858,54.205499,21.301287641202,175.58276631987087,10.4,239.0,25.955184888041693
14:12:11,2025-06-07,-0.946851,54.205446,19.724605392717727,174.5453183646656,10.4,239.0,24.20934400034769
14:12:12,2025-06-07,-0.946843,54.205397,16.710591315700768,169.49383475551792,10.4,239.0,20.351699848901763
14:12:13,2025-06-07,-0.94683,54.205356,17.741840593594056,166.24264369425498,10.4,239.0,20.82459773437197
14:12:14,2025-06-07,-0.946812,54.205313,15.684058958996566,166.16526153323616,10.4,239.0,18.753398581572515
14:12:15,2025-06-07,-0.946796,54.205275,15.742006130330726,165.33681527037663,10.4,239.0,18.667353195031446
14:12:16,2025-06-07,-0.946779,54.205237,16.020080177114803,167.32204742112424,10.4,239.0,19.289401003015392
14:12:17,2025-06-07,-0.946764,54.205198,17.222849502224527,162.57602659243992,10.4,239.0,19.664097761766257
14:12:18,2025-06-07,-0.946742,54.205157,16.316528703628617,155.3721625132157,10.4,239.0,17.470784051709558
14:12:19,2025-06-07,-0.946713,54.20512,18.810941326914307,150.91041267126275,10.4,239.0,19.157644185465646
14:12:20,2025-06-07,-0.946674,54.205079,20.472748054640668,143.43170662275935,10.4,239.0,19.463613788564583
14:12:21,2025-06-07,-0.946622,54.205038,20.639702198810596,131.37265669372357,10.4,239.0,17.490324817817733
14:12:22,2025-06-07,-0.946556,54.205004,23.550657873212156,131.63899952561462,10.4,239.0,20.447389391709734
14:12:23,2025-06-07,-0.946481,54.204965,24.92464202252953,127.72010001572244,10.4,239.0,21.15022867673059
14:12:24,2025-06-07,-0.946397,54.204927,26.294169048546568,129.8612939141624,10.4,239.0,22.884464743100306
14:12:25,2025-06-07,-0.946311,54.204885,26.47510028755953,129.53572837217234,10.4,239.0,23.009622852611216
14:12:26,2025-06-07,-0.946224,54.204843,26.22221323671986,128.8594847411078,10.4,239.0,22.641247117398162
14:12:27,2025-06-07,-0.946137,54.204802,26.291001544988497,126.53397374251716,10.4,239.0,22.316791852374802
14:12:28,2025-06-07,-0.946047,54.204763,26.475146546824412,129.5356453129193,10.4,239.0,23.009654897068867
14:12:29,2025-06-07,-0.94596,54.204721,25.67506672540711,126.43797710373167,10.4,239.0,21.684760290875044
14:12:30,2025-06-07,-0.945872,54.204683,25.151764537958123,122.85812360440065,10.4,239.0,20.56957234083955
14:12:31,2025-06-07,-0.945782,54.204649,24.935963206023246,118.8776492051386,10.4,239.0,19.716742027923505
14:12:32,2025-06-07,-0.945689,54.204619,25.269277158490556,114.39891467907057,10.4,239.0,19.363540052140465
14:12:33,2025-06-07,-0.945591,54.204593,24.020641456392674,104.52305879230312,10.4,239.0,16.734171007113368
14:12:34,2025-06-07,-0.945492,54.204578,24.438937483843084,101.3728414373054,10.4,239.0,16.755678718725495
14:12:35,2025-06-07,-0.94539,54.204566,24.132269177442655,100.54800166126847,10.4,239.0,16.34890581276317
14:12:36,2025-06-07,-0.945289,54.204555,24.01477143880324,93.8357621564765,10.4,239.0,15.478526023318834
14:12:37,2025-06-07,-0.945187,54.204551,24.358182259587267,96.62767074132904,10.4,239.0,16.121435465113926
14:12:38,2025-06-07,-0.945084,54.204544,24.407576758395336,97.56419610500399,10.4,239.0,16.27571089080307
14:12:39,2025-06-07,-0.944981,54.204536,25.360923321976145,100.95424100994057,10.4,239.0,17.626661864890057
14:12:40,2025-06-07,-0.944875,54.204524,24.694378316870708,107.99610459354216,10.4,239.0,17.870830797314333
14:12:41,2025-06-07,-0.944775,54.204505,26.96908805478628,122.39639212549804,10.4,239.0,22.311807986227002
14:12:42,2025-06-07,-0.944678,54.204469,24.39140348332877,139.1523937599208,10.4,239.0,22.612710186851626
14:12:43,2025-06-07,-0.94461,54.204423,25.94279738519485,160.4666904317063,10.4,239.0,28.010298770499546
14:12:44,2025-06-07,-0.944573,54.204362,22.884015551769682,176.47685616942124,10.4,239.0,27.68247446300415
14:12:45,2025-06-07,-0.944567,54.204305,23.270940234868718,182.88653484252114,10.4,239.0,29.069460560246377
14:12:46,2025-06-07,-0.944572,54.204247,24.48401792390568,183.29265354330147,10.4,239.0,30.3435871937434
14:12:47,2025-06-07,-0.944578,54.204186,24.44792808565443,181.0986279678903,10.4,239.0,29.974262340960976
14:12:48,2025-06-07,-0.94458,54.204125,22.938210678582525,185.27644984375277,10.4,239.0,29.091702125529586
14:12:49,2025-06-07,-0.944589,54.204068,22.870747677198146,182.93710464504682,10.4,239.0,28.676885744477712
14:12:50,2025-06-07,-0.944594,54.204011,22.870747549871112,182.9371086903471,10.4,239.0,28.676886226346415
14:12:51,2025-06-07,-0.944599,54.203954,21.68428871520022,183.71837567589205,10.4,239.0,27.607537672126263
14:12:52,2025-06-07,-0.944605,54.2039,22.851435390624662,181.76325835047155,10.4,239.0,28.479593769398715
14:12:53,2025-06-07,-0.944608,54.203843,22.845396871712552,181.1757133805643,10.4,239.0,28.383579314784626
14:12:54,2025-06-07,-0.94461,54.203786,21.270174914806244,176.84163893991308,10.4,239.0,26.1272804095253
14:12:55,2025-06-07,-0.944605,54.203733,22.89968443282682,175.89147098657577,10.4,239.0,27.603624732425224
14:12:56,2025-06-07,-0.944598,54.203676,20.06998389914488,176.65254740217893,10.4,239.0,24.896713336865556
14:12:57,2025-06-07,-0.944593,54.203626,21.670286084816308,176.8999999017999,10.4,239.0,26.5367561373734
14:12:58,2025-06-07,-0.944588,54.203572,21.30128674105636,175.58256110812158,10.4,239.0,25.95515067662941
14:12:59,2025-06-07,-0.944581,54.203519,20.047973585762254,177.99005735334617,10.4,239.0,25.088415106266474
14:13:00,2025-06-07,-0.944578,54.203469,21.249407383004815,178.10373971259241,10.4,239.0,26.307888454916355
14:13:01,2025-06-07,-0.944575,54.203416,18.456671893011503,177.08834616382183,10.4,239.0,23.353329360566168
14:13:02,2025-06-07,-0.944571,54.20337,19.66997257777497,176.58436701437745,10.4,239.0,24.48573646397342
14:13:03,2025-06-07,-0.944566,54.203321,18.05649128550654,177.0237510553842,10.4,239.0,22.94280164264009
14:13:04,2025-06-07,-0.944562,54.203276,18.438722060153122,178.54322763763014,10.4,239.0,23.566754813728824
14:13:05,2025-06-07,-0.94456,54.20323,17.237004607451368,181.55836078153413,10.4,239.0,22.833851943519722
14:13:06,2025-06-07,-0.944562,54.203187,16.430856093055,180.81733612248968,10.4,239.0,21.91387051781425
14:13:07,2025-06-07,-0.944563,54.203146,16.829888104504743,180.0,10.4,239.0,22.186284083569305
14:13:08,2025-06-07,-0.944563,54.203104,16.836445099780978,181.59545047983758,10.4,239.0,22.438965546720894
14:13:09,2025-06-07,-0.944565,54.203062,15.63481432478093,181.7181081278493,10.4,239.0,21.256079324670896
14:13:10,2025-06-07,-0.944567,54.203023,16.42917615075331,180.0,10.4,239.0,21.785572129817872
14:13:11,2025-06-07,-0.944567,54.202982,15.23428827187171,178.23670330788775,10.4,239.0,20.313843243483525
14:13:12,2025-06-07,-0.944565,54.202944,15.643636246837975,177.42379521116345,10.4,239.0,20.593926945961336
14:13:13,2025-06-07,-0.944562,54.202905,16.42917582638231,180.0,10.4,239.0,21.78557180544687
14:13:14,2025-06-07,-0.944562,54.202864,15.627752507223766,180.0,10.4,239.0,20.98414848628833
14:13:15,2025-06-07,-0.944562,54.202825,16.4291756004241,180.0,10.4,239.0,21.78557157948866
14:13:16,2025-06-07,-0.944562,54.202784,15.634813691937177,178.28188031940704,10.4,239.0,20.72152271718565
14:13:17,2025-06-07,-0.94456,54.202745,15.315581854559118,173.8502028601671,10.4,239.0,19.68615398964033
14:13:18,2025-06-07,-0.944553,54.202707,15.485801707024171,169.5347628422628,10.4,239.0,19.133868156980437
14:13:19,2025-06-07,-0.944541,54.202669,15.578187538250619,167.83890446084797,10.4,239.0,18.936434961582354
14:13:20,2025-06-07,-0.944527,54.202631,14.411611680653632,161.01313822690213,10.4,239.0,16.57622587052857
14:13:21,2025-06-07,-0.944507,54.202597,16.87898609983596,154.49079238912805,10.4,239.0,17.874118295063376
14:13:22,2025-06-07,-0.944476,54.202559,16.550604923947844,145.46644504396977,10.4,239.0,15.909620879984121
14:13:23,2025-06-07,-0.944436,54.202525,16.93572399811153,137.2449175124284,10.4,239.0,14.816946582178444
14:13:24,2025-06-07,-0.944387,54.202494,16.852458432923775,130.00577056907093,10.4,239.0,13.467540018163445
14:13:25,2025-06-07,-0.944332,54.202467,18.34747190262065,131.00046707301692,10.4,239.0,15.133775792184348
14:13:26,2025-06-07,-0.944273,54.202437,17.956007750451366,127.11548059616166,10.4,239.0,14.079542125477769
14:13:27,2025-06-07,-0.944212,54.20241,17.42914873221196,120.44202403054157,10.4,239.0,12.457451967186769
14:13:28,2025-06-07,-0.944148,54.202388,17.729713370799413,109.85909000007763,10.4,239.0,11.164923921181698
14:13:29,2025-06-07,-0.944077,54.202373,18.97064949403105,109.79482226340247,10.4,239.0,12.396816454803977
14:13:30,2025-06-07,-0.944001,54.202357,17.597915290055994,108.62937961422983,10.4,239.0,10.861530350476967
14:13:31,2025-06-07,-0.94393,54.202343,19.10980935249645,110.92759517418506,10.4,239.0,12.696578687469872
14:13:32,2025-06-07,-0.943854,54.202326,19.701838695344332,116.6332252141483,10.4,239.0,14.134332978935984
14:13:33,2025-06-07,-0.943779,54.202304,18.6165291372173,108.87676314283459,10.4,239.0,11.91441763751841
14:13:34,2025-06-07,-0.943704,54.202289,20.93230469543,116.17480608965644,10.4,239.0,15.294695897174492
14:13:35,2025-06-07,-0.943624,54.202266,19.6354488451474,109.09847734011913,10.4,239.0,12.964160646661988
14:13:36,2025-06-07,-0.943545,54.20225,20.932619356170992,111.37327219342097,10.4,239.0,14.583266566740976
14:13:37,2025-06-07,-0.943462,54.202231,20.130710994696805,111.03989994966184,10.4,239.0,13.733540299669691
14:13:38,2025-06-07,-0.943382,54.202213,20.647878158355056,112.88591455946795,10.4,239.0,14.518170432814088
14:13:39,2025-06-07,-0.943301,54.202193,20.713983316520686,111.6099944396197,10.4,239.0,14.398715853378341
14:13:40,2025-06-07,-0.943219,54.202174,20.93265265189324,111.3732364280105,10.4,239.0,14.583294720822792
14:13:41,2025-06-07,-0.943136,54.202155,21.5673839499025,115.34914969954843,10.4,239.0,15.804426197571903
14:13:42,2025-06-07,-0.943053,54.202132,21.59070568437192,110.69177890832077,10.4,239.0,15.143832741265848
14:13:43,2025-06-07,-0.942967,54.202113,21.993113171069563,114.8252731529999,10.4,239.0,16.151240790183287
14:13:44,2025-06-07,-0.942882,54.20209,21.590724842393556,110.69175965438302,10.4,239.0,15.143849156912049
14:13:45,2025-06-07,-0.942796,54.202071,21.59073350364608,110.69175093940089,10.4,239.0,15.143856576873125
14:13:46,2025-06-07,-0.94271,54.202052,22.206663504300696,114.57085055129954,10.4,239.0,16.326641720669677
14:13:47,2025-06-07,-0.942624,54.202029,21.5674375047749,115.3490821059898,10.4,239.0,15.804469539206272
14:13:48,2025-06-07,-0.942541,54.202006,21.37108628348172,110.91420546292528,10.4,239.0,14.955942486335108
14:13:49,2025-06-07,-0.942456,54.201987,21.567455352154393,115.34905957596362,10.4,239.0,15.804483982350149
14:13:50,2025-06-07,-0.942373,54.201964,21.59078229991346,110.69170189917702,10.4,239.0,15.143898388251095
14:13:51,2025-06-07,-0.942287,54.201945,22.206710928909086,114.57079443705038,10.4,239.0,16.326680743986838
14:13:52,2025-06-07,-0.942201,54.201922,21.371124094482756,110.91416663310582,10.4,239.0,14.955974749811459
14:13:53,2025-06-07,-0.942116,54.201903,21.99320496837306,114.82516219249635,10.4,239.0,16.1513159243489
14:13:54,2025-06-07,-0.942031,54.20188,21.371142995207208,110.91414720387138,10.4,239.0,14.955990874728139
14:13:55,2025-06-07,-0.941946,54.201861,22.523446718208184,117.60669992278707,10.4,239.0,17.105984614042505
14:13:56,2025-06-07,-0.941861,54.201835,21.56751995594882,115.3489780310021,10.4,239.0,15.804536264894153
14:13:57,2025-06-07,-0.941778,54.201812,18.97884215426089,113.69910687158085,10.4,239.0,12.968990552826083
14:13:58,2025-06-07,-0.941704,54.201793,15.562095201557778,108.037190623367,10.4,239.0,8.744177500553011
14:13:59,2025-06-07,-0.941641,54.201781,12.805763218358654,116.03349075543531,10.4,239.0,7.146616541114584
14:14:00,2025-06-07,-0.941592,54.201767,10.991046539463444,125.7474869491781,10.4,239.0,6.885291326256724
14:14:01,2025-06-07,-0.941554,54.201751,7.77610962640516,140.68573240922888,10.4,239.0,6.272242537448862
14:14:02,2025-06-07,-0.941533,54.201736,4.56165968952163,194.88926202564343,10.4,239.0,12.028816654760202
14:14:03,2025-06-07,-0.941538,54.201725,4.715655504306839,274.8857654597766,10.4,239.0,13.1416033572891
14:14:04,2025-06-07,-0.941558,54.201726,6.273219023274732,314.7053401880689,10.4,239.0,8.841069457921702
14:14:05,2025-06-07,-0.941577,54.201737,7.216556612996679,326.4586519263713,10.4,239.0,7.677696243721524
14:14:06,2025-06-07,-0.941594,54.201752,6.560972137896444,317.19589224187655,10.4,239.0,8.688460931361798
14:14:07,2025-06-07,-0.941613,54.201764,8.241284141235514,316.8966893022266,10.4,239.0,10.421904779678087
14:14:08,2025-06-07,-0.941637,54.201779,8.512836636864408,301.24235224498034,10.4,239.0,13.356456124107709
14:14:09,2025-06-07,-0.941668,54.20179,8.389305872116058,292.5114967387866,10.4,239.0,14.573785223761346
14:14:10,2025-06-07,-0.941701,54.201798,9.123089201714816,298.94725336326735,10.4,239.0,14.33137855442207
14:14:11,2025-06-07,-0.941735,54.201809,8.825332338496056,291.3438726984153,10.4,239.0,15.178910768426448
14:14:12,2025-06-07,-0.94177,54.201817,9.357613654927697,287.48060882114453,10.4,239.0,16.2514979173774
14:14:13,2025-06-07,-0.941808,54.201824,9.264667505085272,290.2865184731315,10.4,239.0,15.769100733722997
14:14:14,2025-06-07,-0.941845,54.201832,9.04461351089583,290.8023701950332,10.4,239.0,15.475722722493387
14:14:15,2025-06-07,-0.941881,54.20184,7.585546615821701,291.7474175923624,10.4,239.0,13.880977206049597
14:14:16,2025-06-07,-0.941911,54.201847,6.088018398607371,285.29826482034093,10.4,239.0,13.273423176114495
14:14:17,2025-06-07,-0.941936,54.201851,4.698585245624582,270.00000811574205,10.4,239.0,13.613124414212145
14:14:18,2025-06-07,-0.941956,54.201851,4.592825901783644,225.6690250822232,10.4,239.0,14.712591270669346
14:14:19,2025-06-07,-0.94197,54.201843,3.340588517465869,163.69760434067234,10.4,239.0,5.979250526049813
14:14:20,2025-06-07,-0.941966,54.201835,5.271827056161634,122.20489274774536,10.4,239.0,0.5834933585872317
14:14:21,2025-06-07,-0.941947,54.201828,5.4033760332128065,89.99999066720659,10.4,239.0,-3.5111647665815298
14:14:22,2025-06-07,-0.941924,54.201828,4.964457820259024,71.12339634586385,10.4,239.0,-5.203596792426485
14:14:23,2025-06-07,-0.941904,54.201832,5.16844614127792,89.99999107849385,10.4,239.0,-3.7460946200665184
14:14:24,2025-06-07,-0.941882,54.201832,5.411279763533587,72.73283443981245,10.4,239.0,-4.691417889343972
14:14:25,2025-06-07,-0.94186,54.201836,2.470099424818436,130.52383977546413,10.4,239.0,-0.8257650743987428
14:14:26,2025-06-07,-0.941852,54.201832,0.4698587401304032,89.99999922113835,10.4,239.0,-8.444681259984804
14:14:27,2025-06-07,-0.94185,54.201832,0.0,0.0,10.4,239.0,-5.356395979064567
14:14:31,2025-06-07,-0.94185,54.201832,0.00464501397004621,149.6752791514051,10.4,239.0,0.12721495975030953
14:16:11,2025-06-07,-0.941849,54.201831,7.151105125569747,113.14186416057476,10.4,239.0,1.0589897017701313
14:16:12,2025-06-07,-0.941821,54.201824,8.377297554280343,101.05533071967488,10.4,239.0,0.6553152606538202
14:16:13,2025-06-07,-0.941786,54.20182,10.555994154242821,117.15237009993496,10.4,239.0,5.068308023827332
14:16:14,2025-06-07,-0.941746,54.201808,11.453929888485339,112.68013975048063,10.4,239.0,5.294087893424462
14:16:15,2025-06-07,-0.941701,54.201797,14.038085156926831,115.40249433039253,10.4,239.0,8.283190160747962
14:16:16,2025-06-07,-0.941647,54.201782,16.009624123757302,107.5166209581094,10.4,239.0,9.120635467173342
14:16:17,2025-06-07,-0.941582,54.20177,18.1726807664447,109.35569914115445,10.4,239.0,11.537277375791742
14:16:18,2025-06-07,-0.941509,54.201755,19.194293278563997,113.41731239953538,10.4,239.0,13.142769791371341
14:16:19,2025-06-07,-0.941434,54.201736,22.392062158145407,111.01569362103015,10.4,239.0,15.99142779474294
14:16:20,2025-06-07,-0.941345,54.201716,22.78532163905737,108.49433870680372,10.4,239.0,16.03028057216166
14:16:21,2025-06-07,-0.941253,54.201698,24.378139990533203,109.23368596321268,10.4,239.0,17.725697922023716
14:16:22,2025-06-07,-0.941155,54.201678,25.367305626953776,107.50325647457078,10.4,239.0,18.47649984175614
14:16:23,2025-06-07,-0.941052,54.201659,26.553381603257947,110.35226966558525,10.4,239.0,20.058265162991724
14:16:24,2025-06-07,-0.940946,54.201636,26.773844246350077,110.17745441932362,10.4,239.0,20.253975793718634
14:16:25,2025-06-07,-0.940839,54.201613,27.367013759981965,113.33495029259564,10.4,239.0,21.30333812895921
14:16:26,2025-06-07,-0.940732,54.201586,28.672928388203555,115.72442724534551,10.4,239.0,22.96679748017602
14:16:27,2025-06-07,-0.940622,54.201555,27.267882067714705,115.27533777199426,10.4,239.0,21.493776276339595
14:16:28,2025-06-07,-0.940517,54.201526,30.970918569299176,114.5077239440011,10.4,239.0,25.081449188534528
14:16:29,2025-06-07,-0.940397,54.201494,29.02917051036167,117.15215224517101,10.4,239.0,23.541450789382186
14:16:30,2025-06-07,-0.940287,54.201461,30.33081236390908,115.05974882800058,10.4,239.0,24.52420045901262
14:16:31,2025-06-07,-0.94017,54.201429,29.42194175754196,117.63904110316611,10.4,239.0,24.009491545437612
14:16:32,2025-06-07,-0.940059,54.201395,29.006324184657114,118.06936040007952,10.4,239.0,23.660723778777033
14:16:33,2025-06-07,-0.93995,54.201361,28.501742029695908,114.99721287694416,10.4,239.0,22.68571642827606
14:16:34,2025-06-07,-0.93984,54.201331,28.039512641846255,116.34911687864144,10.4,239.0,22.4285177885904
14:16:35,2025-06-07,-0.939733,54.2013,25.057105139773515,114.61899113911392,10.4,239.0,19.1842929269472
14:16:36,2025-06-07,-0.939636,54.201274,23.496759163176726,113.1415551118991,10.4,239.0,17.40459827475141
14:16:37,2025-06-07,-0.939544,54.201251,21.993489983722196,114.82481769132153,10.4,239.0,16.15154920547817
14:16:38,2025-06-07,-0.939459,54.201228,19.843451712432202,112.60852886209307,10.4,239.0,13.673141424212883
14:16:39,2025-06-07,-0.939381,54.201209,18.83947390718674,108.64519425240695,10.4,239.0,12.105276236108425
14:16:40,2025-06-07,-0.939305,54.201194,18.979079471604063,113.6987914958143,10.4,239.0,12.969181150821871
14:16:41,2025-06-07,-0.939231,54.201175,16.931827093687318,109.39056553754318,10.4,239.0,10.301298194491714
14:16:42,2025-06-07,-0.939163,54.201161,19.99109327833819,109.96525503978421,10.4,239.0,13.441261184712683
14:16:43,2025-06-07,-0.939083,54.201144,18.394800306112952,109.11295880935342,10.4,239.0,11.72552884076662
14:16:44,2025-06-07,-0.939009,54.201129,17.068797922838744,110.66200486732566,10.4,239.0,10.617685075820003
14:16:45,2025-06-07,-0.938941,54.201114,17.87001692615507,111.06942354480464,10.4,239.0,11.477072289374366
14:16:46,2025-06-07,-0.93887,54.201098,16.676280811272573,115.67899831309586,10.4,239.0,10.963257702085876
14:16:47,2025-06-07,-0.938806,54.20108,16.77886124572313,112.51110250757245,10.4,239.0,10.594324362829
14:16:48,2025-06-07,-0.93874,54.201064,18.876188346114994,123.56085665322581,10.4,239.0,14.408845735317017
14:16:49,2025-06-07,-0.938673,54.201038,17.650954044190307,111.34346206404325,10.4,239.0,11.297316604911275
14:16:50,2025-06-07,-0.938603,54.201022,17.957592806101804,113.73040732533082,10.4,239.0,11.95237891792673
14:16:51,2025-06-07,-0.938533,54.201004,17.811542058132172,105.69664292655477,10.4,239.0,10.678587726766672
14:16:52,2025-06-07,-0.93846,54.200992,16.62989895366048,111.2330011147535,10.4,239.0,10.260399817432909
14:16:53,2025-06-07,-0.938394,54.200977,16.48930521082421,109.93239578984992,10.4,239.0,9.934841245280095
14:16:54,2025-06-07,-0.938328,54.200963,18.89104868592578,111.18138751017653,10.4,239.0,12.514146179341077
14:16:55,2025-06-07,-0.938253,54.200946,19.05715958088441,118.97776220294202,10.4,239.0,13.853664281113295
14:16:56,2025-06-07,-0.938182,54.200923,18.83959067312062,108.64507413731883,10.4,239.0,12.105376387401645
14:16:57,2025-06-07,-0.938106,54.200908,19.73250225793292,107.77285625633641,10.4,239.0,12.878425511330537
14:16:58,2025-06-07,-0.938026,54.200893,19.993188784772745,99.2474599857577,10.4,239.0,12.055273212174539
14:16:59,2025-06-07,-0.937942,54.200885,19.762482763434036,102.91634584590707,10.4,239.0,12.270808832769383
14:17:00,2025-06-07,-0.93786,54.200874,20.303518756674524,108.44726933009804,10.4,239.0,13.541983790469876
14:17:01,2025-06-07,-0.937778,54.200858,20.71456018762762,111.60936060718791,10.4,239.0,14.399201315588718
14:17:02,2025-06-07,-0.937696,54.200839,20.404972928418164,107.16884486651702,10.4,239.0,13.468820521172848
14:17:03,2025-06-07,-0.937613,54.200824,20.629606865663966,106.97626551436753,10.4,239.0,13.667447579418457
14:17:04,2025-06-07,-0.937529,54.200809,20.854468131997162,106.7878352588018,10.4,239.0,13.866938409298573
14:17:05,2025-06-07,-0.937444,54.200794,20.450179583584067,102.47496498888904,10.4,239.0,12.90315881681075
14:17:06,2025-06-07,-0.937359,54.200783,23.67344661291453,105.74782124906562,10.4,239.0,16.54725546665498
14:17:07,2025-06-07,-0.937262,54.200767,21.138978079384202,102.0623366974342,10.4,239.0,13.540620893036973
14:17:08,2025-06-07,-0.937174,54.200756,22.601379132772156,102.3112278624642,10.4,239.0,15.03394030788149
14:17:09,2025-06-07,-0.93708,54.200744,21.828798302054057,101.67576423573098,10.4,239.0,14.182703879471857
14:17:10,2025-06-07,-0.936989,54.200733,22.60139111018202,102.31122121578488,10.4,239.0,15.03395145770218
14:17:11,2025-06-07,-0.936895,54.200721,23.114090007200623,105.10578354933034,10.4,239.0,15.903467461958684
14:17:12,2025-06-07,-0.9368,54.200706,21.79534044500159,97.41108902545062,10.4,239.0,13.64617889767552
14:17:13,2025-06-07,-0.936708,54.200699,24.210837314849137,101.48141854711957,10.4,239.0,16.540874785759684
14:17:14,2025-06-07,-0.936607,54.200687,23.29056949431188,101.94154389548862,10.4,239.0,15.677258534982009
14:17:15,2025-06-07,-0.93651,54.200675,22.660736434631623,105.41532345739358,10.4,239.0,15.49070766652073
14:17:16,2025-06-07,-0.936417,54.20066,22.691738902266408,112.90820013832342,10.4,239.0,16.565299494537243
14:17:17,2025-06-07,-0.936328,54.200638,24.825809182610982,125.58846061671034,10.4,239.0,20.693548909446108
14:17:18,2025-06-07,-0.936242,54.200602,21.65829143634451,137.80227042307172,10.4,239.0,19.63865845071657
14:17:19,2025-06-07,-0.93618,54.200562,22.40077165671466,158.50961226869026,10.4,239.0,24.118987568785016
14:17:20,2025-06-07,-0.936145,54.20051,21.765584636645272,173.81758135582766,10.4,239.0,26.13078304850477
14:17:21,2025-06-07,-0.936135,54.200456,23.33724860983566,185.1864350597109,10.4,239.0,29.47756045918351
14:17:22,2025-06-07,-0.936144,54.200398,22.714873419673314,188.90491995642526,10.4,239.0,29.386634674222883
14:17:23,2025-06-07,-0.936159,54.200342,21.886970897276406,188.62346070314257,10.4,239.0,28.51946102830418
14:17:24,2025-06-07,-0.936173,54.200288,19.870980150309784,188.8214729745369,10.4,239.0,26.531115058181072
14:17:25,2025-06-07,-0.936186,54.200239,19.948605233323452,190.15223352473836,10.4,239.0,26.792449579076475
14:17:26,2025-06-07,-0.936201,54.20019,18.246679982618208,194.88980612429378,10.4,239.0,25.713905690309808
14:17:27,2025-06-07,-0.936221,54.200146,18.246681142306674,194.88982127760607,10.4,239.0,25.713908764486785
14:17:28,2025-06-07,-0.936241,54.200102,17.859783194833355,195.220218929459,10.4,239.0,25.36862928145012
14:17:29,2025-06-07,-0.936261,54.200059,20.085103908559695,192.12743782155403,10.4,239.0,27.194786807526935
14:17:30,2025-06-07,-0.936279,54.20001,20.42978080157458,191.24853610144967,10.4,239.0,27.422198907009623
14:17:31,2025-06-07,-0.936296,54.19996,24.21934795682937,196.30311857601745,10.4,239.0,31.86284361817347
14:17:32,2025-06-07,-0.936325,54.199902,24.65304433020788,199.44267840687363,10.4,239.0,32.671317788620556
14:17:33,2025-06-07,-0.93636,54.199844,25.12160725550373,196.81637790136946,10.4,239.0,32.82797164808461
14:17:34,2025-06-07,-0.936391,54.199784,23.705053637922024,195.4873641258975,10.4,239.0,31.24736810907011
14:17:35,2025-06-07,-0.936418,54.199727,22.361009967966947,194.57331766935025,10.4,239.0,29.788136404934683
14:17:36,2025-06-07,-0.936442,54.199673,23.52625184240888,193.83656074515065,10.4,239.0,30.85915505517447
14:17:37,2025-06-07,-0.936466,54.199616,23.58366585434287,194.38961313694372,10.4,239.0,30.987412797184188
14:17:38,2025-06-07,-0.936491,54.199559,24.98390139254008,191.91304821417134,10.4,239.0,32.065133227607454
14:17:39,2025-06-07,-0.936513,54.199498,23.31887426955289,191.59893170681073,10.4,239.0,30.358241616127213
14:17:40,2025-06-07,-0.936533,54.199441,24.154328482948998,195.7695519514464,10.4,239.0,31.73181781404111
14:17:41,2025-06-07,-0.936561,54.199383,26.596459645238713,195.33381217195802,10.4,239.0,34.119556868534694
14:17:42,2025-06-07,-0.936591,54.199319,26.087859802404857,194.57345857062762,10.4,239.0,33.515004142159604
14:17:43,2025-06-07,-0.936619,54.199256,25.76852575263279,191.5452525363319,10.4,239.0,32.800717700959034
14:17:44,2025-06-07,-0.936641,54.199193,25.45819507290571,187.40653647735923,10.4,239.0,31.9190617696264
14:17:45,2025-06-07,-0.936655,54.19913,27.38607679906579,191.35460110597745,10.4,239.0,34.39273415406196
14:17:46,2025-06-07,-0.936678,54.199063,26.362999180691215,193.36807284560211,10.4,239.0,33.635356256713344
14:17:47,2025-06-07,-0.936704,54.198999,28.592279480254515,194.72512789181053,10.4,239.0,36.03866871603658
14:17:48,2025-06-07,-0.936735,54.19893,25.824583587309863,195.80426124634022,10.4,239.0,33.40638677289847
14:17:49,2025-06-07,-0.936765,54.198868,25.95677229061117,196.80024062529233,10.4,239.0,33.66116943061025
14:17:50,2025-06-07,-0.936797,54.198806,27.02021010179718,200.84174729137501,10.4,239.0,35.19780575150137
14:17:51,2025-06-07,-0.936838,54.198743,22.757437477028105,198.0034785119041,10.4,239.0,30.60683133219103
14:17:52,2025-06-07,-0.936868,54.198689,25.439331526890125,196.05019216766593,10.4,239.0,33.051620514125325
14:17:53,2025-06-07,-0.936898,54.198628,21.914399799259776,194.24411551466906,10.4,239.0,29.299575696063766
14:17:54,2025-06-07,-0.936921,54.198575,22.376782462095345,198.32073911003226,10.4,239.0,30.263833829800895
14:17:55,2025-06-07,-0.936951,54.198522,20.36488818761015,195.35398992135285,10.4,239.0,27.890513771888813
14:17:56,2025-06-07,-0.936974,54.198473,20.813927044678408,195.684232737829,10.4,239.0,28.380800637521133
14:17:57,2025-06-07,-0.936998,54.198423,16.991380955391524,199.34047951788378,10.4,239.0,24.99782774665045
14:17:58,2025-06-07,-0.937022,54.198383,20.043653670778035,196.30370380025894,10.4,239.0,27.687221366025863
14:17:59,2025-06-07,-0.937046,54.198335,19.418577789182237,198.2960530950789,10.4,239.0,27.302707690947
14:18:00,2025-06-07,-0.937072,54.198289,19.275920458785638,196.97262426848144,10.4,239.0,27.001300794718155
14:18:01,2025-06-07,-0.937096,54.198243,18.75821990843232,195.9600947292401,10.4,239.0,26.359356591025758
14:18:02,2025-06-07,-0.937118,54.198198,19.208507639220375,196.30377213023007,10.4,239.0,26.85208374499495
14:18:03,2025-06-07,-0.937141,54.198152,18.758222772161893,195.96012808148473,10.4,239.0,26.359363586591655
14:18:04,2025-06-07,-0.937163,54.198107,16.63848249546805,195.5289047952098,10.4,239.0,24.18598653701059
14:18:05,2025-06-07,-0.937182,54.198067,17.295062489282387,198.16790563526942,10.4,239.0,25.164003276333617
14:18:06,2025-06-07,-0.937205,54.198026,16.8412890746086,197.83518560801807,10.4,239.0,24.670609496051647
14:18:07,2025-06-07,-0.937227,54.197986,16.770670083420086,197.07266762300793,10.4,239.0,24.50819602221191
14:18:08,2025-06-07,-0.937248,54.197946,16.411329592207988,192.37299765190463,10.4,239.0,23.55347774291062
14:18:09,2025-06-07,-0.937263,54.197906,16.77067267976652,197.07269874957552,10.4,239.0,24.508202393760257
14:18:10,2025-06-07,-0.937284,54.197866,15.03275374429666,196.30389225830513,10.4,239.0,22.676344636241506
14:18:11,2025-06-07,-0.937302,54.19783,18.078056318145887,192.73591462473797,10.4,239.0,25.26794501577327
14:18:12,2025-06-07,-0.937319,54.197786,16.463386751129942,193.1700158580582,10.4,239.0,23.710001007191398
14:18:13,2025-06-07,-0.937335,54.197746,19.598062844620518,191.0340300528478,10.4,239.0,26.561610283504503
14:18:14,2025-06-07,-0.937351,54.197698,16.631202525276514,188.91973706777696,10.4,239.0,23.305026712075307
14:18:15,2025-06-07,-0.937362,54.197657,17.541744760763326,190.78353186421143,10.4,239.0,24.471453787313333
14:18:16,2025-06-07,-0.937376,54.197614,17.10479276239931,190.26328793066685,10.4,239.0,23.96380245403342
14:18:17,2025-06-07,-0.937389,54.197572,19.8710021332755,188.8220436481032,10.4,239.0,26.531216598901757
14:18:18,2025-06-07,-0.937402,54.197523,19.4070023086367,187.63560304114515,10.4,239.0,25.900399405466814
14:18:19,2025-06-07,-0.937413,54.197475,24.45354651044692,181.64795705629467,10.4,239.0,30.064094165280146
14:18:20,2025-06-07,-0.937416,54.197414,23.6524681066039,178.29620994860193,10.4,239.0,28.74144565507723
14:18:21,2025-06-07,-0.937413,54.197355,27.574614670669565,171.19755327262635,10.4,239.0,31.503747656183062
14:18:22,2025-06-07,-0.937395,54.197287,29.14917701846673,167.4580089864354,10.4,239.0,32.44191646788351
14:18:23,2025-06-07,-0.937368,54.197216,29.279166385874152,160.83216116309052,10.4,239.0,31.411639332790074
14:18:24,2025-06-07,-0.937327,54.197147,35.65093653655757,160.80117334770694,10.4,239.0,37.77790395377692
14:18:25,2025-06-07,-0.937277,54.197063,36.56907717952273,162.46165223479898,10.4,239.0,38.99014007855138
14:18:26,2025-06-07,-0.93723,54.196976,42.34429950854531,162.93449628970825,10.4,239.0,44.848748904267495
14:18:27,2025-06-07,-0.937177,54.196875,41.87007135706688,161.38543855142575,10.4,239.0,44.10073723494772
14:18:28,2025-06-07,-0.93712,54.196776,42.799719592267145,159.47394463606201,10.4,239.0,44.690318636506056
14:18:29,2025-06-07,-0.937056,54.196676,45.838782683934575,159.33116284226082,10.4,239.0,47.70389079124432
14:18:30,2025-06-07,-0.936987,54.196569,50.79674805830611,158.61181139089183,10.4,239.0,52.53325689935697
14:18:31,2025-06-07,-0.936908,54.196451,46.127299377573244,152.43903037787663,10.4,239.0,46.75115761850995
14:18:32,2025-06-07,-0.936817,54.196349,41.14403274903123,147.97993481691526,10.4,239.0,40.95888617149764
14:18:33,2025-06-07,-0.936724,54.196262,51.20720009565559,143.770307982355,10.4,239.0,50.259254045456636
14:18:34,2025-06-07,-0.936595,54.196159,44.216462215693404,140.44664377785642,10.4,239.0,42.6696664740679
14:18:35,2025-06-07,-0.936475,54.196074,42.935871207155266,143.44409117792713,10.4,239.0,41.92897433015553
14:18:36,2025-06-07,-0.936366,54.195988,42.55710563231557,141.46381461064902,10.4,239.0,41.19312153240358
14:18:37,2025-06-07,-0.936253,54.195905,46.08417008259041,146.64930802731442,10.4,239.0,45.657605702419744
14:18:38,2025-06-07,-0.936145,54.195809,41.200020129205214,142.0448906541626,10.4,239.0,39.94066690290907
14:18:39,2025-06-07,-0.936037,54.195728,44.36684664541002,140.2127097923193,10.4,239.0,42.77807383828271
14:18:40,2025-06-07,-0.935916,54.195643,44.975765260204426,140.08023544559194,10.4,239.0,43.36323298493596
14:18:41,2025-06-07,-0.935793,54.195557,46.86496542409848,136.68282926865436,10.4,239.0,44.64640431688476
14:18:42,2025-06-07,-0.935656,54.195472,46.52054394971531,137.86291817956527,10.4,239.0,44.511710955911845
14:18:43,2025-06-07,-0.935523,54.195386,45.777977339230695,142.0445983805834,10.4,239.0,44.518571451524494
14:18:44,2025-06-07,-0.935403,54.195296,42.121199980021565,142.212312285441,10.4,239.0,40.89201787213965
14:18:45,2025-06-07,-0.935293,54.195213,43.608662887445,140.58582461635592,10.4,239.0,42.086854005551245
14:18:46,2025-06-07,-0.935175,54.195129,40.86993327221961,138.2371330669281,10.4,239.0,38.927788802707866
14:18:47,2025-06-07,-0.935059,54.195053,41.01423866609012,138.8548284149524,10.4,239.0,39.182353059208324
14:18:48,2025-06-07,-0.934944,54.194976,41.551222403059825,143.2348587116178,10.4,239.0,40.50653206754302
14:18:49,2025-06-07,-0.934838,54.194893,37.86608110029637,149.0583016949313,10.4,239.0,37.87666368644499
14:18:50,2025-06-07,-0.934755,54.194812,38.20094940010289,146.02404166592612,10.4,239.0,37.66101342715731
14:18:51,2025-06-07,-0.934664,54.194733,33.237191203464036,145.12820589466742,10.4,239.0,32.53494018168458
14:18:52,2025-06-07,-0.934583,54.194665,32.31117344309344,144.99766030611124,10.4,239.0,31.585282463514353
14:18:53,2025-06-07,-0.934504,54.194599,32.17677512002861,145.33981121334762,10.4,239.0,31.512850515479013
14:18:54,2025-06-07,-0.934426,54.194533,38.73494363436783,144.87266104920315,10.4,239.0,37.98642058908788
14:18:55,2025-06-07,-0.934331,54.194454,35.633162750211824,144.12662533992784,10.4,239.0,34.74964206098759
14:18:56,2025-06-07,-0.934242,54.194382,33.9307317645274,148.3029880253667,10.4,239.0,33.8042172846963
14:18:57,2025-06-07,-0.934166,54.19431,34.73657057414216,148.66873096236884,10.4,239.0,34.6764408608184
14:18:58,2025-06-07,-0.934089,54.194236,32.073233743721154,148.22366687628266,10.4,239.0,31.932322536828845
14:18:59,2025-06-07,-0.934017,54.194168,36.29086185236778,147.11228732943306,10.4,239.0,35.948277104132636
14:19:00,2025-06-07,-0.933933,54.194092,30.00277391857245,147.34984753624434,10.4,239.0,29.70328915107516
14:19:01,2025-06-07,-0.933864,54.194029,34.02359197471324,150.6933944633226,10.4,239.0,34.330922439893556
14:19:02,2025-06-07,-0.933793,54.193955,30.930027096151413,153.42324761111854,10.4,239.0,31.732112258677365
14:19:03,2025-06-07,-0.933734,54.193886,30.518774085930602,158.82943594619826,10.4,239.0,32.29421772064741
14:19:04,2025-06-07,-0.933687,54.193815,30.649710548865574,165.37754542600533,10.4,239.0,33.58215147877004
14:19:05,2025-06-07,-0.933654,54.193741,29.920464087840045,172.34516146466297,10.4,239.0,34.04166495323659
14:19:06,2025-06-07,-0.933637,54.193667,30.076280058982277,177.7664119501958,10.4,239.0,35.081174821866156
14:19:07,2025-06-07,-0.933632,54.193592,28.898039387657384,183.25546485879633,10.4,239.0,34.752030544517126
14:19:08,2025-06-07,-0.933639,54.19352,28.6139991815155,186.11431679043034,10.4,239.0,34.889434740643246
14:19:09,2025-06-07,-0.933652,54.193449,29.786376819588646,185.41961281926507,10.4,239.0,35.96079830540451
14:19:10,2025-06-07,-0.933664,54.193375,26.9717711652393,185.4866209496534,10.4,239.0,33.15597582192861
14:19:11,2025-06-07,-0.933675,54.193308,29.065691337224244,186.94928278069645,10.4,239.0,35.46131382674891
14:19:12,2025-06-07,-0.93369,54.193236,28.242017152719214,186.67388161492715,10.4,239.0,34.598146630879604
14:19:13,2025-06-07,-0.933704,54.193166,27.349475190143256,184.91747885233548,10.4,239.0,33.45031740361797
14:19:14,2025-06-07,-0.933714,54.193098,29.285855859339605,182.7530516052844,10.4,239.0,35.06424683373204
14:19:15,2025-06-07,-0.93372,54.193025,26.06316499994388,182.06195955986922,10.4,239.0,31.736839794548104
14:19:16,2025-06-07,-0.933724,54.19296,27.68497769508525,182.91239096911548,10.4,239.0,33.4873935044616
14:19:17,2025-06-07,-0.93373,54.192891,24.157211821580862,185.56929666360938,10.4,239.0,30.353475454810045
14:19:18,2025-06-07,-0.93374,54.192831,25.003585413914475,186.46050666135312,10.4,239.0,31.329015536556277
14:19:19,2025-06-07,-0.933752,54.192769,24.515545947319207,184.38766778085778,10.4,239.0,30.538245358248723
14:19:20,2025-06-07,-0.93376,54.192708,22.845356996789363,178.8239698760625,10.4,239.0,28.01766127712234
14:19:21,2025-06-07,-0.933758,54.192651,22.441041733800322,179.40142157038326,10.4,239.0,27.70401543798881
14:19:22,2025-06-07,-0.933757,54.192595,23.643111706697727,180.5681450977509,10.4,239.0,29.08763950079745
14:19:23,2025-06-07,-0.933758,54.192536,20.8422665734758,181.28907866699842,10.4,239.0,26.397855278156996
14:19:24,2025-06-07,-0.93376,54.192484,20.436256286611176,180.0,10.4,239.0,25.79265226567574
14:19:25,2025-06-07,-0.93376,54.192433,19.234123409820413,180.0,10.4,239.0,24.590519388884978
14:19:26,2025-06-07,-0.93376,54.192385,21.63838864808564,180.0,10.4,239.0,26.994784627150203
14:19:27,2025-06-07,-0.93376,54.192331,20.03554486796397,180.0,10.4,239.0,25.391940847028536
14:19:28,2025-06-07,-0.93376,54.192281,18.43869139740604,178.5428401754791,10.4,239.0,23.566662964982648
14:19:29,2025-06-07,-0.933758,54.192235,18.03811344490657,181.48952834541063,10.4,239.0,23.624426198354346
14:19:30,2025-06-07,-0.93376,54.19219,19.703612564959588,184.77774941346118,10.4,239.0,25.78389620295286
14:19:31,2025-06-07,-0.933767,54.192141,18.905106699022973,184.98006181497757,10.4,239.0,25.015145068078223
14:19:32,2025-06-07,-0.933774,54.192094,19.74840041356547,186.1335746546789,10.4,239.0,26.026623106949216
14:19:33,2025-06-07,-0.933783,54.192045,18.839274202140224,181.42617754131464,10.4,239.0,24.41588419383968
14:19:34,2025-06-07,-0.933785,54.191998,21.249373182329546,181.8967863205301,10.4,239.0,26.897897678656054
14:19:35,2025-06-07,-0.933788,54.191945,19.640456418048267,181.36799217802357,10.4,239.0,25.20814877636342
14:19:36,2025-06-07,-0.93379,54.191896,21.237676013139144,180.0,10.4,239.0,26.59407199220371
14:19:37,2025-06-07,-0.93379,54.191843,21.64348984297722,181.24137110446986,10.4,239.0,27.191756109624507
14:19:38,2025-06-07,-0.933792,54.191789,19.64045594697424,178.6320026612027,10.4,239.0,24.782501400697058
14:19:39,2025-06-07,-0.93379,54.19174,20.448409143350307,178.02887527454652,10.4,239.0,25.49501267458274
14:19:40,2025-06-07,-0.933787,54.191689,21.242874732641013,178.7352096567646,10.4,239.0,26.40119538210095
14:19:41,2025-06-07,-0.933785,54.191636,21.270150908113667,183.15928787254552,10.4,239.0,27.109704576924745
14:19:42,2025-06-07,-0.93379,54.191583,21.765607219940875,186.18374383151348,10.4,239.0,28.051087419836943
14:19:43,2025-06-07,-0.9338,54.191529,22.45087800224007,181.79526162666662,10.4,239.0,28.083920413504487
14:19:44,2025-06-07,-0.933803,54.191473,21.63966127366005,179.37923604329114,10.4,239.0,26.89916130077489
14:19:45,2025-06-07,-0.933802,54.191419,24.061017039834258,177.76629140601642,10.4,239.0,29.06589262251549
14:19:46,2025-06-07,-0.933798,54.191359,22.100396204869735,175.74133963124598,10.4,239.0,26.78001619290892
14:19:47,2025-06-07,-0.933791,54.191304,22.47054537826052,177.00961965240458,10.4,239.0,27.354591280661033
14:19:48,2025-06-07,-0.933786,54.191248,21.719893442072404,175.04604892528664,10.4,239.0,26.28646449761818
14:19:49,2025-06-07,-0.933778,54.191194,23.11090136047761,171.24694819725664,10.4,239.0,27.048334276209562
14:19:50,2025-06-07,-0.933763,54.191137,22.004053264411656,169.5634913344668,10.4,239.0,25.657002546041273
14:19:51,2025-06-07,-0.933746,54.191083,23.110902378733847,171.24692505785606,10.4,239.0,27.048331406989636
14:19:52,2025-06-07,-0.933731,54.191026,23.526501960812368,166.1606553889162,10.4,239.0,26.59504273382513
14:19:53,2025-06-07,-0.933707,54.190969,22.233575442145575,162.82350623832042,10.4,239.0,24.718466747250126
14:19:54,2025-06-07,-0.933679,54.190916,23.211829538898556,161.7486664125206,10.4,239.0,25.506846766143887
14:19:55,2025-06-07,-0.933648,54.190861,23.068650312256874,162.85496025088878,10.4,239.0,25.55908523017209
14:19:56,2025-06-07,-0.933619,54.190806,24.4274676810134,162.1095289749402,10.4,239.0,26.786325878085513
14:19:57,2025-06-07,-0.933587,54.190748,23.066329876430135,159.77672452839943,10.4,239.0,25.010945391195197
14:19:58,2025-06-07,-0.933553,54.190694,22.985993278081942,160.32522926657816,10.4,239.0,25.02832367708813
14:19:59,2025-06-07,-0.93352,54.19064,24.699065925404128,157.67742713139114,10.4,239.0,26.26812818082087
14:20:00,2025-06-07,-0.93348,54.190583,22.452324936750326,161.1078489012698,10.4,239.0,24.633751005914668
14:20:01,2025-06-07,-0.933449,54.19053,20.18121250884569,162.41528619155952,10.4,239.0,22.594089743130766
14:20:02,2025-06-07,-0.933423,54.190482,23.00034247663724,163.41301425731126,10.4,239.0,25.589005294314063
14:20:03,2025-06-07,-0.933395,54.190427,21.31880411938492,160.0613428909753,10.4,239.0,23.314146566139073
14:20:04,2025-06-07,-0.933364,54.190377,22.870328710736644,164.53907631634524,10.4,239.0,25.656442117148394
14:20:05,2025-06-07,-0.933338,54.190322,23.583959772449663,165.60728513896902,10.4,239.0,26.556386013506195
14:20:06,2025-06-07,-0.933313,54.190265,24.251884416633278,167.15130260267824,10.4,239.0,27.49176933635318
14:20:07,2025-06-07,-0.93329,54.190206,22.69216723340653,166.25116066181306,10.4,239.0,25.776400812921732
14:20:08,2025-06-07,-0.933267,54.190151,24.360941020488355,166.07582190806875,10.4,239.0,27.414765472500978
14:20:09,2025-06-07,-0.933242,54.190092,23.47130325342799,166.71614472835665,10.4,239.0,26.636038734180698
14:20:10,2025-06-07,-0.933219,54.190035,23.972255504437598,165.84528486134946,10.4,239.0,26.98605427304024
14:20:11,2025-06-07,-0.933194,54.189977,24.286942543384097,163.16218289826713,10.4,239.0,26.831484196322414
14:20:12,2025-06-07,-0.933164,54.189919,25.566577866848753,160.15992495483442,10.4,239.0,27.579478970390166
14:20:13,2025-06-07,-0.933127,54.189859,25.342912731276147,156.54963890670672,10.4,239.0,26.70931770509287
14:20:14,2025-06-07,-0.933084,54.189801,24.707452894205012,155.310636240117,10.4,239.0,25.85060867978649
14:20:15,2025-06-07,-0.93304,54.189745,26.722003917930525,152.27350786383477,10.4,239.0,27.315869008172495
14:20:16,2025-06-07,-0.932987,54.189686,26.360429110045473,150.10800472090284,10.4,239.0,26.561535212132895
14:20:17,2025-06-07,-0.932931,54.189629,26.501933995093506,147.91645566717438,10.4,239.0,26.305266989830802
14:20:18,2025-06-07,-0.932871,54.189573,24.5909046056067,143.0466117921377,10.4,239.0,23.512223301936558
14:20:19,2025-06-07,-0.932808,54.189524,26.622887781458374,144.4302777635911,10.4,239.0,25.794297227170816
14:20:20,2025-06-07,-0.932742,54.18947,24.63562972439717,144.47956644211723,10.4,239.0,23.81595763257495
14:20:21,2025-06-07,-0.932681,54.18942,23.76872353387268,145.75938053813906,10.4,239.0,23.18081851387526
14:20:22,2025-06-07,-0.932624,54.189371,24.499652748923126,144.926124604719,10.4,239.0,23.760809257046052
14:20:23,2025-06-07,-0.932564,54.189321,23.790053112295567,140.85214764110754,10.4,239.0,22.31608158090964
14:20:24,2025-06-07,-0.9325,54.189275,23.78474138243774,139.36506544002128,10.4,239.0,22.044094419999517
14:20:25,2025-06-07,-0.932434,54.18923,23.49576120523887,141.73970459953114,10.4,239.0,22.18143812645514
14:20:26,2025-06-07,-0.932372,54.189184,24.773166890868758,144.0376708429685,10.4,239.0,23.87355913635825
14:20:27,2025-06-07,-0.93231,54.189134,23.035781197907532,141.58022812589354,10.4,239.0,21.692748087752122
14:20:28,2025-06-07,-0.932249,54.189089,24.912125335541855,143.6007862991833,10.4,239.0,23.933540968205488
14:20:29,2025-06-07,-0.932186,54.189039,24.6357153170704,144.47928396879695,10.4,239.0,23.815992111822723
14:20:30,2025-06-07,-0.932125,54.188989,24.984545865688396,148.27422933912817,10.4,239.0,24.852811677133765
14:20:31,2025-06-07,-0.932069,54.188936,23.591378459068427,148.19189880609088,10.4,239.0,23.444701446260996
14:20:32,2025-06-07,-0.932016,54.188886,24.85058287588409,150.6011360804556,10.4,239.0,25.141174052935053
14:20:33,2025-06-07,-0.931964,54.188832,24.047460313044546,152.08012619043848,10.4,239.0,24.606277833628003
14:20:34,2025-06-07,-0.931916,54.188779,21.668548808051995,155.0283415172289,10.4,239.0,22.760760900352356
14:20:35,2025-06-07,-0.931877,54.18873,23.32005115441468,158.1534496532413,10.4,239.0,24.974474100410447
14:20:36,2025-06-07,-0.93184,54.188676,26.18855629717464,159.008965153664,10.4,239.0,27.99609990347984
14:20:37,2025-06-07,-0.9318,54.188615,26.105129499279954,159.48953096528976,10.4,239.0,27.998510474214818
14:20:38,2025-06-07,-0.931761,54.188554,25.5292844918959,166.72465228246142,10.4,239.0,28.69549094549819
14:20:39,2025-06-07,-0.931736,54.188492,24.59224563869729,167.8910658439837,10.4,239.0,27.959452502560687
14:20:40,2025-06-07,-0.931714,54.188432,25.126988618265678,171.4132466079801,10.4,239.0,29.09234344924008
14:20:41,2025-06-07,-0.931698,54.18837,24.696225157735842,171.81231846403227,10.4,239.0,28.72844842817099
14:20:42,2025-06-07,-0.931683,54.188309,24.60548919408855,173.43378890148745,10.4,239.0,28.907359891699777
14:20:43,2025-06-07,-0.931671,54.188248,24.116032271689615,175.53901134512523,10.4,239.0,28.762825584807324
14:20:44,2025-06-07,-0.931663,54.188188,22.84171429878121,179.4118586974804,10.4,239.0,28.10632191297339
14:20:45,2025-06-07,-0.931662,54.188131,23.251906674611252,181.73353698015265,10.4,239.0,28.87552769080952
14:20:46,2025-06-07,-0.931665,54.188073,21.27014386547158,183.15955963446908,10.4,239.0,27.10973835268438
14:20:47,2025-06-07,-0.93167,54.18802,23.245967466015706,181.15589036178346,10.4,239.0,28.78110402662316
14:20:48,2025-06-07,-0.931672,54.187962,22.845339998818066,181.1761651139826,10.4,239.0,28.383591844729143
14:20:49,2025-06-07,-0.931674,54.187905,22.851382790234872,181.7639404559641,10.4,239.0,28.47964528371408
14:20:50,2025-06-07,-0.931677,54.187848,22.870709513495175,182.93825554196178,10.4,239.0,28.67702089714889
14:20:51,2025-06-07,-0.931682,54.187791,21.638372038906837,180.0,10.4,239.0,26.994768017971403
14:20:52,2025-06-07,-0.931682,54.187737,26.047248506547692,180.51576459137334,10.4,239.0,31.483673201877895
14:20:53,2025-06-07,-0.931683,54.187672,24.047228978731404,181.11738007723562,10.4,239.0,29.576446393667418
14:20:54,2025-06-07,-0.931685,54.187612,22.851381827927845,181.76395294943944,10.4,239.0,28.479646228369308
14:20:55,2025-06-07,-0.931688,54.187555,24.854057567132745,178.37821959084977,10.4,239.0,29.95601193180317
14:20:56,2025-06-07,-0.931685,54.187493,24.461414413870894,177.80266487262998,10.4,239.0,29.472076499460634
14:20:57,2025-06-07,-0.931681,54.187432,24.071331772818308,177.2083904977785,10.4,239.0,28.98720189537041
14:20:58,2025-06-07,-0.931676,54.187372,24.915092179735655,175.68226967504586,10.4,239.0,29.58513439870121
14:20:59,2025-06-07,-0.931668,54.18731,24.15722030350072,174.4299561115581,10.4,239.0,28.623056931288072
14:21:00,2025-06-07,-0.931658,54.18725,25.060971135637796,172.47321205038895,10.4,239.0,29.203501891627717
14:21:01,2025-06-07,-0.931644,54.187188,24.411944378753073,170.04362763767608,10.4,239.0,28.146363031337657
14:21:02,2025-06-07,-0.931626,54.187128,24.418777703657273,165.5407663390904,10.4,239.0,27.379631491048734
14:21:03,2025-06-07,-0.9316,54.187069,24.7389915463875,162.91009719181216,10.4,239.0,27.239142263098845
14:21:04,2025-06-07,-0.931569,54.18701,24.95572008607905,161.3658566625844,10.4,239.0,27.182914164031743
14:21:05,2025-06-07,-0.931535,54.186951,24.239458830226706,157.8285899961728,10.4,239.0,25.835639732065026
14:21:06,2025-06-07,-0.931496,54.186895,24.88206535339239,156.676286233778,10.4,239.0,26.271255988001304
14:21:07,2025-06-07,-0.931454,54.186838,25.83424207816644,154.16104964665556,10.4,239.0,26.76977974857331
14:21:08,2025-06-07,-0.931406,54.18678,24.623139346743812,151.5510965584163,10.4,239.0,25.086046719292103
14:21:09,2025-06-07,-0.931356,54.186726,26.45857041609981,155.3749472486079,10.4,239.0,27.61332810914302
14:21:10,2025-06-07,-0.931309,54.186666,25.534276460090695,155.5822550152693,10.4,239.0,26.72642314658922
14:21:11,2025-06-07,-0.931264,54.186608,26.823226170378515,155.73167794935716,10.4,239.0,28.042312380681636
14:21:12,2025-06-07,-0.931217,54.186547,27.020186430128966,154.8247032090652,10.4,239.0,28.07563285246078
14:21:13,2025-06-07,-0.931168,54.186486,27.020193429721946,154.82467066751542,10.4,239.0,28.075633975795146
14:21:14,2025-06-07,-0.931119,54.186425,26.10529119365121,159.48853492242188,10.4,239.0,27.99849439376162
14:21:15,2025-06-07,-0.93108,54.186364,27.314175679605345,162.5113164220545,10.4,239.0,29.744004753393742
14:21:16,2025-06-07,-0.931045,54.186299,27.11019176774919,163.92962574607668,10.4,239.0,29.789569141233194
14:21:17,2025-06-07,-0.931013,54.186234,25.313630709368205,164.9654815210988,10.4,239.0,28.17423581299974
14:21:18,2025-06-07,-0.930985,54.186173,28.42132422216663,166.64227880502165,10.4,239.0,31.573285210004627
14:21:19,2025-06-07,-0.930957,54.186104,24.151571647811405,168.23488212813186,10.4,239.0,27.5777635559875
14:21:20,2025-06-07,-0.930936,54.186045,33.858893013441005,169.22256427998684,10.4,239.0,37.453837826153126
14:21:21,2025-06-07,-0.930909,54.185962,31.06097524524395,168.67985099439056,10.4,239.0,34.5633224462704
14:21:22,2025-06-07,-0.930883,54.185886,29.592107644070982,167.17999460918668,10.4,239.0,32.83694099996728
14:21:23,2025-06-07,-0.930855,54.185814,30.2290717049003,168.81743992933934,10.4,239.0,33.75492436019163
14:21:24,2025-06-07,-0.93083,54.18574,32.33286873067685,168.28304280168993,10.4,239.0,35.767313270547646
14:21:25,2025-06-07,-0.930802,54.185661,32.9272135766803,166.8262424970634,10.4,239.0,36.11097977540906
14:21:26,2025-06-07,-0.93077,54.185581,32.59235223995084,166.26423454843132,10.4,239.0,35.67885207950101
14:21:27,2025-06-07,-0.930737,54.185502,32.3815261881735,167.87668707523312,10.4,239.0,35.74626357751057
14:21:28,2025-06-07,-0.930708,54.185423,33.656298456103315,167.52587078204556,10.4,239.0,36.960719793821845
14:21:29,2025-06-07,-0.930677,54.185341,32.33287955709103,168.28293285464997,10.4,239.0,35.76730525961233
14:21:30,2025-06-07,-0.930649,54.185262,32.98506833832801,169.7623296190419,10.4,239.0,36.671787882136506
14:21:31,2025-06-07,-0.930624,54.185181,30.765320948426826,167.6766113935248,10.4,239.0,34.095674519287655
14:21:32,2025-06-07,-0.930596,54.185106,33.557692755576284,168.30768039413374,10.4,239.0,36.99635816268303
14:21:33,2025-06-07,-0.930567,54.185024,30.66821952312246,168.5326358268635,10.4,239.0,34.145394378859706
14:21:34,2025-06-07,-0.930541,54.184949,30.86928683210279,166.82602512428718,10.4,239.0,34.05301546887713
14:21:35,2025-06-07,-0.930511,54.184874,31.1587080619746,164.72603633750532,10.4,239.0,33.97750205793149
14:21:36,2025-06-07,-0.930476,54.184799,31.87201272561348,162.8818848192443,10.4,239.0,34.36719236824108
14:21:37,2025-06-07,-0.930436,54.184723,30.135375858355612,156.61052149742693,10.4,239.0,31.512735318884264
14:21:38,2025-06-07,-0.930385,54.184654,30.058996662183308,155.07577505648806,10.4,239.0,31.15977063020109
14:21:39,2025-06-07,-0.930331,54.184586,28.361807618882423,152.93893382359352,10.4,239.0,29.0762171561298
14:21:40,2025-06-07,-0.930276,54.184523,30.691216872585894,156.1036297584892,10.4,239.0,31.97732602884397
14:21:41,2025-06-07,-0.930223,54.184453,30.15900792697184,154.6715073342409,10.4,239.0,31.186786943888862
14:21:42,2025-06-07,-0.930168,54.184385,31.858584765152894,153.30857337693158,10.4,239.0,32.63991532496099
14:21:43,2025-06-07,-0.930107,54.184314,29.596596403765226,155.16038472992545,10.4,239.0,30.712640758346975
14:21:44,2025-06-07,-0.930054,54.184247,28.01713549897569,156.30399115154262,10.4,239.0,29.339326003992895
14:21:45,2025-06-07,-0.930006,54.184183,32.34768149871052,156.49418360831044,10.4,239.0,33.704107165031786
14:21:46,2025-06-07,-0.929951,54.184109,26.266078005040356,156.30392301477673,10.4,239.0,27.588256242620556
14:21:47,2025-06-07,-0.929906,54.184049,31.482284395967916,160.41161993530432,10.4,239.0,33.5399882656555
14:21:48,2025-06-07,-0.929861,54.183975,27.386008414573244,162.04234958058305,10.4,239.0,29.73298877338537
14:21:49,2025-06-07,-0.929825,54.18391,30.87254075197192,161.392513565164,10.4,239.0,33.10446094081691
14:21:50,2025-06-07,-0.929783,54.183837,29.819348197878874,162.6094988219902,10.4,239.0,32.266501967963684
14:21:51,2025-06-07,-0.929745,54.183766,28.53175551978154,162.78672311499008,10.4,239.0,31.010163033055257
14:21:52,2025-06-07,-0.929709,54.183698,29.040539373875607,165.0232041104291,10.4,239.0,31.911216354743452
14:21:53,2025-06-07,-0.929677,54.183628,30.275683934048935,168.3814762696503,10.4,239.0,33.72698810792397
14:21:54,2025-06-07,-0.929651,54.183554,30.49484699955132,170.25975305309794,10.4,239.0,34.26585249343028
14:21:55,2025-06-07,-0.929629,54.183479,28.87539196635597,170.1802435541132,10.4,239.0,32.632943887404565
14:21:56,2025-06-07,-0.929608,54.183408,29.491207074599423,168.0678097290595,10.4,239.0,32.88875135765055
14:21:57,2025-06-07,-0.929582,54.183336,30.971987033368148,169.52995605613,10.4,239.0,34.61923640940812
14:21:58,2025-06-07,-0.929558,54.18326,30.060536604874102,170.57099683653416,10.4,239.0,33.88413666605435
14:21:59,2025-06-07,-0.929537,54.183186,27.65079489582974,170.2341268432508,10.4,239.0,31.417465044546077
14:22:00,2025-06-07,-0.929517,54.183118,30.022842521595496,171.01245930710468,10.4,239.0,33.9208478659305
14:22:01,2025-06-07,-0.929497,54.183044,29.590760208926827,171.3397258914273,10.4,239.0,33.543774835117276
14:22:02,2025-06-07,-0.929478,54.182971,30.851365170628696,170.81477992896066,10.4,239.0,34.71608144352057
14:22:03,2025-06-07,-0.929457,54.182895,30.851366235529195,170.8147633338681,10.4,239.0,34.71607971188217
14:22:04,2025-06-07,-0.929436,54.182819,30.889841306127973,170.3853384282919,10.4,239.0,34.6820819350065
14:22:05,2025-06-07,-0.929414,54.182743,28.565890574455015,169.1159495911702,10.4,239.0,32.14267001069741
14:22:06,2025-06-07,-0.929391,54.182673,31.76035194495714,169.79254197864066,10.4,239.0,35.45219881452242
14:22:07,2025-06-07,-0.929367,54.182595,29.645364882550833,166.7370341578894,10.4,239.0,32.81371206204453
14:22:08,2025-06-07,-0.929338,54.182523,30.14129938498836,169.69125988165126,10.4,239.0,33.815953676770306
14:22:09,2025-06-07,-0.929315,54.182449,31.207444873414033,167.4122097241916,10.4,239.0,34.492297718976424
14:22:10,2025-06-07,-0.929286,54.182373,30.88984838653803,170.38523665843843,10.4,239.0,34.68207181459223
14:22:11,2025-06-07,-0.929264,54.182297,27.048486888966753,173.0283393425742,10.4,239.0,31.283246731953902
14:22:12,2025-06-07,-0.92925,54.18223,34.41615023204512,171.77310456025816,10.4,239.0,38.44181143862599
14:22:13,2025-06-07,-0.929229,54.182145,30.141306377877175,169.691167663467,10.4,239.0,33.81594501043495
14:22:14,2025-06-07,-0.929206,54.182071,33.81572011336805,169.61190225153723,10.4,239.0,37.47689546719858
14:22:15,2025-06-07,-0.92918,54.181988,29.16589546807063,164.13237823311397,10.4,239.0,31.88081611434496
14:22:16,2025-06-07,-0.929146,54.181918,31.70720302766922,161.45220686340087,10.4,239.0,33.9497047308572
14:22:17,2025-06-07,-0.929103,54.181843,28.770599308602485,158.97719625115633,10.4,239.0,30.572463892048425
14:22:18,2025-06-07,-0.929059,54.181776,29.977629608357592,159.38316206578963,10.4,239.0,31.852022523990687
14:22:19,2025-06-07,-0.929014,54.181706,28.3846488365943,156.62789657405756,10.4,239.0,29.765134276322563
14:22:20,2025-06-07,-0.928966,54.181641,28.29205419597228,157.06395880604953,10.4,239.0,29.750949993758294
14:22:21,2025-06-07,-0.928919,54.181576,28.605006641644483,159.85423621428538,10.4,239.0,30.563441708395402
14:22:22,2025-06-07,-0.928877,54.181509,30.038228624607214,161.32761560276094,10.4,239.0,32.25864194761255
14:22:23,2025-06-07,-0.928836,54.181438,28.369388075423633,161.18852521722795,10.4,239.0,30.56513011699808
14:22:24,2025-06-07,-0.928797,54.181371,28.902225400424413,160.56437290988924,10.4,239.0,30.987100635477788
14:22:25,2025-06-07,-0.928756,54.181303,27.612181585604695,160.65209280632882,10.4,239.0,29.712653558195772
14:22:26,2025-06-07,-0.928717,54.181238,29.366973639678687,162.8114450022515,10.4,239.0,31.849739013361607
14:22:27,2025-06-07,-0.92868,54.181168,27.881274369398255,164.38376161955478,10.4,239.0,30.640216211760325
14:22:28,2025-06-07,-0.928648,54.181101,29.231216421981806,163.68983260286404,10.4,239.0,31.868513884992954
14:22:29,2025-06-07,-0.928613,54.181031,27.17658479851044,163.4525095000671,10.4,239.0,29.772190318821274
14:22:30,2025-06-07,-0.92858,54.180966,25.313827408151116,164.96365264830615,10.4,239.0,28.174113348615286
14:22:31,2025-06-07,-0.928552,54.180905,26.983796756701075,164.88478324415667,10.4,239.0,29.830316145464295
14:22:32,2025-06-07,-0.928522,54.18084,28.653811967280543,164.81510265884572,10.4,239.0,31.488164212157887
14:22:33,2025-06-07,-0.92849,54.180771,27.11044696689662,163.92758804234063,10.4,239.0,29.789466952215975
14:22:34,2025-06-07,-0.928458,54.180706,27.00538204645662,161.77882518628712,10.4,239.0,29.305738248378496
14:22:35,2025-06-07,-0.928422,54.180642,27.244622291604497,162.97951446063928,10.4,239.0,29.757001880830025
14:22:36,2025-06-07,-0.928388,54.180577,28.716419471105944,164.3633678808775,10.4,239.0,31.47179201627726
14:22:37,2025-06-07,-0.928355,54.180508,25.12251876250592,163.1761987536147,10.4,239.0,27.66952709463193
14:22:38,2025-06-07,-0.928324,54.180448,28.463117218483216,163.23643203443066,10.4,239.0,31.02072439270921
14:22:39,2025-06-07,-0.928289,54.18038,29.165973179906217,164.1317922661383,10.4,239.0,31.88079115273882
14:22:40,2025-06-07,-0.928255,54.18031,25.336041984026767,161.6527007993625,10.4,239.0,27.614066300250663
14:22:41,2025-06-07,-0.928221,54.18025,28.984538178195127,162.57692197273298,10.4,239.0,31.425944420672515
14:22:42,2025-06-07,-0.928184,54.180181,25.12253417850018,163.17607322943195,10.4,239.0,27.669520420043465
14:22:43,2025-06-07,-0.928153,54.180121,28.758704205475244,167.2795150625925,10.4,239.0,32.02069528265522
14:22:44,2025-06-07,-0.928126,54.180051,25.061016563153157,172.47191649547244,10.4,239.0,29.20333161688881
14:22:45,2025-06-07,-0.928112,54.179989,25.649752929152438,181.04775463080108,10.4,239.0,31.16826236646801
14:22:46,2025-06-07,-0.928114,54.179925,26.50976297753761,190.70699601899273,10.4,239.0,33.42910675308562
14:22:47,2025-06-07,-0.928135,54.17986,23.780276010527224,202.01595116604105,10.4,239.0,32.08782746656048
14:22:48,2025-06-07,-0.928173,54.179805,25.10024060230237,215.4308469914487,10.4,239.0,34.63265323006163
14:22:49,2025-06-07,-0.928235,54.179754,22.85544199573724,229.49131473801097,10.4,239.0,33.1125519365322
14:22:50,2025-06-07,-0.928309,54.179717,23.343449317475265,242.33399009716135,10.4,239.0,33.72584723125369
14:22:51,2025-06-07,-0.928397,54.17969,21.72238825300814,242.4831962139686,10.4,239.0,32.103175915921945
14:22:52,2025-06-07,-0.928479,54.179665,25.41144986281004,243.74621561988766,10.4,239.0,35.77578794870102
14:22:53,2025-06-07,-0.928576,54.179637,22.701505614120958,247.10224578452357,10.4,239.0,32.99769420922133
14:22:54,2025-06-07,-0.928665,54.179615,26.046044179733094,244.4321443746935,10.4,239.0,36.39933789201953
14:22:55,2025-06-07,-0.928765,54.179587,23.792415264606248,243.97865908643632,10.4,239.0,34.15317701952067
14:22:56,2025-06-07,-0.928856,54.179561,25.834141429851606,244.2072818206231,10.4,239.0,36.19121929782247
14:22:57,2025-06-07,-0.928955,54.179533,25.15376862681888,241.39538959480691,10.4,239.0,35.54468107002394
14:22:58,2025-06-07,-0.929049,54.179503,24.374931570446343,247.73728650096464,10.4,239.0,34.654242078529236
14:22:59,2025-06-07,-0.929145,54.17948,25.02501967362907,244.33271683504512,10.4,239.0,35.38000629717631
14:23:00,2025-06-07,-0.929241,54.179453,24.42839655931802,244.70404233128696,10.4,239.0,34.77690158621665
14:23:01,2025-06-07,-0.929335,54.179427,24.33206549277012,240.3360114098037,10.4,239.0,34.72923827842932
14:23:02,2025-06-07,-0.929425,54.179397,23.970676979456783,243.11644515397052,10.4,239.0,34.34384727266114
14:23:03,2025-06-07,-0.929516,54.17937,23.50725980963415,246.8694143713001,10.4,239.0,33.809319814155145
14:23:04,2025-06-07,-0.929608,54.179347,23.291215234678685,246.64236025446877,10.4,239.0,33.59883711802666
14:23:05,2025-06-07,-0.929699,54.179324,22.324903478968473,242.12683216633334,10.4,239.0,32.70942032505648
14:23:06,2025-06-07,-0.929783,54.179298,22.32491440837153,242.1268470535685,10.4,239.0,32.70943110706135
14:23:07,2025-06-07,-0.929867,54.179272,22.59844429591391,244.7628766929925,10.4,239.0,32.94588245452922
14:23:08,2025-06-07,-0.929954,54.179248,20.225117169221623,246.60798137718595,10.4,239.0,30.533567083538856
14:23:09,2025-06-07,-0.930033,54.179228,24.854529714488987,245.16705106064177,10.4,239.0,35.194343942106954
14:23:10,2025-06-07,-0.930129,54.179202,22.860295837828826,246.17545497436393,10.4,239.0,33.17884617831909
14:23:11,2025-06-07,-0.930218,54.179179,21.195072696508625,245.37226639417753,10.4,239.0,31.530818984562366
14:23:12,2025-06-07,-0.9303,54.179157,22.183350763875396,248.77722337282194,10.4,239.0,32.43229579243793
14:23:13,2025-06-07,-0.930388,54.179137,22.741825379267723,242.68041017155667,10.4,239.0,33.120376668781425
14:23:14,2025-06-07,-0.930474,54.179111,23.291326936795407,246.64247926472206,10.4,239.0,33.59894594728132
14:23:15,2025-06-07,-0.930565,54.179088,20.80044214410097,249.66770232610077,10.4,239.0,31.02070207275033
14:23:16,2025-06-07,-0.930648,54.17907,24.260390775792004,245.56153105331367,10.4,239.0,34.592267776636604
14:23:17,2025-06-07,-0.930742,54.179045,22.269304773141542,246.63208953814706,10.4,239.0,32.57717442012898
14:23:18,2025-06-07,-0.930829,54.179023,22.485363910083564,246.86958616900583,10.4,239.0,32.78741964501371
14:23:19,2025-06-07,-0.930917,54.179001,24.74591101510085,247.08332140110275,10.4,239.0,35.04258318395582
14:23:20,2025-06-07,-0.931014,54.178977,23.50744819334114,246.86961106740796,10.4,239.0,33.80950330947775
14:23:21,2025-06-07,-0.931106,54.178954,23.581607533262066,243.72856614535362,10.4,239.0,33.94621020348221
14:23:22,2025-06-07,-0.931196,54.178928,23.815453854092198,251.31598959440976,10.4,239.0,33.97610914612137
14:23:23,2025-06-07,-0.931292,54.178909,23.507480790893457,246.86964510092042,10.4,239.0,33.80953506120085
14:23:24,2025-06-07,-0.931384,54.178886,24.52955692667617,246.86965848848936,10.4,239.0,34.83161086426355
14:23:25,2025-06-07,-0.93148,54.178862,24.21627829175127,244.46682116400527,10.4,239.0,34.56897424348834
14:23:26,2025-06-07,-0.931573,54.178836,23.14842488833065,250.75701378048626,10.4,239.0,33.330238469354185
14:23:27,2025-06-07,-0.931666,54.178817,23.946622958226826,250.40590690055956,10.4,239.0,34.14123119456746
14:23:28,2025-06-07,-0.931762,54.178797,24.226618019941604,248.6164544303747,10.4,239.0,34.48047829215883
14:23:29,2025-06-07,-0.931858,54.178775,23.075798390266765,246.41133997373464,10.4,239.0,33.3889131684812
14:23:30,2025-06-07,-0.931948,54.178752,24.157862643659694,247.5265139417749,10.4,239.0,34.44291516518593
14:23:31,2025-06-07,-0.932043,54.178729,24.60231145222914,243.85910485705776,10.4,239.0,34.96493394728971
14:23:32,2025-06-07,-0.932137,54.178702,23.3533878620856,247.77565829351116,10.4,239.0,33.631638049081744
14:23:33,2025-06-07,-0.932229,54.17868,21.463443992309138,250.3218124477007,10.4,239.0,31.661059898503346
14:23:34,2025-06-07,-0.932315,54.178662,24.375354937963273,247.7376950130867,10.4,239.0,34.654654181981215
14:23:35,2025-06-07,-0.932411,54.178639,25.834606944364783,244.20778226673005,10.4,239.0,36.19167656755237
14:23:36,2025-06-07,-0.93251,54.178611,22.701982215218205,247.10275528225287,10.4,239.0,32.99815777562263
14:23:37,2025-06-07,-0.932599,54.178589,23.94673982434014,250.40600670998856,10.4,239.0,34.14134447790941
14:23:38,2025-06-07,-0.932695,54.178569,24.593173923664644,247.94514287063134,10.4,239.0,34.866685630295144
14:23:39,2025-06-07,-0.932792,54.178546,23.50765479429224,246.86982678347283,10.4,239.0,33.80970454921193
14:23:40,2025-06-07,-0.932884,54.178523,23.370692707044732,250.94702915392168,10.4,239.0,33.545422470136224
14:23:41,2025-06-07,-0.932978,54.178504,22.70203191951678,247.10280843023634,10.4,239.0,32.99820612016697
14:23:42,2025-06-07,-0.933067,54.178482,23.667657384028512,245.97602521481446,10.4,239.0,33.99066680413432
14:23:43,2025-06-07,-0.933159,54.178458,22.485622964965177,246.8698689474383,10.4,239.0,32.787671671961775
14:23:44,2025-06-07,-0.933247,54.178436,23.025116908491214,245.26190930126262,10.4,239.0,33.363067264305954
14:23:45,2025-06-07,-0.933336,54.178412,19.70256623162644,248.48072323933422,10.4,239.0,29.960513409730083
14:23:46,2025-06-07,-0.933414,54.178394,20.28775028939886,247.91271619206736,10.4,239.0,30.562175542483196
14:23:47,2025-06-07,-0.933494,54.178375,18.053306625034416,251.8569562156159,10.4,239.0,28.192564450257002
14:23:48,2025-06-07,-0.933567,54.178361,20.703991079332276,242.2676725298008,10.4,239.0,31.087082099188958
14:23:49,2025-06-07,-0.933645,54.178337,18.30230219053156,243.9793316716632,10.4,239.0,28.66305334972821
14:23:50,2025-06-07,-0.933715,54.178317,18.25409661700545,241.0665796845342,10.4,239.0,28.647332434652977
14:23:51,2025-06-07,-0.933783,54.178295,17.404908557685168,231.5014397568394,10.4,239.0,27.715969223958872
14:23:52,2025-06-07,-0.933841,54.178268,17.553902555657995,223.0077361644606,10.4,239.0,27.551411158885998
14:23:53,2025-06-07,-0.933892,54.178236,14.638759162964085,219.89881518107137,10.4,239.0,24.46615747532575
14:23:54,2025-06-07,-0.933932,54.178208,18.26992561483892,205.88930095452505,10.4,239.0,26.981139569884455
14:23:55,2025-06-07,-0.933966,54.178167,16.77131396865504,197.08037786113803,10.4,239.0,24.50977497790404
14:23:56,2025-06-07,-0.933987,54.178127,17.894095277941645,189.81057417073387,10.4,239.0,24.69112239169005
14:23:57,2025-06-07,-0.934,54.178083,16.511301678914137,185.70627518810022,10.4,239.0,22.72751642151369
14:23:58,2025-06-07,-0.934007,54.178042,15.63475757025886,178.28085227510996,10.4,239.0,20.721303833607692
14:23:59,2025-06-07,-0.934005,54.178003,16.07143155271914,175.81576968995637,10.4,239.0,20.763112756712644
14:24:00,2025-06-07,-0.934,54.177963,20.545418967971553,174.10322864912177,10.4,239.0,24.957623662309036
14:24:01,2025-06-07,-0.933991,54.177912,16.138335723313887,173.32367150238463,10.4,239.0,20.422000727405056
14:24:02,2025-06-07,-0.933983,54.177872,20.82324284016079,168.96079383024107,10.4,239.0,24.373564196467516
14:24:03,2025-06-07,-0.933966,54.177821,16.965213158014723,165.58965821979984,10.4,239.0,19.934573186286745
14:24:04,2025-06-07,-0.933948,54.17778,17.68784975586036,166.9717862333231,10.4,239.0,20.896755556831486
14:24:05,2025-06-07,-0.933931,54.177737,14.353906024986296,167.73544968342503,10.4,239.0,17.694375428970876
14:24:06,2025-06-07,-0.933918,54.177702,17.750219411638138,161.50788860912985,10.4,239.0,20.002589328536406
14:24:07,2025-06-07,-0.933894,54.17766,16.85411385486645,167.1343446158537,10.4,239.0,20.091073692360542
14:24:08,2025-06-07,-0.933878,54.177619,14.583052882803312,164.13079944184733,10.4,239.0,17.29769689179325
14:24:09,2025-06-07,-0.933861,54.177584,12.74420223397977,160.6504981745711,10.4,239.0,14.844390722326711
14:24:10,2025-06-07,-0.933843,54.177554,15.970437451979972,168.13478536897605,10.4,239.0,19.379469418946677
14:24:11,2025-06-07,-0.933829,54.177515,13.36292554846054,163.68850821858996,10.4,239.0,15.999990473993567
14:24:12,2025-06-07,-0.933813,54.177483,15.355369788322431,164.94859551356365,10.4,239.0,18.213027943324292
14:24:13,2025-06-07,-0.933796,54.177446,15.418216419821258,164.1067797639481,10.4,239.0,18.128651424250975
14:24:14,2025-06-07,-0.933778,54.177409,17.79996572579153,165.50034116626887,10.4,239.0,20.75378468704552
14:24:15,2025-06-07,-0.933759,54.177366,16.965223529432983,165.5895062788727,10.4,239.0,19.934557126270725
14:24:16,2025-06-07,-0.933741,54.177325,17.86039985437614,164.77178234717542,10.4,239.0,20.68718569039631
14:24:17,2025-06-07,-0.933721,54.177282,18.13184551205513,166.53500594715842,10.4,239.0,21.265245234698355
14:24:18,2025-06-07,-0.933703,54.177238,17.24495817171961,167.43069898207557,10.4,239.0,20.53299510865234
14:24:19,2025-06-07,-0.933687,54.177196,19.598355822536586,168.96061861615863,10.4,239.0,23.148647285545973
14:24:20,2025-06-07,-0.933671,54.177148,18.027933941656237,167.98502611601054,10.4,239.0,21.411272738256805
14:24:21,2025-06-07,-0.933655,54.177104,18.766879067869162,169.19487224227146,10.4,239.0,22.35710681031439
14:24:22,2025-06-07,-0.93364,54.177058,16.710896830515473,169.48679016308733,10.4,239.0,20.350807571045063
14:24:23,2025-06-07,-0.933627,54.177017,19.252666492562827,168.0470550255593,10.4,239.0,22.646649979042056
14:24:24,2025-06-07,-0.93361,54.17697,16.41165804177946,167.62091654699645,10.4,239.0,19.732432983408216
14:24:25,2025-06-07,-0.933595,54.17693,16.755479448411645,168.6981473573568,10.4,239.0,20.26095353549879
14:24:26,2025-06-07,-0.933581,54.176889,17.06457886645634,170.5065887774964,10.4,239.0,20.877304338544967
14:24:27,2025-06-07,-0.933569,54.176847,15.530596870351662,168.6774302407158,10.4,239.0,19.032530332837002
14:24:28,2025-06-07,-0.933556,54.176809,14.073032201389886,165.52164434219014,10.4,239.0,17.030558544602595
14:24:29,2025-06-07,-0.933541,54.176775,16.854129405640794,167.13407846220298,10.4,239.0,20.091043332045338
14:24:30,2025-06-07,-0.933525,54.176734,15.578557952889787,167.83149983237365,10.4,239.0,18.93553330287765
14:24:31,2025-06-07,-0.933511,54.176696,17.687870326306268,166.97145640838733,10.4,239.0,20.896719180342654
14:24:32,2025-06-07,-0.933494,54.176653,17.24496814000496,167.43052683910105,10.4,239.0,20.53297543325073
14:24:33,2025-06-07,-0.933478,54.176611,18.860874113321568,167.79480312929536,10.4,239.0,22.211544349961333
14:24:34,2025-06-07,-0.933461,54.176565,17.105011719563315,169.7315965180511,10.4,239.0,20.78651451108934
14:24:35,2025-06-07,-0.933448,54.176523,20.233098700283172,172.00399333632322,10.4,239.0,24.297369652266273
14:24:36,2025-06-07,-0.933436,54.176473,18.1297424289134,174.05964842875585,10.4,239.0,22.534782597517978
14:24:37,2025-06-07,-0.933428,54.176428,18.129742505697756,174.05964201123265,10.4,239.0,22.534781619082953
14:24:38,2025-06-07,-0.93342,54.176383,17.30891786606506,174.55727820511606,10.4,239.0,21.795615041731043
14:24:39,2025-06-07,-0.933413,54.17634,16.96227113945165,172.85129309836873,10.4,239.0,21.167659204603844
14:24:40,2025-06-07,-0.933404,54.176298,17.027302910995214,171.28490059212527,10.4,239.0,20.971111057541634
14:24:41,2025-06-07,-0.933393,54.176256,15.742644764798499,165.3269621870611,10.4,239.0,18.666275521419752
14:24:42,2025-06-07,-0.933376,54.176218,15.80395504767142,164.50423630830994,10.4,239.0,18.58397513520678
14:24:43,2025-06-07,-0.933358,54.17618,15.629915593357842,166.9907826818112,10.4,239.0,18.842101104847508
14:24:44,2025-06-07,-0.933343,54.176142,13.753315239656372,172.15874005438718,10.4,239.0,17.84342638703164
14:24:45,2025-06-07,-0.933335,54.176108,14.1835230945155,171.44095161718155,10.4,239.0,18.153526425340985
14:24:46,2025-06-07,-0.933326,54.176073,11.855970438470203,168.5894792051837,10.4,239.0,15.342867682351496
14:24:47,2025-06-07,-0.933316,54.176044,12.95988689381258,171.67531249482897,10.4,239.0,16.969175344947175
14:24:48,2025-06-07,-0.933308,54.176012,12.167505773352632,171.12888472788438,10.4,239.0,16.085095392461366
14:24:49,2025-06-07,-0.9333,54.175982,12.13339561125732,172.22325204950857,10.4,239.0,16.234270416048222
14:24:50,2025-06-07,-0.933293,54.175952,12.738278546113344,167.23418038573175,10.4,239.0,15.992454962359789
14:24:51,2025-06-07,-0.933281,54.175921,11.379280658499852,161.98723400779693,10.4,239.0,13.716513746150323
14:24:52,2025-06-07,-0.933266,54.175894,12.744256311628249,160.64976626031626,10.4,239.0,14.844314684024019
14:24:53,2025-06-07,-0.933248,54.175864,11.242483728794028,164.2615819710237,10.4,239.0,13.980036568595438
14:24:54,2025-06-07,-0.933235,54.175837,14.121048524413096,173.32334036344628,10.4,239.0,18.404658757456012
14:24:55,2025-06-07,-0.933228,54.175802,13.67474052968571,175.08046973994328,10.4,239.0,18.246924104406865
14:24:56,2025-06-07,-0.933223,54.175768,12.248985034584505,168.96025159031865,10.4,239.0,15.799213879160106
14:24:57,2025-06-07,-0.933213,54.175738,14.33758568490301,161.88809934255323,10.4,239.0,16.657281221854824
14:24:58,2025-06-07,-0.933194,54.175704,12.97894874465035,163.19088697212055,10.4,239.0,15.528541922979095
14:24:59,2025-06-07,-0.933178,54.175673,15.342666332585665,172.97533353993595,10.4,239.0,19.568636799010935
14:25:00,2025-06-07,-0.93317,54.175635,15.714078075646448,174.00282420937413,10.4,239.0,20.1097725967995
14:25:01,2025-06-07,-0.933163,54.175596,15.578574210198347,167.83117498920342,10.4,239.0,18.93549375268062
14:25:02,2025-06-07,-0.933149,54.175558,15.80397146952028,164.504000919919,10.4,239.0,18.583950385468935
14:25:03,2025-06-07,-0.933131,54.17552,17.195245567988078,168.19305368692153,10.4,239.0,20.61426794750029
14:25:04,2025-06-07,-0.933116,54.175478,15.48607107159406,169.528019970767,10.4,239.0,19.132991337982247
14:25:05,2025-06-07,-0.933104,54.17544,17.064591143766023,170.50626222991878,10.4,239.0,20.877261469617128
14:25:06,2025-06-07,-0.933092,54.175398,17.244989534156876,167.43015755011857,10.4,239.0,20.53293323430939
14:25:07,2025-06-07,-0.933076,54.175356,17.297784520462812,166.67178474184936,10.4,239.0,20.454848942548278
14:25:08,2025-06-07,-0.933059,54.175314,18.420044605029016,168.24400771220598,10.4,239.0,21.84780042499992
14:25:09,2025-06-07,-0.933043,54.175269,17.636270760614938,167.71346208238606,10.4,239.0,20.972960335493287
14:25:10,2025-06-07,-0.933027,54.175226,18.469482013968506,167.53156623490258,10.4,239.0,21.774883569647393
14:25:11,2025-06-07,-0.93301,54.175181,19.302864199080854,167.36537211995494,10.4,239.0,22.579649468200163
14:25:12,2025-06-07,-0.932992,54.175134,18.420047408427052,168.2439579728549,10.4,239.0,21.84779470447151
14:25:13,2025-06-07,-0.932976,54.175089,18.86090061783832,167.79436744578493,10.4,239.0,22.211495988431544
14:25:14,2025-06-07,-0.932959,54.175043,16.362789347856392,168.42262585385788,10.4,239.0,19.821138585011937
14:25:15,2025-06-07,-0.932945,54.175003,19.513609946302797,170.3120853282221,10.4,239.0,23.293466472194808
14:25:16,2025-06-07,-0.932931,54.174955,17.19525387012408,168.19289692787424,10.4,239.0,20.614249377204285
14:25:17,2025-06-07,-0.932916,54.174913,16.90817791030068,166.3585758611589,10.4,239.0,20.01102633662282
14:25:18,2025-06-07,-0.932899,54.174872,19.16062855044687,169.41896496535276,10.4,239.0,22.789004154071538
14:25:19,2025-06-07,-0.932884,54.174825,18.373490254662354,168.96000209257738,10.4,239.0,21.923676532239618
14:25:20,2025-06-07,-0.932869,54.17478,17.105030295113355,169.73116278074474,10.4,239.0,20.7864594548523
14:25:21,2025-06-07,-0.932856,54.174738,17.064597095638437,170.50610402840618,10.4,239.0,20.877240704914897
14:25:22,2025-06-07,-0.932844,54.174696,17.195257674484346,168.192825070151,10.4,239.0,20.61424086334014
14:25:23,2025-06-07,-0.932829,54.174654,16.854166673241284,167.13344061937244,10.4,239.0,20.090970572468343
14:25:24,2025-06-07,-0.932813,54.174613,16.13058461878043,165.68700156912655,10.4,239.0,19.11687406161931
14:25:25,2025-06-07,-0.932796,54.174574,13.962686861955522,167.3851804412193,10.4,239.0,17.242884296978062
14:25:26,2025-06-07,-0.932783,54.17454,16.25345693986756,164.0842233920905,10.4,239.0,18.959938923352507
14:25:27,2025-06-07,-0.932764,54.174501,15.530625051478959,168.67680458089183,10.4,239.0,19.032451579480806
14:25:28,2025-06-07,-0.932751,54.174463,14.073077024461897,165.52085760874388,10.4,239.0,17.03046646008057
14:25:29,2025-06-07,-0.932736,54.174429,13.913125397393783,168.32782890606632,10.4,239.0,17.355242138108387
14:25:30,2025-06-07,-0.932724,54.174395,13.962689350517408,167.385127593334,10.4,239.0,17.24287768252605
14:25:31,2025-06-07,-0.932711,54.174361,14.353951276379798,167.73447884246048,10.4,239.0,17.694253796093474
14:25:32,2025-06-07,-0.932698,54.174326,15.74268724163751,165.326307036986,10.4,239.0,18.666203874634473
14:25:33,2025-06-07,-0.932681,54.174288,15.530627610854086,168.67674777585864,10.4,239.0,19.032444430018025
14:25:34,2025-06-07,-0.932668,54.17425,15.803507594209142,171.4645981385878,10.4,239.0,19.777477735135896
14:25:35,2025-06-07,-0.932658,54.174211,15.486083605231837,169.52770627976201,10.4,239.0,19.132950547785054
14:25:36,2025-06-07,-0.932646,54.174173,18.52834082787593,174.18757157704238,10.4,239.0,22.954404124273186
14:25:37,2025-06-07,-0.932638,54.174127,17.064602274623546,170.50596633778105,10.4,239.0,20.877222631115966
14:25:38,2025-06-07,-0.932626,54.174085,18.57691204728454,166.11823409125816,10.4,239.0,21.638094708098308
14:25:39,2025-06-07,-0.932607,54.17404,19.209323006972628,163.6872051094681,10.4,239.0,21.84615912917708
14:25:40,2025-06-07,-0.932584,54.173994,17.353633118689157,165.9177051129086,10.4,239.0,20.380010728382064
14:25:41,2025-06-07,-0.932566,54.173952,18.684281525993285,170.60727364970967,10.4,239.0,22.514004400005334
14:25:42,2025-06-07,-0.932553,54.173906,16.803277116357773,167.91299319613734,10.4,239.0,20.17424947413529
14:25:43,2025-06-07,-0.932538,54.173865,20.430187933760646,168.7445297565631,10.4,239.0,23.943587265815655
14:25:44,2025-06-07,-0.932521,54.173815,20.43018870186062,168.74451649597245,10.4,239.0,23.943585768440332
14:25:45,2025-06-07,-0.932504,54.173765,20.477474866574237,168.10078756867733,10.4,239.0,23.880676100742573
14:25:46,2025-06-07,-0.932486,54.173715,21.610373824950262,169.3666459055795,10.4,239.0,25.229847970076023
14:25:47,2025-06-07,-0.932469,54.173662,20.430191090598473,168.7444759287372,10.4,239.0,23.943581226560468
14:25:48,2025-06-07,-0.932452,54.173612,20.47747758465383,168.10074480875846,10.4,239.0,23.880671484602765
14:25:49,2025-06-07,-0.932434,54.173562,21.751850837248288,167.5444847638064,10.4,239.0,25.059475619910497
14:25:50,2025-06-07,-0.932414,54.173509,22.143257728315557,167.76811988711938,10.4,239.0,25.48934247008504
14:25:51,2025-06-07,-0.932394,54.173455,20.495523242068664,163.37227884753838,10.4,239.0,23.07702406481936
14:25:52,2025-06-07,-0.932369,54.173406,23.418703091215374,167.26952337326338,10.4,239.0,26.678972005064402
14:25:53,2025-06-07,-0.932347,54.173349,20.75228132238584,164.93025046471848,10.4,239.0,23.606737615346407
14:25:54,2025-06-07,-0.932324,54.173299,23.31937534266451,168.39391529674003,10.4,239.0,26.772809342796148
14:25:55,2025-06-07,-0.932304,54.173242,22.00430293215702,169.55907310587588,10.4,239.0,25.656501330293146
14:25:56,2025-06-07,-0.932287,54.173188,21.568141582321026,169.97895187500126,10.4,239.0,25.291601229996516
14:25:57,2025-06-07,-0.932271,54.173135,20.527356533487445,167.45992033222478,10.4,239.0,23.820425069735848
14:25:58,2025-06-07,-0.932252,54.173085,20.189889252141775,166.56311500135428,10.4,239.0,23.328153707807783
14:25:59,2025-06-07,-0.932232,54.173036,18.91214750104595,167.0991560533538,10.4,239.0,22.14303676093184
14:26:00,2025-06-07,-0.932214,54.17299,20.08559910666401,167.8648546852927,10.4,239.0,23.44830418909648
14:26:01,2025-06-07,-0.932196,54.172941,18.52181657589082,166.82234228958282,10.4,239.0,21.704908812902225
14:26:02,2025-06-07,-0.932178,54.172896,21.024068871488364,166.44884807677602,10.4,239.0,24.142552867599402
14:26:03,2025-06-07,-0.932157,54.172845,20.189894829789246,166.56303986603928,10.4,239.0,23.328146283062498
14:26:04,2025-06-07,-0.932137,54.172796,20.037390284111225,168.5205769437764,10.4,239.0,23.512502170033308
14:26:05,2025-06-07,-0.93212,54.172747,22.19438221719929,167.17606105605728,10.4,239.0,25.43853721146123
14:26:06,2025-06-07,-0.932099,54.172693,20.69229052783441,165.55725414294523,10.4,239.0,23.656013115200683
14:26:07,2025-06-07,-0.932077,54.172643,21.803896756996537,166.94228727715154,10.4,239.0,25.00770890499692
14:26:08,2025-06-07,-0.932056,54.17259,22.143276611225822,167.7678563055017,10.4,239.0,25.489316053073377
14:26:09,2025-06-07,-0.932036,54.172536,23.418723817531877,167.26926433987967,10.4,239.0,26.678948083178106
14:26:10,2025-06-07,-0.932014,54.172479,21.751873638465327,167.5441688275206,10.4,239.0,25.059444051765976
14:26:11,2025-06-07,-0.931994,54.172426,23.623269096197877,169.70392892240295,10.4,239.0,27.300074579795062
14:26:12,2025-06-07,-0.931976,54.172368,23.418727826493214,167.2692143194115,10.4,239.0,26.678943470370452
14:26:13,2025-06-07,-0.931954,54.172311,23.229153748034236,169.5272310946957,10.4,239.0,26.87593991442565
14:26:14,2025-06-07,-0.931936,54.172254,25.093024303026752,171.93953009102506,10.4,239.0,29.1465221789592
14:26:15,2025-06-07,-0.931921,54.172192,23.187479047375398,170.09717833098398,10.4,239.0,26.930968013567583
14:26:16,2025-06-07,-0.931904,54.172135,26.467127017976424,169.7899986631635,10.4,239.0,30.158542302182838
14:26:17,2025-06-07,-0.931884,54.17207,26.072889699134343,169.63388456644088,10.4,239.0,29.737799465878833
14:26:18,2025-06-07,-0.931864,54.172006,23.0820326211079,166.48186539671394,10.4,239.0,26.206233439980362
14:26:19,2025-06-07,-0.931841,54.17195,26.14915447319498,164.91983239153274,10.4,239.0,29.001792312375265
14:26:20,2025-06-07,-0.931812,54.171887,25.263336094093685,162.15424212188452,10.4,239.0,27.630098126070187
14:26:21,2025-06-07,-0.931779,54.171827,27.61283849470079,160.64798889139433,10.4,239.0,29.71258089416613
14:26:22,2025-06-07,-0.93174,54.171762,25.488777986105113,160.64796304458946,10.4,239.0,27.588515790622793
14:26:23,2025-06-07,-0.931704,54.171702,26.322832183512702,160.74430206251714,10.4,239.0,28.439693800457796
14:26:24,2025-06-07,-0.931667,54.17164,25.7911342541377,161.43474214537514,10.4,239.0,28.03054033078702
14:26:25,2025-06-07,-0.931632,54.171579,25.48878970018524,160.64788379699667,10.4,239.0,27.58851341636156
14:26:26,2025-06-07,-0.931596,54.171519,24.501899365116454,161.57963254783783,10.4,239.0,26.76698098504279
14:26:27,2025-06-07,-0.931563,54.171461,27.110876805073893,163.92415664649366,10.4,239.0,29.789294958122195
14:26:28,2025-06-07,-0.931531,54.171396,25.52977509868662,166.71933824644248,10.4,239.0,28.695062753183755
14:26:29,2025-06-07,-0.931506,54.171334,22.92707622491037,168.1918883381361,10.4,239.0,26.34589883380335
14:26:30,2025-06-07,-0.931486,54.171278,25.201831550561497,170.35503425844354,10.4,239.0,28.988949734431742
14:26:31,2025-06-07,-0.931468,54.171216,25.826887536353603,173.21922617055372,10.4,239.0,30.093269986697393
14:26:32,2025-06-07,-0.931455,54.171152,26.198465139980968,173.8321114771237,10.4,239.0,30.566057265940522
14:26:33,2025-06-07,-0.931443,54.171087,24.633617642082573,172.88905915904354,10.4,239.0,28.84527443398304
14:26:34,2025-06-07,-0.93143,54.171026,26.65085857834729,172.92186218116535,10.4,239.0,30.86795880549674
14:26:35,2025-06-07,-0.931416,54.17096,26.13192170475452,175.36623881551907,10.4,239.0,30.750637722494425
14:26:36,2025-06-07,-0.931407,54.170895,27.33027610686402,175.5698297262636,10.4,239.0,31.98207328743403
14:26:37,2025-06-07,-0.931398,54.170827,25.672332869513355,177.3815654430697,10.4,239.0,30.61588096531368
14:26:38,2025-06-07,-0.931393,54.170763,26.05566253180285,178.452405668241,10.4,239.0,31.169346745303308
14:26:39,2025-06-07,-0.93139,54.170698,26.098056111763302,176.39283575933655,10.4,239.0,30.88297931057584
14:26:40,2025-06-07,-0.931383,54.170633,29.31219521489234,176.32947021337975,10.4,239.0,34.08690339803721
14:26:41,2025-06-07,-0.931375,54.17056,27.65794616537332,178.54207407852869,10.4,239.0,32.78579675423077
14:26:42,2025-06-07,-0.931372,54.170491,28.065421020191852,178.0841662198536,10.4,239.0,33.120797512663664
14:26:43,2025-06-07,-0.931368,54.170421,28.058526550919147,178.56288793259841,10.4,239.0,33.18966364768112
14:26:44,2025-06-07,-0.931365,54.170351,23.683903587533333,176.59320395273903,10.4,239.0,28.50108911643624
14:26:45,2025-06-07,-0.931359,54.170292,31.34363659695398,175.70807650045526,10.4,239.0,36.01786381845924
14:26:46,2025-06-07,-0.931349,54.170214,29.41103093311641,174.04865148765236,10.4,239.0,33.81426281753268
14:26:47,2025-06-07,-0.931336,54.170141,27.66493852498442,178.0564052717042,10.4,239.0,32.715910802401545
14:26:48,2025-06-07,-0.931332,54.170072,26.13192152120119,184.63386021967474,10.4,239.0,32.1909967617962
14:26:49,2025-06-07,-0.931341,54.170007,26.25326924330799,187.18607739512905,10.4,239.0,32.68273038607761
14:26:50,2025-06-07,-0.931355,54.169942,22.518415528603647,184.78030950917403,10.4,239.0,28.599076162416477
14:26:51,2025-06-07,-0.931363,54.169886,24.53469052117801,184.93628599860463,10.4,239.0,30.638297086869386
14:26:52,2025-06-07,-0.931372,54.169825,20.663476369344377,188.48682379651206,10.4,239.0,27.276844215045124
14:26:53,2025-06-07,-0.931385,54.169774,24.36155976819526,193.9307737003184,10.4,239.0,31.70657973482396
14:26:54,2025-06-07,-0.93141,54.169715,22.87106946019979,195.46828064229416,10.4,239.0,30.41099855098328
14:26:55,2025-06-07,-0.931436,54.16966,22.24793669964704,193.41397390753073,10.4,239.0,29.52624745824038
14:26:56,2025-06-07,-0.931458,54.169606,24.927547122381014,195.27933434019246,10.4,239.0,32.44381337380964
14:26:57,2025-06-07,-0.931486,54.169546,21.74994747463278,202.85447009648067,10.4,239.0,30.148170303824493
14:26:58,2025-06-07,-0.931522,54.169496,26.634782764117578,203.356876075912,10.4,239.0,35.08647165476452
14:26:59,2025-06-07,-0.931567,54.169435,23.058332008165234,205.30552764172154,10.4,239.0,31.711211538824998
14:27:00,2025-06-07,-0.931609,54.169383,25.43952993372326,203.94554781855422,10.4,239.0,33.95303820648286
14:27:01,2025-06-07,-0.931653,54.169325,23.521171162129086,205.40496966630653,10.4,239.0,32.18405122819469
14:27:02,2025-06-07,-0.931696,54.169272,25.2519762102869,202.97236034383965,10.4,239.0,33.66280305944116
14:27:03,2025-06-07,-0.931738,54.169214,24.27760184606747,199.7711066048597,10.4,239.0,32.33370878664177
14:27:04,2025-06-07,-0.931773,54.169157,23.82107668105973,199.56614986637805,10.4,239.0,31.853604480284023
14:27:05,2025-06-07,-0.931807,54.169101,22.765222780468928,203.70372465006923,10.4,239.0,31.253444375636924
14:27:06,2025-06-07,-0.931846,54.169049,25.411844186903743,198.85407974221687,10.4,239.0,33.361655315166345
14:27:07,2025-06-07,-0.931881,54.168989,23.229203055559733,190.47359133255995,10.4,239.0,30.116860668983144
14:27:08,2025-06-07,-0.931899,54.168932,22.91774902819871,184.6969372318995,10.4,239.0,28.986126151139143
14:27:09,2025-06-07,-0.931907,54.168875,21.74152349503727,185.57251090512483,10.4,239.0,27.938255693147436
14:27:10,2025-06-07,-0.931916,54.168821,19.80435663098841,187.48669409349736,10.4,239.0,26.27661851320743
14:27:11,2025-06-07,-0.931927,54.168772,18.21644854880247,188.14361745090437,10.4,239.0,24.781619150647053
14:27:12,2025-06-07,-0.931938,54.168727,22.938242786908035,185.28094386673806,10.4,239.0,29.092391832578983
14:27:13,2025-06-07,-0.931947,54.16867,20.83821074837055,180.6449930173173,10.4,239.0,26.294618435596817
14:27:14,2025-06-07,-0.931948,54.168618,20.437527268769305,179.3423603501459,10.4,239.0,25.69125177610637
14:27:15,2025-06-07,-0.931947,54.168567,24.898432480415188,183.78140368218064,10.4,239.0,30.83108148544062
14:27:16,2025-06-07,-0.931954,54.168505,20.944055515809094,185.78546213968824,10.4,239.0,27.17178774693205
14:27:17,2025-06-07,-0.931963,54.168453,23.299341602582427,184.0413644776585,10.4,239.0,29.270685377182904
14:27:18,2025-06-07,-0.93197,54.168395,21.70080366766699,184.33962609240768,10.4,239.0,27.71639175646176
14:27:19,2025-06-07,-0.931977,54.168341,22.899650672147995,184.1120354795472,10.4,239.0,28.88149250028207
14:27:20,2025-06-07,-0.931984,54.168284,23.317129553667172,184.61638071523151,10.4,239.0,29.373625815264187
14:27:21,2025-06-07,-0.931992,54.168226,21.765666315169817,186.1872103753847,10.4,239.0,28.05164780967576
14:27:22,2025-06-07,-0.932002,54.168172,24.236070850838207,187.2287169218247,10.4,239.0,30.671613657445203
14:27:23,2025-06-07,-0.932015,54.168112,22.961127181039494,185.8639156558941,10.4,239.0,29.200258493933415
14:27:24,2025-06-07,-0.932025,54.168055,24.954985067375514,185.39393747983766,10.4,239.0,31.12565572120513
14:27:25,2025-06-07,-0.932035,54.167993,20.54543750367918,185.89818279956472,10.4,239.0,26.789544069734507
14:27:26,2025-06-07,-0.932044,54.167942,25.376824128866563,185.836210112394,10.4,239.0,31.611931236895067
14:27:27,2025-06-07,-0.932055,54.167879,24.954985281074865,185.39396029152002,10.4,239.0,31.125659267943632
14:27:28,2025-06-07,-0.932065,54.167817,22.986394289997758,186.44563947542687,10.4,239.0,29.30968211978223
14:27:29,2025-06-07,-0.932076,54.16776,23.044042640006133,187.60490668629453,10.4,239.0,29.533086470260947
14:27:30,2025-06-07,-0.932089,54.167703,24.633634875455776,187.1115165772509,10.4,239.0,31.052452874181697
14:27:31,2025-06-07,-0.932102,54.167642,24.157250203233012,185.57267674786794,10.4,239.0,30.35400657699529
14:27:32,2025-06-07,-0.932112,54.167582,21.853119706192494,188.0220770142272,10.4,239.0,28.401165538363106
14:27:33,2025-06-07,-0.932125,54.167528,23.014036631332328,187.0260391463161,10.4,239.0,29.420639827204226
14:27:34,2025-06-07,-0.932137,54.167471,23.01403688800608,187.0260487275862,10.4,239.0,29.42064145384978
14:27:35,2025-06-07,-0.932149,54.167414,22.140366540818423,185.47200528070792,10.4,239.0,28.322438034171036
14:27:36,2025-06-07,-0.932158,54.167359,22.679869999855555,188.32641580221107,10.4,239.0,29.27074081830056
14:27:37,2025-06-07,-0.932172,54.167303,23.187541896555754,189.90396888090513,10.4,239.0,29.997390866074824
14:27:38,2025-06-07,-0.932189,54.167246,21.82147652183545,187.41219592568675,10.4,239.0,28.283148179386096
14:27:39,2025-06-07,-0.932201,54.167192,23.47309178950119,188.04315325112805,10.4,239.0,30.024109329171715
14:27:40,2025-06-07,-0.932215,54.167134,24.207546092552132,186.67805581267277,10.4,239.0,30.564275256346956
14:27:41,2025-06-07,-0.932227,54.167074,23.41177656710605,186.906155752276,10.4,239.0,29.80122429965852
14:27:42,2025-06-07,-0.932239,54.167016,22.715190529854063,188.91199680360708,10.4,239.0,29.387937123637926
14:27:43,2025-06-07,-0.932254,54.16696,22.004390589868308,190.44247763661426,10.4,239.0,28.887815676998578
14:27:44,2025-06-07,-0.932271,54.166906,21.655194557574553,191.24514058276384,10.4,239.0,28.647156417802567
14:27:45,2025-06-07,-0.932289,54.166853,21.456427813678786,188.17155323246445,10.4,239.0,28.02553033062221
14:27:46,2025-06-07,-0.932302,54.1668,20.233158719562745,187.99786200357715,10.4,239.0,26.777789189606224
14:27:47,2025-06-07,-0.932314,54.16675,20.26728543752991,188.6546484194216,10.4,239.0,26.904134994632763
14:27:48,2025-06-07,-0.932327,54.1667,20.037487902316286,191.48106982852843,10.4,239.0,27.061092322569873
14:27:49,2025-06-07,-0.932344,54.166651,20.201712274741933,187.33898972304326,10.4,239.0,26.652966724055307
14:27:50,2025-06-07,-0.932355,54.166601,19.640380187615698,181.368830484424,10.4,239.0,25.20820106764276
14:27:51,2025-06-07,-0.932357,54.166552,21.242791868926705,178.73444088736278,10.4,239.0,26.400991349335968
14:27:52,2025-06-07,-0.932355,54.166499,21.643404480759777,181.24213186534016,10.4,239.0,27.191787543666397
14:27:53,2025-06-07,-0.932357,54.166445,20.8845811002847,183.86445902701044,10.4,239.0,26.82960608181387
14:27:54,2025-06-07,-0.932363,54.166393,22.04402040658511,181.2195576866006,10.4,239.0,27.5889373394066
14:27:55,2025-06-07,-0.932365,54.166338,21.684236261968607,176.27824934149714,10.4,239.0,26.450682975903735
14:27:56,2025-06-07,-0.932359,54.166284,21.133265134965697,170.4145772136086,10.4,239.0,24.930447116743846
14:27:57,2025-06-07,-0.932344,54.166232,22.550384406446188,163.6842865517856,10.4,239.0,25.186708075664786
14:27:58,2025-06-07,-0.932317,54.166178,21.842787073300467,156.57660695331356,10.4,239.0,23.214044546625544
14:27:59,2025-06-07,-0.93228,54.166128,21.137578659256786,150.75187193707262,10.4,239.0,21.455518821230555
14:28:00,2025-06-07,-0.932236,54.166082,22.30089457205123,149.6536510416605,10.4,239.0,22.419538971897786
14:28:01,2025-06-07,-0.932188,54.166034,22.881197320104285,151.17544616296777,10.4,239.0,23.27597691205538
14:28:02,2025-06-07,-0.932141,54.165984,23.68868776070694,156.03482002511805,10.4,239.0,24.962401917371245
14:28:03,2025-06-07,-0.9321,54.16593,20.944084393041663,159.6763383563473,10.4,239.0,22.870796779937365
14:28:04,2025-06-07,-0.932069,54.165881,23.862047251507754,166.9298700488739,10.4,239.0,27.06371503393269
14:28:05,2025-06-07,-0.932046,54.165823,20.77957037988582,169.59258566002654,10.4,239.0,24.437463735966816
14:28:06,2025-06-07,-0.93203,54.165772,24.26686062129734,172.22135028654418,10.4,239.0,28.367418196222655
14:28:07,2025-06-07,-0.932016,54.165712,23.044054913403002,172.39472126688122,10.4,239.0,27.17351359789356
14:28:08,2025-06-07,-0.932003,54.165655,24.483936228181335,176.70427846100233,10.4,239.0,29.31898108835061
14:28:09,2025-06-07,-0.931997,54.165594,24.46134413133196,177.80150224208717,10.4,239.0,29.471821290113297
14:28:10,2025-06-07,-0.931993,54.165533,19.235474169036426,179.30120977995455,10.4,239.0,24.482751050550554
14:28:11,2025-06-07,-0.931992,54.165485,26.05033658664924,178.96799941802317,10.4,239.0,31.245305414146664
14:28:12,2025-06-07,-0.93199,54.16542,27.729796283075068,175.63320927699579,10.4,239.0,32.391879937156006
14:28:13,2025-06-07,-0.931981,54.165351,23.44128539933272,172.52428623144772,10.4,239.0,27.592318016570403
14:28:14,2025-06-07,-0.931968,54.165293,24.95498841003061,174.6057045472727,10.4,239.0,29.449613983716432
14:28:15,2025-06-07,-0.931958,54.165231,24.498609184000546,176.1564815008809,10.4,239.0,29.2454005526646
14:28:16,2025-06-07,-0.931951,54.16517,24.060934948390912,177.76487464399258,10.4,239.0,29.065585103490413
14:28:17,2025-06-07,-0.931947,54.16511,22.470486155265036,177.00772846288726,10.4,239.0,27.354228985731524
14:28:18,2025-06-07,-0.931942,54.165054,23.29933796430643,175.95830459523643,10.4,239.0,28.01409449857981
14:28:19,2025-06-07,-0.931935,54.164996,21.853137112031476,171.9774280970081,10.4,239.0,25.91296911251876
14:28:20,2025-06-07,-0.931922,54.164942,17.879473708192627,156.81061234502477,10.4,239.0,19.29282410669411
14:28:21,2025-06-07,-0.931892,54.164901,17.85128468080155,137.86138752609156,10.4,239.0,15.842179084545323
14:28:22,2025-06-07,-0.931841,54.164868,20.447139235259332,113.12333574656657,10.4,239.0,14.35229838127417
14:28:23,2025-06-07,-0.931761,54.164848,18.554101506044777,98.71491917339102,10.4,239.0,10.554076215173204
14:28:24,2025-06-07,-0.931683,54.164841,21.397662820535043,89.99996311326049,10.4,239.0,12.48311944481368
14:28:25,2025-06-07,-0.931592,54.164841,18.614848926836483,86.28876133815885,10.4,239.0,9.372294250390627
14:28:26,2025-06-07,-0.931513,54.164844,21.871610275614007,88.94776501418619,10.3,240.0,12.858478564235021
14:28:27,2025-06-07,-0.93142,54.164845,19.04626946475989,89.99996716719068,10.3,240.0,10.126204854622417
14:28:28,2025-06-07,-0.931339,54.164845,23.07496846657461,87.00680788830505,10.3,240.0,13.898156946983017
14:28:29,2025-06-07,-0.931241,54.164848,19.751685423543133,89.99996594970958,10.3,240.0,10.831620703973142
14:28:30,2025-06-07,-0.931157,54.164848,22.33821565760117,89.99996149146591,10.3,240.0,13.418150537304813
14:28:31,2025-06-07,-0.931062,54.164848,18.879292660985907,94.88139021125954,10.3,240.0,10.429814693125964
14:28:32,2025-06-07,-0.930982,54.164844,17.922129707675268,115.18938991520099,10.3,240.0,12.04221383136846
14:28:33,2025-06-07,-0.930913,54.164825,17.4301787339547,135.5187130396469,10.3,240.0,14.854521700414347
14:28:34,2025-06-07,-0.930861,54.164794,15.91581151236526,151.840991854599,10.3,240.0,16.246707672395107
14:28:35,2025-06-07,-0.930829,54.164759,19.20963630270715,163.68373970624873,10.3,240.0,21.646229178287733
14:28:36,2025-06-07,-0.930806,54.164713,18.087015963727225,175.53648400013708,10.3,240.0,22.52719913768676
14:28:37,2025-06-07,-0.9308,54.164668,18.839195829777072,181.4271215699879,10.3,240.0,24.209756021556355
14:28:38,2025-06-07,-0.930802,54.164621,18.86998693764856,183.56394239235075,10.3,240.0,24.56451974024321
14:28:39,2025-06-07,-0.930807,54.164574,19.669911273094908,183.41883174893988,10.3,240.0,25.342688852759867
14:28:40,2025-06-07,-0.930812,54.164525,18.869986803639467,183.5639506393808,10.3,240.0,24.564520841605535
14:28:41,2025-06-07,-0.930817,54.164478,18.47007310804055,183.64122563209588,10.3,240.0,24.176177441084178
14:28:42,2025-06-07,-0.930822,54.164432,18.52835583321822,185.81378781551544,10.3,240.0,24.55543003061012
14:28:43,2025-06-07,-0.93083,54.164386,18.95185293528945,186.39670929325106,10.3,240.0,25.06359130879887
14:28:44,2025-06-07,-0.930839,54.164339,18.18457637947813,187.41270932251294,10.3,240.0,24.442362406432068
14:28:45,2025-06-07,-0.930849,54.164294,18.155667935978933,186.67850765368883,10.3,240.0,24.308108731764428
14:28:46,2025-06-07,-0.930858,54.164249,18.724276551695322,190.10320193238132,10.3,240.0,25.359190222681438
14:28:47,2025-06-07,-0.930872,54.164203,17.587792474009746,191.54288843041414,10.3,240.0,24.418551511495146
14:28:48,2025-06-07,-0.930887,54.16416,18.1845771568439,187.41274103343807,10.3,240.0,24.442367711699333
14:28:49,2025-06-07,-0.930897,54.164115,16.934584556275922,186.3631831731493,10.3,240.0,23.041470620333143
14:28:50,2025-06-07,-0.930905,54.164073,18.581994554389397,187.25334468379123,10.3,240.0,24.817001232867
14:28:51,2025-06-07,-0.930915,54.164027,16.669626657156513,189.7235561041964,10.3,240.0,23.252192763289017
14:28:52,2025-06-07,-0.930927,54.163986,17.460006850969606,189.2793604120687,10.3,240.0,23.980958192927584
14:28:53,2025-06-07,-0.930939,54.163943,17.819918786311643,188.32709122375678,10.3,240.0,24.207464086424515
14:28:54,2025-06-07,-0.93095,54.163899,19.07979456833177,189.19852885641762,10.3,240.0,25.589491437255685
14:28:55,2025-06-07,-0.930963,54.163852,17.105143991951152,190.27149239038042,10.3,240.0,23.763169387541634
14:28:56,2025-06-07,-0.930976,54.16381,19.836462810221505,188.15948910277254,10.3,240.0,26.200344609365132
14:28:57,2025-06-07,-0.930988,54.163761,20.30410613029104,189.30980223782763,10.3,240.0,26.829292635835834
14:28:58,2025-06-07,-0.931002,54.163711,18.184579107014066,187.4128205768722,10.3,240.0,24.44238101961342
14:28:59,2025-06-07,-0.931012,54.163666,18.979551593840824,187.10067962978925,10.3,240.0,25.19269131304022
14:29:00,2025-06-07,-0.931022,54.163619,20.172966600509483,186.67861642337533,10.3,240.0,26.325423078112745
14:29:01,2025-06-07,-0.931032,54.163569,19.475435812117,189.01014003572365,10.3,240.0,25.958852369185696
14:29:02,2025-06-07,-0.931045,54.163521,19.11888135958339,189.89270238783718,10.3,240.0,25.724806079619203
14:29:03,2025-06-07,-0.931059,54.163474,17.064692574462317,189.4964341845885,10.3,240.0,23.615803601715314
14:29:04,2025-06-07,-0.931071,54.163432,19.83646523802341,188.1595626384411,10.3,240.0,26.20035743151731
14:29:05,2025-06-07,-0.931083,54.163383,17.064693343517554,189.49645468806665,10.3,240.0,23.61580721503781
14:29:06,2025-06-07,-0.931095,54.163341,16.993257900494758,187.9358520617579,10.3,240.0,23.3254799374204
14:29:07,2025-06-07,-0.931105,54.163299,16.090334691525484,185.01893312744303,10.3,240.0,22.000959719194377
14:29:08,2025-06-07,-0.931111,54.163259,16.167471417716694,187.5045112815864,10.3,240.0,22.438357517256712
14:29:09,2025-06-07,-0.93112,54.163219,19.303095135448977,192.638164325849,10.3,240.0,26.279966261166464
14:29:10,2025-06-07,-0.931138,54.163172,17.088949792254198,195.9393285207859,10.3,240.0,24.490569051394857
14:29:11,2025-06-07,-0.931158,54.163131,18.309672188442956,195.61215367788458,10.3,240.0,25.670269284958025
14:29:12,2025-06-07,-0.931179,54.163087,18.13214299234674,193.46944681210508,10.3,240.0,25.218209985684478
14:29:13,2025-06-07,-0.931197,54.163043,16.59649812849502,188.1269114687815,10.3,240.0,22.955774011303728
14:29:14,2025-06-07,-0.931207,54.163002,14.698918600499262,191.04307346910002,10.3,240.0,21.46216860962211
14:29:15,2025-06-07,-0.931219,54.162966,13.474009055139996,191.04308204627534,10.3,240.0,20.23726022719582
14:29:16,2025-06-07,-0.93123,54.162933,15.803573837646349,188.5377026322133,10.3,240.0,22.22077753762902
14:29:17,2025-06-07,-0.93124,54.162894,13.962849382218778,192.61826750688056,10.3,240.0,20.937088806761604
14:29:18,2025-06-07,-0.931253,54.16286,15.315651061034112,186.15568648558556,10.3,240.0,21.392459217706985
14:29:19,2025-06-07,-0.93126,54.162822,16.91008026348215,185.5733194534057,10.3,240.0,22.902046304266847
14:29:20,2025-06-07,-0.931267,54.16278,14.220582024120176,189.4965889589883,10.3,240.0,20.771714521844185
14:29:21,2025-06-07,-0.931277,54.162745,15.13810185777013,191.62422097950554,10.3,240.0,21.97979728381638
14:29:22,2025-06-07,-0.93129,54.162708,14.305872857570174,191.35058690181913,10.3,240.0,21.110719347295216
14:29:23,2025-06-07,-0.931302,54.162673,15.138102758282665,191.62424065507054,10.3,240.0,21.979800828338476
14:29:24,2025-06-07,-0.931315,54.162636,14.796409472786332,192.82696417484303,10.3,240.0,21.798210755313306
14:29:25,2025-06-07,-0.931329,54.1626,14.305874059922449,191.35061575946284,10.3,240.0,21.110724443960507
14:29:26,2025-06-07,-0.931341,54.162565,16.564818143595595,187.32360757942388,10.3,240.0,22.809874053393465
14:29:27,2025-06-07,-0.93135,54.162524,13.325452280264967,187.0795720884081,10.3,240.0,19.53556518899054
14:29:28,2025-06-07,-0.931357,54.162491,16.04387318389831,182.5143387581657,10.3,240.0,21.580232955444593
14:29:29,2025-06-07,-0.93136,54.162451,13.325452479433991,187.07958445031056,10.3,240.0,19.53556716109665
14:29:30,2025-06-07,-0.931367,54.162418,12.44199156374831,183.24292989660213,10.3,240.0,18.088348877815818
14:29:31,2025-06-07,-0.93137,54.162387,12.030463143708792,182.23527391805,10.3,240.0,17.524453587847443
14:29:32,2025-06-07,-0.931372,54.162357,10.82169528946056,181.24225536360012,10.3,240.0,16.163869553040325
14:29:33,2025-06-07,-0.931373,54.16233,8.04516749846858,185.0190476373784,10.3,240.0,13.955809384735463
14:29:34,2025-06-07,-0.931376,54.16231,10.061784800946949,185.35177140367568,10.3,240.0,16.021311603235198
14:29:35,2025-06-07,-0.93138,54.162285,7.646082872692017,185.28175665832902,10.3,240.0,13.595339509005672
14:29:36,2025-06-07,-0.931383,54.162266,8.0999677267083,188.32741916299756,10.3,240.0,14.487559274576828
14:29:37,2025-06-07,-0.931388,54.162246,10.819139872903785,180.0,10.3,240.0,15.969139872903785
14:29:38,2025-06-07,-0.931388,54.162219,10.513534663962835,187.694846080875,10.3,240.0,16.81153007236733
14:29:39,2025-06-07,-0.931394,54.162193,14.908111408895124,194.5859809909702,10.3,240.0,22.13849320304331
14:29:40,2025-06-07,-0.93141,54.162157,14.87828690695115,207.2269451424145,10.3,240.0,23.53874594529349
14:29:41,2025-06-07,-0.931439,54.162124,15.031560241370123,201.04439732041993,10.3,240.0,23.041184009164432
14:29:42,2025-06-07,-0.931462,54.162089,13.572157025828455,192.9880991157532,10.3,240.0,20.595175318242482
14:29:43,2025-06-07,-0.931475,54.162056,16.028354828186295,180.0,10.3,240.0,21.178354828186297
14:29:44,2025-06-07,-0.931475,54.162016,14.82622812545201,180.0,10.3,240.0,19.97622812545201
14:29:45,2025-06-07,-0.931475,54.161979,15.643560816607431,182.57875484211772,10.3,240.0,21.189682010610355
14:29:46,2025-06-07,-0.931478,54.16194,14.87277680835987,184.52388612589164,10.3,240.0,20.710299325364183
14:29:47,2025-06-07,-0.931483,54.161903,15.655927914624971,183.43654277295903,10.3,240.0,21.331362712064134
14:29:48,2025-06-07,-0.931487,54.161864,15.22875230773193,180.88273436288551,10.3,240.0,20.51556368066263
14:29:49,2025-06-07,-0.931488,54.161826,15.255961836164106,183.52675922970974,10.3,240.0,20.944923553820914
14:29:50,2025-06-07,-0.931492,54.161788,15.228752122318355,180.8827359838477,10.3,240.0,20.51556374533306
14:29:51,2025-06-07,-0.931493,54.16175,15.24326992161884,177.35346387681898,10.3,240.0,19.97589890221313
14:29:52,2025-06-07,-0.93149,54.161712,16.444202397470963,177.54686454398347,10.3,240.0,21.207684400346107
14:29:53,2025-06-07,-0.931487,54.161671,15.62764495768022,180.0,10.3,240.0,20.77764495768022
14:29:54,2025-06-07,-0.931487,54.161632,16.831414190404875,180.79868044093172,10.3,240.0,22.105251938400468
14:29:55,2025-06-07,-0.931488,54.16159,15.655927524533102,183.43656870495826,10.3,240.0,21.331366212200663
14:29:56,2025-06-07,-0.931492,54.161551,16.47108283776211,184.08414377564335,10.3,240.0,22.243303910936884
14:29:57,2025-06-07,-0.931497,54.16151,17.308931369701746,185.44466709672466,10.3,240.0,23.28207090788552
14:29:58,2025-06-07,-0.931504,54.161467,18.184588852448325,187.41321810660077,10.3,240.0,24.442447526822278
14:29:59,2025-06-07,-0.931514,54.161422,17.35997393492904,186.98661323943125,10.3,240.0,23.556746569182764
14:30:00,2025-06-07,-0.931523,54.161379,15.643559706859184,182.57879218284603,10.3,240.0,21.18968655733358
14:30:01,2025-06-07,-0.931526,54.16134,20.484799695485975,183.9404808658723,10.3,240.0,26.23561305008685
14:30:02,2025-06-07,-0.931532,54.161289,18.58200601597736,187.25382750196206,10.3,240.0,24.81708178071579
14:30:03,2025-06-07,-0.931542,54.161243,17.460029220779106,189.27996484293183,10.3,240.0,23.981064670996417
14:30:04,2025-06-07,-0.931554,54.1612,18.420264479960593,191.75989188359924,10.3,240.0,25.280172216433062
14:30:05,2025-06-07,-0.93157,54.161155,18.76708573320196,190.8091960222696,10.3,240.0,25.498569300741387
14:30:06,2025-06-07,-0.931585,54.161109,16.80347121073531,192.09063602998472,10.3,240.0,23.707616288235627
14:30:07,2025-06-07,-0.9316,54.161068,19.118907283346044,189.89327725324088,10.3,240.0,25.724911292585404
14:30:08,2025-06-07,-0.931614,54.161021,17.0274051768578,188.71826878617492,10.3,240.0,23.46996726790407
14:30:09,2025-06-07,-0.931625,54.160979,18.18459097189032,187.4133045554452,10.3,240.0,24.442461989929704
14:30:10,2025-06-07,-0.931635,54.160934,17.288152346928157,184.67064774847998,10.3,240.0,23.14739252540278
14:30:11,2025-06-07,-0.931641,54.160891,18.44610030248811,177.81319147275417,10.3,240.0,23.25198028076347
14:30:12,2025-06-07,-0.931638,54.160845,15.407453779160507,171.24062660879042,10.3,240.0,19.138995048940615
14:30:13,2025-06-07,-0.931628,54.160807,17.0890173560941,164.05980676908393,10.3,240.0,19.591243556783173
14:30:14,2025-06-07,-0.931608,54.160766,17.244355585348035,155.04234548216414,10.3,240.0,18.149642923597877
14:30:15,2025-06-07,-0.931577,54.160727,14.978853125730563,143.43747997677303,10.3,240.0,13.801693810603442
14:30:16,2025-06-07,-0.931539,54.160697,19.67743583148592,140.763590441852,10.3,240.0,18.024198821594524
14:30:17,2025-06-07,-0.931486,54.160659,14.916968485321698,132.25378022328852,10.3,240.0,11.777513428572398
14:30:18,2025-06-07,-0.931439,54.160634,18.497178763481006,135.69999974115046,10.3,240.0,15.95308888734545
14:30:19,2025-06-07,-0.931384,54.160601,15.26873362013673,131.06809161075887,10.3,240.0,11.926957855642275
14:30:20,2025-06-07,-0.931335,54.160576,17.12229461888654,131.0060959805545,10.3,240.0,13.769978810314752
14:30:21,2025-06-07,-0.93128,54.160548,16.425711256266037,129.4311113811341,10.3,240.0,12.806978060849676
14:30:22,2025-06-07,-0.931226,54.160522,17.409467478571504,128.4865688263866,10.3,240.0,13.632258446874888
14:30:23,2025-06-07,-0.931168,54.160495,17.65784422810007,132.97123650916672,10.3,240.0,14.641471206214955
14:30:24,2025-06-07,-0.931113,54.160465,17.594329071651753,128.01035377401473,10.3,240.0,13.737606977434226
14:30:25,2025-06-07,-0.931054,54.160438,17.0405738574231,133.06092902598618,10.3,240.0,14.039621543969838
14:30:26,2025-06-07,-0.931001,54.160409,18.212922108433567,134.81837213777374,10.3,240.0,15.515560905052054
14:30:27,2025-06-07,-0.930946,54.160377,15.978410867344913,132.6840657948925,10.3,240.0,12.91271489464247
14:30:28,2025-06-07,-0.930896,54.16035,16.152254906921158,132.11908453013376,10.3,240.0,12.989746654203916
14:30:29,2025-06-07,-0.930845,54.160323,12.674751727497858,136.71303360043203,10.3,240.0,10.307519689058111
14:30:30,2025-06-07,-0.930808,54.1603,20.57217888862308,133.04542337770147,10.3,240.0,17.568560184007495
14:30:31,2025-06-07,-0.930744,54.160265,17.14786145157777,134.57624100462118,10.3,240.0,14.408515901127455
14:30:32,2025-06-07,-0.930692,54.160235,16.815695278841705,135.69972668186415,10.3,240.0,14.271557836106506
14:30:33,2025-06-07,-0.930642,54.160205,16.980971449105713,135.1324711422552,10.3,240.0,14.338145133597195
14:30:34,2025-06-07,-0.930591,54.160175,17.596909463915704,134.96983114125112,10.3,240.0,14.925835044867197
14:30:35,2025-06-07,-0.930538,54.160144,15.361044673967935,132.77191189217535,10.3,240.0,12.310428572122078
14:30:36,2025-06-07,-0.93049,54.160118,17.104473175172586,136.63818060441838,10.3,240.0,14.724147126608772
14:30:37,2025-06-07,-0.93044,54.160087,16.330198231304205,137.4692316321313,10.3,240.0,14.0954704448335
14:30:38,2025-06-07,-0.930393,54.160057,15.806223977905164,133.2611516414703,10.3,240.0,12.839722133325077
14:30:39,2025-06-07,-0.930344,54.16003,15.708804004151089,139.99491301146702,10.3,240.0,13.919327191875993
14:30:40,2025-06-07,-0.930301,54.16,17.752825230575723,144.410939299237,10.3,240.0,16.749678541759312
14:30:41,2025-06-07,-0.930257,54.159964,15.099747660891493,140.38166993463506,10.3,240.0,13.378780627270698
14:30:42,2025-06-07,-0.930216,54.159935,17.153735167868163,144.90695813309873,10.3,240.0,16.239369820858762
14:30:43,2025-06-07,-0.930174,54.1599,15.558481570762938,140.65729167740153,10.3,240.0,13.886385964723711
14:30:44,2025-06-07,-0.930132,54.15987,17.569439470122507,143.02685504452677,10.3,240.0,16.318977087958345
14:30:45,2025-06-07,-0.930087,54.159835,15.765094279766963,144.48794277325487,10.3,240.0,14.775725514945323
14:30:46,2025-06-07,-0.930048,54.159803,17.75285348529763,144.41081021698687,10.3,240.0,16.749683701824136
14:30:47,2025-06-07,-0.930004,54.159767,16.0175661601426,140.9170658437522,10.3,240.0,14.391567434533213
14:30:48,2025-06-07,-0.929961,54.159736,16.55604198983406,145.43873079929386,10.3,240.0,15.736933423775763
14:30:49,2025-06-07,-0.929921,54.159702,16.69078509139244,144.7749037266197,10.3,240.0,15.752776642922218
14:30:50,2025-06-07,-0.92988,54.159668,17.29024958992601,144.27010763620382,10.3,240.0,16.26190915926051
14:30:51,2025-06-07,-0.929837,54.159633,15.120470738944995,142.72203177217597,10.3,240.0,13.815633891651022
14:30:52,2025-06-07,-0.929798,54.159603,18.487296981215152,147.76566563690238,10.3,240.0,18.085734917309406
14:30:53,2025-06-07,-0.929756,54.159564,15.82939921603944,146.71494524816524,10.3,240.0,15.239171994486213
14:30:54,2025-06-07,-0.929719,54.159531,18.362739396072644,148.38528087190093,10.3,240.0,18.07250151673282
14:30:55,2025-06-07,-0.929678,54.159492,16.365366270620367,143.96491315599758,10.3,240.0,15.282450330701831
14:30:56,2025-06-07,-0.929637,54.159459,18.08001620556766,145.1501810975708,10.3,240.0,17.2092102658088
14:30:57,2025-06-07,-0.929593,54.159422,15.629503238062059,145.18834428895593,10.3,240.0,14.765533483716572
14:30:58,2025-06-07,-0.929555,54.15939,17.89100488366774,143.7989950204858,10.3,240.0,16.778431912702704
14:30:59,2025-06-07,-0.92951,54.159354,16.50503397835307,143.3056201196557,10.3,240.0,15.304328814962188
14:31:00,2025-06-07,-0.929468,54.159321,18.173182934688853,142.60399685599282,10.3,240.0,16.847300819267275
14:31:01,2025-06-07,-0.929421,54.159285,17.752927790265037,144.41047081231216,10.3,240.0,16.749697282474813
14:31:02,2025-06-07,-0.929377,54.159249,18.610719028167036,140.8805027774588,10.3,240.0,16.978230149867823
14:31:03,2025-06-07,-0.929327,54.159213,17.53985139884979,138.99527409960422,10.3,240.0,15.573684792174213
14:31:04,2025-06-07,-0.929278,54.15918,19.557274934299343,143.10490895082472,10.3,240.0,18.320741584119208
14:31:05,2025-06-07,-0.929228,54.159141,17.852394137964314,137.8574197304997,10.3,240.0,15.685838988835723
14:31:06,2025-06-07,-0.929177,54.159108,19.40060594561169,136.36090783956485,10.3,240.0,16.971812235344995
14:31:07,2025-06-07,-0.92912,54.159073,18.920014926554888,137.90531568030423,10.3,240.0,16.761878101798892
14:31:08,2025-06-07,-0.929066,54.159038,19.27861869183708,135.032703001026,10.3,240.0,16.61846162267507
14:31:09,2025-06-07,-0.929008,54.159004,19.278626546234747,135.03267947626216,10.3,240.0,16.618465391528066
14:31:10,2025-06-07,-0.92895,54.15897,19.27863439935909,135.032655929979,10.3,240.0,16.618469155370924
14:31:11,2025-06-07,-0.928892,54.158936,19.728558777872173,135.37333339797556,10.3,240.0,17.12760563989875
14:31:12,2025-06-07,-0.928833,54.158901,19.445750092542944,134.5429077224473,10.3,240.0,16.700628529135543
14:31:13,2025-06-07,-0.928774,54.158867,19.61425428508094,134.06154378968063,10.3,240.0,16.785826228687768
14:31:14,2025-06-07,-0.928714,54.158833,20.344307065976075,135.2252872713904,10.3,240.0,17.71761106422847
14:31:15,2025-06-07,-0.928653,54.158797,18.82947176094279,134.67555620232645,10.3,240.0,16.107341101861792
14:31:16,2025-06-07,-0.928596,54.158764,18.892949765279972,132.80816815356508,10.3,240.0,15.848559592497132
14:31:17,2025-06-07,-0.928537,54.158732,18.047036619826446,135.34286635550285,10.3,240.0,15.440784323594109
14:31:18,2025-06-07,-0.928483,54.1587,18.55028180383263,133.79429546837883,10.3,240.0,15.675688647148462
14:31:19,2025-06-07,-0.928426,54.158668,17.48076179611268,129.99419512819816,10.3,240.0,13.956973735337067
14:31:20,2025-06-07,-0.928369,54.15864,17.557748620058454,136.978704805375,10.3,240.0,15.237022823324493
14:31:21,2025-06-07,-0.928318,54.158608,19.56394963421147,135.8627063451355,10.3,240.0,17.048213290253443
14:31:22,2025-06-07,-0.92826,54.158573,17.594826045451846,128.00908284879705,10.3,240.0,13.737892100387395
14:31:23,2025-06-07,-0.928201,54.158546,16.42373255003706,133.15609813995007,10.3,240.0,13.439150569134062
14:31:24,2025-06-07,-0.92815,54.158518,20.306196104446528,136.96347381160632,10.3,240.0,17.98280273593651
14:31:25,2025-06-07,-0.928091,54.158481,16.175013016479507,128.33172586610272,10.3,240.0,12.371921144651076
14:31:26,2025-06-07,-0.928037,54.158456,18.497650210611948,135.69849250954832,10.3,240.0,15.953297777262815
14:31:27,2025-06-07,-0.927982,54.158423,17.557791140689194,136.97855495114607,10.3,240.0,15.23703909753367
14:31:28,2025-06-07,-0.927931,54.158391,18.2796267897462,129.5375831652094,10.3,240.0,14.678819962374476
14:31:29,2025-06-07,-0.927871,54.158362,15.808438518817546,129.38802304336087,10.3,240.0,12.182454204186794
14:31:30,2025-06-07,-0.927819,54.158337,18.381139734090063,134.3008134723662,10.3,240.0,15.594095922013889
14:31:31,2025-06-07,-0.927763,54.158305,16.8697868982424,133.60421375050265,10.3,240.0,13.962396582252897
14:31:32,2025-06-07,-0.927711,54.158276,17.301173738665867,130.49400561345965,10.3,240.0,13.861947312803363
14:31:33,2025-06-07,-0.927655,54.158248,16.065381646898775,130.49398877875103,10.3,240.0,12.626152368372196
14:31:34,2025-06-07,-0.927603,54.158222,16.152709200792458,132.1176189159777,10.3,240.0,12.989950203799383
14:31:35,2025-06-07,-0.927552,54.158195,16.490624757375475,136.8665269082942,10.3,240.0,14.150255865762219
14:31:36,2025-06-07,-0.927504,54.158165,16.945905678283417,131.5256391487889,10.3,240.0,13.682038983723464
14:31:37,2025-06-07,-0.92745,54.158137,15.71032730740941,131.60677017579746,10.3,240.0,12.460297095365604
14:31:38,2025-06-07,-0.9274,54.158111,15.887123870423084,131.04411803382925,10.3,240.0,12.541271828915923
14:31:39,2025-06-07,-0.927349,54.158085,15.710338283456323,131.60673443015742,10.3,240.0,12.460301973739107
14:31:40,2025-06-07,-0.927299,54.158059,16.77040622354316,132.05769440683042,10.3,240.0,13.597396829061243
14:31:41,2025-06-07,-0.927246,54.158031,15.3614647239239,132.7704536366562,10.3,240.0,12.310598235822214
14:31:42,2025-06-07,-0.927198,54.158005,16.42384609639702,133.15572443034262,10.3,240.0,13.43919981641947
14:31:43,2025-06-07,-0.927147,54.157977,15.189489663056513,133.37217503111015,10.3,240.0,12.24210623472588
14:31:44,2025-06-07,-0.9271,54.157951,15.636021272434752,133.8496338974245,10.3,240.0,12.770982304346644
14:31:45,2025-06-07,-0.927052,54.157924,15.46709347328558,134.45247543869846,10.3,240.0,12.7063064297786
14:31:46,2025-06-07,-0.927005,54.157897,14.755913163172746,128.7161152786805,10.3,240.0,11.017124771091428
14:31:47,2025-06-07,-0.926956,54.157874,15.80666339537439,133.25964329830123,10.3,240.0,12.839901888067468
14:31:48,2025-06-07,-0.926907,54.157847,15.806668828272809,133.2596246435072,10.3,240.0,12.83990410953803
14:31:49,2025-06-07,-0.926858,54.15782,15.189519918736758,133.37206651816052,10.3,240.0,12.242117798877242
14:31:50,2025-06-07,-0.926811,54.157794,14.573010442227858,129.29384758218328,10.3,240.0,10.931184958601538
14:31:51,2025-06-07,-0.926763,54.157771,15.46712240974251,134.45236954584766,10.3,240.0,12.706317026563038
14:31:52,2025-06-07,-0.926716,54.157744,14.033589113206565,131.1165463159483,10.3,240.0,10.700053988267404
14:31:53,2025-06-07,-0.926671,54.157721,14.519321478410035,135.91912284069832,10.3,240.0,12.013421118252559
14:31:54,2025-06-07,-0.926628,54.157695,14.80948670270829,136.99881921335555,10.3,240.0,12.492284015160857
14:31:55,2025-06-07,-0.926585,54.157668,13.857109330882745,131.75530495437653,10.3,240.0,10.632427833579232
14:31:56,2025-06-07,-0.926541,54.157645,13.33850213151203,133.7717515545312,10.3,240.0,10.460017532725981
14:31:57,2025-06-07,-0.9265,54.157622,14.037060386936057,137.98562810656387,10.3,240.0,11.893042877538234
14:31:58,2025-06-07,-0.92646,54.157596,13.169501355200387,134.4787615914487,10.3,240.0,10.413267124300148
14:31:59,2025-06-07,-0.92642,54.157573,13.169505055893362,134.47874566976816,10.3,240.0,10.413268067151513
14:32:00,2025-06-07,-0.92638,54.15755,13.884266434656716,141.2553058462879,10.3,240.0,12.318338288740664
14:32:01,2025-06-07,-0.926343,54.157523,12.356975297710926,138.29677600491715,10.3,240.0,10.267698626675061
14:32:02,2025-06-07,-0.926308,54.1575,13.59442497469659,142.79936530642908,10.3,240.0,12.303379470588336
14:32:03,2025-06-07,-0.926273,54.157473,12.222785475954456,136.2231850788537,10.3,240.0,9.76993870929737
14:32:04,2025-06-07,-0.926237,54.157451,14.183806141501249,139.7751450043923,10.3,240.0,12.355435948908415
14:32:05,2025-06-07,-0.926198,54.157424,14.337014107799144,139.0584471801925,10.3,240.0,12.381996419311164
14:32:06,2025-06-07,-0.926158,54.157397,14.809535914446306,136.9986134474733,10.3,240.0,12.492297184835557
14:32:07,2025-06-07,-0.926115,54.15737,14.971121831687064,136.3411262963047,10.3,240.0,12.538872440711401
14:32:08,2025-06-07,-0.926071,54.157343,15.410628974145805,141.33083176125285,10.3,240.0,13.858121569418612
14:32:09,2025-06-07,-0.92603,54.157313,14.70350511862014,144.9052546393832,10.3,240.0,13.788834745862907
14:32:10,2025-06-07,-0.925994,54.157283,15.032889760546404,145.78397086160783,10.3,240.0,14.275662557348562
14:32:11,2025-06-07,-0.925958,54.157252,13.594454416622339,142.79919997139564,10.3,240.0,12.303379424829123
14:32:12,2025-06-07,-0.925923,54.157225,14.30887953331635,147.21360958798334,10.3,240.0,13.808170578548902
14:32:13,2025-06-07,-0.92589,54.157195,14.403434983171683,149.64829787650655,10.3,240.0,14.340210271794438
14:32:14,2025-06-07,-0.925859,54.157164,13.821255252035554,150.4881616612401,10.3,240.0,13.90901048150929
14:32:15,2025-06-07,-0.92583,54.157134,14.059482322638322,152.12575983213424,10.3,240.0,14.441540190949253
14:32:16,2025-06-07,-0.925802,54.157103,15.342614746888914,152.67572007182457,10.3,240.0,15.823451214916501
14:32:17,2025-06-07,-0.925772,54.157069,13.706734382696457,151.34216007150997,10.3,240.0,13.947990973993033
14:32:18,2025-06-07,-0.925744,54.157039,14.308838529273517,153.70733743586618,10.3,240.0,14.974837592305683
14:32:19,2025-06-07,-0.925717,54.157007,14.838646460923258,156.70504303645657,10.3,240.0,16.041255438211532
14:32:20,2025-06-07,-0.925692,54.156973,14.658635156521692,158.39054425269455,10.3,240.0,16.16160871623587
14:32:21,2025-06-07,-0.925669,54.156939,14.491660188757427,160.1162552343285,10.3,240.0,16.30081429599036
14:32:22,2025-06-07,-0.925648,54.156905,14.948772488696338,159.79278373076238,10.3,240.0,16.700651985090808
14:32:23,2025-06-07,-0.925626,54.15687,13.087454273491373,156.76049658565182,10.3,240.0,14.299963327230156
14:32:24,2025-06-07,-0.925604,54.15684,16.190859100463918,164.8764003848737,10.3,240.0,18.8352268169694
14:32:25,2025-06-07,-0.925586,54.156801,14.073414561911049,165.51493555197737,10.3,240.0,16.828557039571546
14:32:26,2025-06-07,-0.925571,54.156767,13.962934644120548,167.3799240382706,10.3,240.0,17.03961072973411
14:32:27,2025-06-07,-0.925558,54.156733,14.520842040734573,165.01389040325978,10.3,240.0,17.18909010427263
14:32:28,2025-06-07,-0.925542,54.156698,14.016311913216112,166.4437433737678,10.3,240.0,16.93197182652669
14:32:29,2025-06-07,-0.925528,54.156664,13.913330921781366,168.32295388078342,10.3,240.0,17.151370662388338
14:32:30,2025-06-07,-0.925516,54.15663,14.305940461960544,168.64778923436893,10.3,240.0,17.599362500166865
14:32:31,2025-06-07,-0.925504,54.156595,13.962937034970958,167.37987327283554,10.3,240.0,17.03960441118545
14:32:32,2025-06-07,-0.925491,54.156561,13.962937519059592,167.37986323907023,10.3,240.0,17.039603173865007
14:32:33,2025-06-07,-0.925478,54.156527,12.738531971139016,167.22838208873645,10.3,240.0,15.789198550429152
14:32:34,2025-06-07,-0.925466,54.156496,13.18213810713364,166.6186660154226,10.3,240.0,16.127943853004346
14:32:35,2025-06-07,-0.925453,54.156464,13.299108786078305,164.65102874293348,10.3,240.0,15.904299310650174
14:32:36,2025-06-07,-0.925438,54.156432,14.461685231462978,165.911967011784,10.3,240.0,17.285534113336457
14:32:37,2025-06-07,-0.925423,54.156397,14.016316857314992,166.44364842476693,10.3,240.0,16.93196039989183
14:32:38,2025-06-07,-0.925409,54.156363,14.461686505033976,165.91194445232702,10.3,240.0,17.285531486808022
14:32:39,2025-06-07,-0.925394,54.156328,13.867540608200743,169.27238847161163,10.3,240.0,17.26715371848337
14:32:40,2025-06-07,-0.925383,54.156294,14.406121229509868,166.81722780726432,10.3,240.0,17.386113445053418
14:32:41,2025-06-07,-0.925369,54.156259,15.138182663884166,168.37400667239558,10.3,240.0,18.38493350954787
14:32:42,2025-06-07,-0.925356,54.156222,14.35419445950913,167.72926343113306,10.3,240.0,17.49074620195824
14:32:43,2025-06-07,-0.925343,54.156187,13.962942716650286,167.37975285073662,10.3,240.0,17.039589433047606
14:32:44,2025-06-07,-0.92533,54.156153,15.373339282706047,172.10403430464487,10.3,240.0,19.249121141431544
14:32:45,2025-06-07,-0.925321,54.156115,13.391720612253037,170.9262925651709,10.3,240.0,17.070537215867624
14:32:46,2025-06-07,-0.925312,54.156082,14.579973003943703,171.67135066019625,10.3,240.0,18.383578853022865
14:32:47,2025-06-07,-0.925303,54.156046,13.72319766090981,173.12556311379637,10.3,240.0,17.76849655620388
14:32:48,2025-06-07,-0.925296,54.156012,15.342726019443347,172.9720280750755,10.3,240.0,19.362627420879903
14:32:49,2025-06-07,-0.925288,54.155974,14.220630099482355,170.5018775981316,10.3,240.0,17.828082283018034
14:32:50,2025-06-07,-0.925278,54.155939,15.01159601048585,171.00665722668282,10.3,240.0,18.703903139839564
14:32:51,2025-06-07,-0.925268,54.155902,14.150442390840293,172.37642093593195,10.3,240.0,18.071547985242475
14:32:52,2025-06-07,-0.92526,54.155867,15.71410891440311,173.9999791294366,10.3,240.0,19.90349291057202
14:32:53,2025-06-07,-0.925253,54.155828,14.872775407523907,175.4754484927272,10.3,240.0,19.303055649268114
14:32:54,2025-06-07,-0.925248,54.155791,13.674743912407283,175.07810152895968,10.3,240.0,18.040432727254156
14:32:55,2025-06-07,-0.925243,54.155757,14.074010173607094,175.2180615340436,10.3,240.0,18.46247454385457
14:32:56,2025-06-07,-0.925238,54.155722,14.893216926726973,174.57547590410957,10.3,240.0,19.176900172354177
14:32:57,2025-06-07,-0.925232,54.155685,16.16750189701674,172.4941308204343,10.3,240.0,20.10816644807121
14:32:58,2025-06-07,-0.925223,54.155645,13.91334270168637,168.32267428898956,10.3,240.0,17.151334728640542
14:32:59,2025-06-07,-0.925211,54.155611,15.530851973944543,168.67176755707396,10.3,240.0,18.82835798519258
14:33:00,2025-06-07,-0.925198,54.155573,15.578860261295223,167.82546031171057,10.3,240.0,18.73187946150614
14:33:01,2025-06-07,-0.925184,54.155535,15.445137021889273,170.37912267326237,10.3,240.0,19.031911163314554
14:33:02,2025-06-07,-0.925173,54.155497,15.578861348805189,167.82543862499517,10.3,240.0,18.7318768375768
14:33:03,2025-06-07,-0.925159,54.155459,13.962952843474346,167.37953798593526,10.3,240.0,17.03956269727237
14:33:04,2025-06-07,-0.925146,54.155425,15.9239163037136,168.95495344443793,10.3,240.0,19.269610477644328
14:33:05,2025-06-07,-0.925133,54.155386,14.073441602929861,165.514461175654,10.3,240.0,16.82850190984983
14:33:06,2025-06-07,-0.925118,54.155352,15.743104921935624,165.31986724214244,10.3,240.0,18.464442102016942
14:33:07,2025-06-07,-0.925101,54.155314,14.583591900322542,164.12267326226515,10.3,240.0,17.096779472766638
14:33:08,2025-06-07,-0.925084,54.155279,14.198663244774899,163.68020521041763,10.3,240.0,16.6346387580391
14:33:09,2025-06-07,-0.925067,54.155245,14.266678795039118,162.77556797971226,10.3,240.0,16.544345142415278
14:33:10,2025-06-07,-0.925049,54.155211,14.461707780492372,165.91156795961456,10.3,240.0,17.28548767379933
14:33:11,2025-06-07,-0.925034,54.155176,14.266680731386119,162.77554096658923,10.3,240.0,16.544342342861636
14:33:12,2025-06-07,-0.925016,54.155142,15.804479421834568,164.49672064513538,10.3,240.0,18.382822711108325
14:33:13,2025-06-07,-0.924998,54.155104,14.719513712693367,162.36487037838424,10.3,240.0,16.925119272831076
14:33:14,2025-06-07,-0.924979,54.155069,15.804481237987485,164.49669461665735,10.3,240.0,18.382819997123455
14:33:15,2025-06-07,-0.924961,54.155031,14.573570441545375,159.24759350163572,10.3,240.0,16.22879187775817
14:33:16,2025-06-07,-0.924939,54.154997,14.649828031012882,163.2396331361483,10.3,240.0,17.008777990509806
14:33:17,2025-06-07,-0.924921,54.154962,14.338238130628042,161.8795969631244,10.3,240.0,16.458552099292827
14:33:18,2025-06-07,-0.924902,54.154928,15.804484743566587,164.49664434741658,10.3,240.0,18.382814753569175
14:33:19,2025-06-07,-0.924884,54.15489,14.266688775666202,162.7754289905855,10.3,240.0,16.544330755669513
14:33:20,2025-06-07,-0.924866,54.154856,15.936934901940344,162.8702309626375,10.3,240.0,18.231194305896743
14:33:21,2025-06-07,-0.924846,54.154818,14.719522420689284,162.36475607433454,10.3,240.0,16.925107909151585
14:33:22,2025-06-07,-0.924827,54.154783,15.936937170792987,162.87020251902072,10.3,240.0,18.231191589931633
14:33:23,2025-06-07,-0.924807,54.154745,14.491744516062445,160.11528383294342,10.3,240.0,16.300726710134615
14:33:24,2025-06-07,-0.924786,54.154711,14.413281388316895,160.9927038503114,10.3,240.0,16.377326502035793
14:33:25,2025-06-07,-0.924766,54.154677,16.61582496970086,160.1824082735602,10.3,240.0,18.436685244058864
14:33:26,2025-06-07,-0.924742,54.154638,16.007939733495004,162.06732180639165,10.3,240.0,18.1612665701055
14:33:27,2025-06-07,-0.924721,54.1546,14.573588609429676,159.24739581623135,10.3,240.0,16.22877496982157
14:33:28,2025-06-07,-0.924699,54.154566,15.936943898915787,162.87011797400987,10.3,240.0,18.231183501318245
14:33:29,2025-06-07,-0.924679,54.154528,16.320229566066804,163.28453595931876,10.3,240.0,18.687036380544303
14:33:30,2025-06-07,-0.924659,54.154489,15.804495667612832,164.4964878271852,10.3,240.0,18.382798435966258
14:33:31,2025-06-07,-0.924641,54.154451,16.082071429384772,161.27163387282644,10.3,240.0,18.09531597269692
14:33:32,2025-06-07,-0.924619,54.154413,17.60723063047035,162.94688489941836,10.3,240.0,19.914921778047542
14:33:33,2025-06-07,-0.924597,54.154371,17.677781211454377,162.21958183449556,10.3,240.0,19.857867192173156
14:33:34,2025-06-07,-0.924574,54.154329,17.67778277679627,162.2195649280443,10.3,240.0,19.85786578711911
14:33:35,2025-06-07,-0.924551,54.154287,17.607234904294994,162.94683599977157,10.3,240.0,19.914917484708944
14:33:36,2025-06-07,-0.924529,54.154245,17.607236337395793,162.9468197002367,10.3,240.0,19.91491606214915
14:33:37,2025-06-07,-0.924507,54.154203,17.60723776666894,162.9468034033083,10.3,240.0,19.914914636218175
14:33:38,2025-06-07,-0.924485,54.154161,19.08286678523779,165.03244546166889,10.3,240.0,21.75433646350146
14:33:39,2025-06-07,-0.924464,54.154115,17.224629199438258,162.555795826745,10.3,240.0,19.463748760041945
14:33:40,2025-06-07,-0.924442,54.154074,17.41294678818742,165.16216281303377,10.3,240.0,20.106930745886427
14:33:41,2025-06-07,-0.924423,54.154032,17.539563742850522,163.67973659645475,10.3,240.0,19.975457403687773
14:33:42,2025-06-07,-0.924402,54.15399,15.804508086974622,164.49630992358732,10.3,240.0,18.38277989197582
14:33:43,2025-06-07,-0.924384,54.153952,15.936962955026258,162.8698787433715,10.3,240.0,18.231160631601167
14:33:44,2025-06-07,-0.924364,54.153914,14.649857534423182,163.23921920070188,10.3,240.0,17.008735058970476
14:33:45,2025-06-07,-0.924346,54.153879,13.884567664075453,162.28526493981258,10.3,240.0,16.07619246853225
14:33:46,2025-06-07,-0.924328,54.153846,15.101837003661142,162.8250506201323,10.3,240.0,17.38817772316762
14:33:47,2025-06-07,-0.924309,54.15381,14.073471727279614,165.51393282996708,10.3,240.0,16.828440514746212
14:33:48,2025-06-07,-0.924294,54.153776,13.962976268888012,167.3790412707724,10.3,240.0,17.039500905156302
14:33:49,2025-06-07,-0.924281,54.153742,12.668777935617673,161.64171833321154,10.3,240.0,14.74722645450218
14:33:50,2025-06-07,-0.924264,54.153712,14.792660951343773,161.49789658815655,10.3,240.0,16.845780137429124
14:33:51,2025-06-07,-0.924244,54.153677,14.266722864910511,162.7749540888201,10.3,240.0,16.544281585721457
14:33:52,2025-06-07,-0.924226,54.153643,13.962978123515688,167.37900201659727,10.3,240.0,17.03949602524277
14:33:53,2025-06-07,-0.924213,54.153609,14.583633111797022,164.1220522186827,10.3,240.0,17.096712414153878
14:33:54,2025-06-07,-0.924196,54.153574,14.573631858840159,159.24692524469515,10.3,240.0,16.22873472445584
14:33:55,2025-06-07,-0.924174,54.15354,16.32025938225353,163.28415923426087,10.3,240.0,18.68700028544255
14:33:56,2025-06-07,-0.924154,54.153501,17.607261606378383,162.94653097138973,10.3,240.0,19.9148907461242
14:33:57,2025-06-07,-0.924132,54.153459,18.825864484279183,163.33675166524858,10.3,240.0,21.2018058943195
14:33:58,2025-06-07,-0.924109,54.153414,19.210019318008467,163.67950434403247,10.3,240.0,21.645872411440067
14:33:59,2025-06-07,-0.924086,54.153368,20.3663088600076,164.63003107513498,10.3,240.0,22.967847219762234
14:34:00,2025-06-07,-0.924063,54.153319,21.081047699344794,165.8225606473227,10.3,240.0,23.88943649679711
14:34:01,2025-06-07,-0.924041,54.153268,21.752278064932984,167.53856535018997,10.3,240.0,24.85615907530697
14:34:02,2025-06-07,-0.924021,54.153215,23.810153539047622,167.47612117955168,10.3,240.0,26.90332901331788
14:34:03,2025-06-07,-0.923999,54.153157,23.706793572569246,164.49600589590136,10.3,240.0,26.285012462808318
14:34:04,2025-06-07,-0.923972,54.1531,25.196582900491176,165.98481671186323,10.3,240.0,28.03302381809837
14:34:05,2025-06-07,-0.923946,54.153039,25.377072805260568,168.26090414471537,10.3,240.0,28.604521578767343
14:34:06,2025-06-07,-0.923924,54.152977,27.936501522435357,171.78978459145696,10.3,240.0,31.759885084475524
14:34:07,2025-06-07,-0.923907,54.152908,27.575110883917162,171.18823741831704,10.3,240.0,31.297872435232712
14:34:08,2025-06-07,-0.923889,54.15284,27.298039432231878,169.59888693057144,10.3,240.0,30.753002098756596
14:34:09,2025-06-07,-0.923868,54.152773,28.128920124683454,169.4234322142422,10.3,240.0,31.554152712595215
14:34:10,2025-06-07,-0.923846,54.152704,30.023233889244093,171.00595781757124,10.3,240.0,33.71542364261002
14:34:11,2025-06-07,-0.923826,54.15263,28.046196839816645,170.366013717721,10.3,240.0,31.630761805705387
14:34:12,2025-06-07,-0.923806,54.152561,27.539982572595097,171.67064568972262,10.3,240.0,31.34347064734989
14:34:13,2025-06-07,-0.923789,54.152493,29.523727272064868,172.23392338394137,10.3,240.0,33.421132995096045
14:34:14,2025-06-07,-0.923772,54.15242,26.387890675473695,170.7882569040935,10.3,240.0,30.04351885372115
14:34:15,2025-06-07,-0.923754,54.152355,27.50681846484272,172.15428070269695,10.3,240.0,31.390967685378822
14:34:16,2025-06-07,-0.923738,54.152287,27.903813024237042,172.26658816767633,10.3,240.0,31.806653615383365
14:34:17,2025-06-07,-0.923722,54.152218,25.919986638155592,171.67057844311864,10.3,240.0,29.72346347847596
14:34:18,2025-06-07,-0.923706,54.152154,24.299987998294945,171.67056654845805,10.3,240.0,28.103462851454427
14:34:19,2025-06-07,-0.923691,54.152094,27.078285802741306,172.5304052823666,10.3,240.0,31.02497445668258
14:34:20,2025-06-07,-0.923676,54.152027,25.95518272602847,171.15793930069583,10.3,240.0,29.672865302380238
14:34:21,2025-06-07,-0.923659,54.151963,26.316515276511318,171.79691608166638,10.3,240.0,30.141089231423408
14:34:22,2025-06-07,-0.923643,54.151898,24.69652069026234,171.8051947669494,10.3,240.0,28.522476454259845
14:34:23,2025-06-07,-0.923628,54.151837,25.855876954525026,172.699671283136,10.3,240.0,29.830654674789145
14:34:24,2025-06-07,-0.923614,54.151773,26.35118212434656,171.2918171048791,10.3,240.0,30.091299214168878
14:34:25,2025-06-07,-0.923597,54.151708,23.54380739409215,170.82279566468685,10.3,240.0,27.20523968793032
14:34:26,2025-06-07,-0.923581,54.15165,25.826974969950292,173.21604922780784,10.3,240.0,29.887228324897272
14:34:27,2025-06-07,-0.923568,54.151586,22.31957885945311,170.9253114365714,10.3,240.0,25.998230719776828
14:34:28,2025-06-07,-0.923553,54.151531,25.955187983687086,171.15783503347654,10.3,240.0,29.672853079579795
14:34:29,2025-06-07,-0.923536,54.151467,21.528612901865838,170.5888620546566,10.3,240.0,25.150707580845243
14:34:30,2025-06-07,-0.923521,54.151414,21.52861345958705,170.58885022124332,10.3,240.0,25.150706147160335
14:34:31,2025-06-07,-0.923506,54.151361,21.853228878169755,171.97481902970503,10.3,240.0,25.7074792830961
14:34:32,2025-06-07,-0.923493,54.151307,21.56841138054488,169.97375910326832,10.3,240.0,25.086785677858796
14:34:33,2025-06-07,-0.923477,54.151254,19.992124767085915,169.17391569679853,10.3,240.0,23.37502255815504
14:34:34,2025-06-07,-0.923461,54.151205,19.55492129016677,169.628773949251,10.3,240.0,23.01494496707696
14:34:35,2025-06-07,-0.923446,54.151157,20.738451568070865,170.22671344660137,10.3,240.0,24.29952950657729
14:34:36,2025-06-07,-0.923431,54.151106,20.233255608532225,171.99914378919357,10.3,240.0,24.09156080806673
14:34:37,2025-06-07,-0.923419,54.151056,19.87137870804788,171.16818588362617,10.3,240.0,23.59077906983457
14:34:38,2025-06-07,-0.923406,54.151007,20.663618012130836,171.50937240894723,10.3,240.0,24.440148227449747
14:34:39,2025-06-07,-0.923393,54.150956,19.908931841437358,170.50074389721613,10.3,240.0,23.51619312889732
14:34:40,2025-06-07,-0.923379,54.150907,21.52861874233122,170.58873702225117,10.3,240.0,25.150692380011414
14:34:41,2025-06-07,-0.923364,54.150854,20.26740955434106,171.34207712115824,10.3,240.0,24.01594367861015
14:34:42,2025-06-07,-0.923351,54.150804,21.456539976125757,171.82532012831575,10.3,240.0,25.285854564385684
14:34:43,2025-06-07,-0.923338,54.150751,21.887385626971206,171.36634936827204,10.3,240.0,25.639983586945522
14:34:44,2025-06-07,-0.923324,54.150697,21.792385224732342,173.19674911860363,10.3,240.0,25.84944973748074
14:34:45,2025-06-07,-0.923313,54.150643,22.68000058466382,171.67026758396923,10.3,240.0,26.48342549178457
14:34:46,2025-06-07,-0.923299,54.150587,21.85323408767858,171.9746709392299,10.3,240.0,25.70745980466381
14:34:47,2025-06-07,-0.923286,54.150533,20.343706535172927,170.0349814167938,10.3,240.0,23.872422678497344
14:34:48,2025-06-07,-0.923271,54.150483,21.42428492211887,172.4465267702982,10.3,240.0,25.357041468457204
14:34:49,2025-06-07,-0.923259,54.15043,18.46992635171585,167.52432644083342,10.3,240.0,21.571366542990965
14:34:50,2025-06-07,-0.923242,54.150385,17.4130387357052,165.16089881498885,10.3,240.0,20.10680337511497
14:34:51,2025-06-07,-0.923223,54.150343,14.073537991492767,165.51277059926235,10.3,240.0,16.828305457822445
14:34:52,2025-06-07,-0.923208,54.150309,10.586989198251372,169.78473518784006,10.3,240.0,14.073407745663996
14:34:53,2025-06-07,-0.9232,54.150283,9.24326183969968,175.63162290274227,10.3,240.0,13.698871125185814
14:34:54,2025-06-07,-0.923197,54.15026,0.062246989355430715,189.63926159613007,10.3,240.0,6.633150835509622
14:45:47,2025-06-07,-0.923226,54.15016,11.514311962351291,167.04277102565038,10.3,240.0,14.53309261363651
14:45:48,2025-06-07,-0.923215,54.150132,15.011633374054826,171.00541614106396,10.3,240.0,18.703732222000063
14:45:49,2025-06-07,-0.923205,54.150095,13.723212538218064,173.12458421028725,10.3,240.0,17.768349596847806
14:45:50,2025-06-07,-0.923198,54.150061,15.234172223440874,178.23444704975066,10.3,240.0,20.10690170088793
14:45:51,2025-06-07,-0.923196,54.150023,17.460120717687538,170.71756302512586,10.3,240.0,21.10386490180079
14:45:52,2025-06-07,-0.923184,54.14998,22.1437412553042,167.76137261409485,10.3,240.0,25.28579059184706
14:45:53,2025-06-07,-0.923164,54.149926,23.973498515541344,165.83210717225597,10.3,240.0,26.783538418004493
14:45:54,2025-06-07,-0.923139,54.149868,27.651287959832725,170.22641101137413,10.3,240.0,31.21231488263502
14:45:55,2025-06-07,-0.923119,54.1498,31.643167898864895,171.0393687814841,10.3,240.0,35.34096412023664
14:45:56,2025-06-07,-0.923098,54.149722,36.106587385560026,167.61299961297436,10.3,240.0,39.22322471644386
14:45:57,2025-06-07,-0.923065,54.149634,40.570995610967984,171.0141439436925,10.3,240.0,44.26455913901795
14:45:58,2025-06-07,-0.923038,54.149534,41.871861077876524,170.3194113835774,10.3,240.0,45.44857090676702
14:45:59,2025-06-07,-0.923008,54.149431,45.614178275147516,167.2169649432833,10.3,240.0,48.66288443577278
14:46:00,2025-06-07,-0.922965,54.14932,51.08245138553112,171.27928653762535,10.3,240.0,54.820469535412286
14:46:01,2025-06-07,-0.922932,54.149194,49.96997908736432,170.53824696460526,10.3,240.0,53.58355450777171
14:46:02,2025-06-07,-0.922897,54.149071,55.26316718018717,173.41571246992305,10.3,240.0,59.356382602108305
14:46:03,2025-06-07,-0.92287,54.148934,58.786221219877895,171.27381903831338,10.3,240.0,62.52332347708245
14:46:04,2025-06-07,-0.922832,54.148789,55.47652905173204,171.7298432592247,10.3,240.0,59.28990482911426
14:46:05,2025-06-07,-0.922798,54.148652,55.18692684848428,170.94653593077453,10.3,240.0,58.8691423158165
14:46:06,2025-06-07,-0.922761,54.148516,58.82245891575701,171.04776637511054,10.3,240.0,62.521664082887824
14:46:07,2025-06-07,-0.922722,54.148371,56.30361565171343,171.61072062358198,10.3,240.0,60.097090375625356
14:46:08,2025-06-07,-0.922687,54.148232,55.873091180002255,171.7888426902216,10.3,240.0,59.69631751486175
14:46:09,2025-06-07,-0.922653,54.148094,56.20476283400752,172.32077671504499,10.3,240.0,60.116616685330825
14:46:10,2025-06-07,-0.922621,54.147955,55.839908678503264,172.02714313462275,10.3,240.0,59.70288034356876
14:46:11,2025-06-07,-0.922588,54.147817,53.89095573839558,171.48451494350934,10.3,240.0,57.66332820287396
14:46:12,2025-06-07,-0.922554,54.147684,52.63310524428791,171.7960668806527,10.3,240.0,56.45753745313515
14:46:13,2025-06-07,-0.922522,54.147554,49.4625241107484,171.26612422402877,10.3,240.0,53.19833730711671
14:46:14,2025-06-07,-0.92249,54.147432,49.49887304505923,170.99756833619358,10.3,240.0,53.189654818982746
14:46:15,2025-06-07,-0.922457,54.14731,48.67060125111484,171.1228083893319,10.3,240.0,52.38239341365289
14:46:16,2025-06-07,-0.922425,54.14719,48.238635179946364,171.3247720455605,10.3,240.0,51.9842715520826
14:46:17,2025-06-07,-0.922394,54.147071,48.362644592291666,173.87107105964878,10.3,240.0,52.53084780463909
14:46:18,2025-06-07,-0.922372,54.146951,44.40343495017506,169.6463358904184,10.3,240.0,47.866432093446775
14:46:19,2025-06-07,-0.922338,54.146842,40.77078244648919,166.68583431374338,10.3,240.0,43.72815656761143
14:46:20,2025-06-07,-0.922298,54.146743,36.654720277434365,166.67138064374285,10.3,240.0,39.609605390092185
14:46:21,2025-06-07,-0.922262,54.146654,41.48954960464914,174.15568427367884,10.3,240.0,45.704489104061246
14:46:22,2025-06-07,-0.922244,54.146551,36.86363905746532,171.57920987360137,10.3,240.0,40.651846736811045
14:46:23,2025-06-07,-0.922221,54.14646,38.17176851938177,175.76866596767923,10.3,240.0,42.649576780761166
14:46:24,2025-06-07,-0.922209,54.146365,39.02780594214565,170.30549476905344,10.3,240.0,42.60216957296968
14:46:25,2025-06-07,-0.922181,54.146269,40.8257442202333,166.3650805523415,10.3,240.0,43.727838658568146
14:46:26,2025-06-07,-0.92214,54.14617,40.17218068742986,167.8572068579566,10.3,240.0,43.33063247011634
14:46:27,2025-06-07,-0.922104,54.146072,36.10713679279682,171.02442230384372,10.3,240.0,39.80242510210909
14:46:28,2025-06-07,-0.92208,54.145983,39.71468724548316,177.29014498470247,10.3,240.0,44.43720328994975
14:46:29,2025-06-07,-0.922072,54.145884,38.328747341308336,173.3185400351632,10.3,240.0,42.40592691447932
14:46:30,2025-06-07,-0.922053,54.145789,38.57138952015662,175.8125170415841,10.3,240.0,43.05629561145427
14:46:31,2025-06-07,-0.922041,54.145693,39.75438029049739,176.27639367759593,10.3,240.0,44.31420876460391
14:46:32,2025-06-07,-0.92203,54.145594,36.66031108994766,169.6724946269611,10.3,240.0,40.12773664617859
14:46:33,2025-06-07,-0.922002,54.145504,37.62588136545971,168.48459934722086,10.3,240.0,40.891493718780346
14:46:34,2025-06-07,-0.92197,54.145412,34.832146573863355,167.94173365621623,10.3,240.0,38.00505815195623
14:46:35,2025-06-07,-0.921939,54.145327,38.4836562084146,171.58276249438177,10.3,240.0,42.27245776822141
14:46:36,2025-06-07,-0.921915,54.145232,34.94085856205765,183.85166811288997,10.3,240.0,40.67841952096791
14:46:37,2025-06-07,-0.921925,54.145145,35.34066716678303,183.80803674264448,10.3,240.0,41.071712520269024
14:46:38,2025-06-07,-0.921935,54.145057,36.06676483174426,179.25425931877294,10.3,240.0,41.100231669433285
14:46:39,2025-06-07,-0.921933,54.144967,37.1551636142076,166.10882684471437,10.3,240.0,40.01302906626404
14:46:40,2025-06-07,-0.921895,54.144877,34.66026797496056,156.017391911481,10.3,240.0,35.74002049455852
14:46:41,2025-06-07,-0.921835,54.144798,36.88983117768239,167.87864056301112,10.3,240.0,40.05195022436152
14:46:42,2025-06-07,-0.921802,54.144708,39.4724809304961,174.19818965059108,10.3,240.0,43.69439133244026
14:46:43,2025-06-07,-0.921785,54.14461,36.21084402655709,166.88594616153046,10.3,240.0,39.202659195334334
14:46:44,2025-06-07,-0.92175,54.144522,34.04893496248972,167.65971902425133,10.3,240.0,37.17357624033539
14:46:45,2025-06-07,-0.921719,54.144439,37.29497064684669,171.3122275640029,10.3,240.0,41.03850621942571
14:46:46,2025-06-07,-0.921695,54.144347,32.59167503993112,169.62708521476907,10.3,240.0,36.05141277486719
14:46:47,2025-06-07,-0.92167,54.144267,32.471736745485266,170.84936719781115,10.3,240.0,36.13763338531257
14:46:48,2025-06-07,-0.921648,54.144187,32.6349524195676,169.22166734939628,10.3,240.0,36.02595709404242
14:46:49,2025-06-07,-0.921622,54.144107,32.33509715287649,172.4920480996169,10.3,240.0,36.27541577834174
14:46:50,2025-06-07,-0.921604,54.144027,32.305130217473234,172.90476889940703,10.3,240.0,36.313896622154786
14:46:51,2025-06-07,-0.921587,54.143947,31.21118427305741,171.34916868969742,10.3,240.0,34.96090578877412
14:46:52,2025-06-07,-0.921567,54.14387,32.11502078777026,170.3221255696427,10.3,240.0,35.69218817592821
14:46:53,2025-06-07,-0.921544,54.143791,31.14372801424273,172.20300403979036,10.3,240.0,35.03598811376311
14:46:54,2025-06-07,-0.921526,54.143714,29.038342069544115,173.50219269231275,10.3,240.0,33.145818961293166
14:46:55,2025-06-07,-0.921512,54.143642,31.211187930048094,171.34910593407358,10.3,240.0,34.960898938399005
14:46:56,2025-06-07,-0.921492,54.143565,31.01652385171027,169.0937187411505,10.3,240.0,34.385801178184934
14:46:57,2025-06-07,-0.921467,54.143489,29.701683030694998,166.2841943000418,10.3,240.0,32.58982285729507
14:46:58,2025-06-07,-0.921437,54.143417,29.311525137613064,169.8525307721925,10.3,240.0,32.80940936177016
14:46:59,2025-06-07,-0.921415,54.143345,28.173330652905207,168.9518015136473,10.3,240.0,31.51848892795217
14:47:00,2025-06-07,-0.921392,54.143276,30.34995604260101,171.9976453499021,10.3,240.0,34.20801148119476
14:47:01,2025-06-07,-0.921374,54.143201,28.36739496837855,171.43423689034807,10.3,240.0,32.13135557157638
14:47:02,2025-06-07,-0.921356,54.143131,28.007825247651752,170.83727071184217,10.3,240.0,31.671689626031075
14:47:03,2025-06-07,-0.921337,54.143062,26.38800368442659,170.78621029957014,10.3,240.0,30.04328789636943
14:47:04,2025-06-07,-0.921319,54.142997,27.57522156759077,171.1861609016902,10.3,240.0,31.297635058679333
14:47:05,2025-06-07,-0.921301,54.142929,27.41922318435214,173.61036924636903,10.3,240.0,31.54452631472521
14:47:06,2025-06-07,-0.921288,54.142861,25.061251290127032,172.46522565694886,10.3,240.0,28.99711442739011
14:47:07,2025-06-07,-0.921274,54.142799,25.827014528632322,173.21461235801405,10.3,240.0,29.887030494001767
14:47:08,2025-06-07,-0.921261,54.142735,26.351275413644277,171.2899451276262,10.3,240.0,30.091078948193886
14:47:09,2025-06-07,-0.921244,54.14267,26.28397562510201,172.30155551636437,10.3,240.0,30.19263278642911
14:47:10,2025-06-07,-0.921229,54.142605,24.807286933333405,170.19330240046054,10.3,240.0,28.362728394175257
14:47:11,2025-06-07,-0.921211,54.142544,26.510432185323772,169.2835518291405,10.3,240.0,29.911939593504233
14:47:12,2025-06-07,-0.92119,54.142479,27.692402036133913,169.74606600219488,10.3,240.0,31.172278613795633
14:47:13,2025-06-07,-0.921169,54.142411,29.809672946781713,174.1245914625008,10.3,240.0,34.01951174071518
14:47:14,2025-06-07,-0.921156,54.142337,33.86926694676074,173.63348924377192,10.3,240.0,37.998378078798225
14:47:15,2025-06-07,-0.92114,54.142253,35.60669794680045,172.0423326599373,10.3,240.0,39.47220076358009
14:47:16,2025-06-07,-0.921119,54.142165,37.22667057926053,172.02605136503644,10.3,240.0,41.08946030359428
14:47:17,2025-06-07,-0.921097,54.142073,37.05464590191458,169.78272988276456,10.3,240.0,40.540725235138225
14:47:18,2025-06-07,-0.921069,54.141982,37.29500628572828,171.31171993364444,10.3,240.0,41.038456842675046
14:47:19,2025-06-07,-0.921045,54.14189,36.863700142466634,171.5782755456887,10.3,240.0,40.651751630729926
14:47:20,2025-06-07,-0.921022,54.141799,35.67503691651187,171.29547961098262,10.3,240.0,39.415767462764904
14:47:21,2025-06-07,-0.920999,54.141711,34.12975450237126,170.4986533079831,10.3,240.0,37.73666376622994
14:47:22,2025-06-07,-0.920975,54.141627,34.09162177222285,170.88774236574397,10.3,240.0,37.763964522735876
14:47:23,2025-06-07,-0.920952,54.141543,33.65907435552465,171.17423935897784,10.3,240.0,37.37948949454383
14:47:24,2025-06-07,-0.92093,54.14146,32.83119520151113,171.36443542003417,10.3,240.0,36.58347273883465
14:47:25,2025-06-07,-0.920909,54.141379,32.471778876249644,170.84873979471945,10.3,240.0,36.13757011368753
14:47:26,2025-06-07,-0.920887,54.141299,30.815147792672686,171.23654604741603,10.3,240.0,34.5460053275982
14:47:27,2025-06-07,-0.920867,54.141223,30.287901007999942,172.8767531976473,10.3,240.0,34.2920276825847
14:47:28,2025-06-07,-0.920851,54.141148,29.89034243812464,172.78148905634112,10.3,240.0,33.87868509348873
14:47:29,2025-06-07,-0.920835,54.141074,30.78010236372628,171.66836533400556,10.3,240.0,34.58320947198098
14:47:30,2025-06-07,-0.920816,54.140998,29.1951948245289,171.2125205185764,10.3,240.0,32.92202628184937
14:47:31,2025-06-07,-0.920797,54.140926,29.06598125671211,173.04199949768918,10.3,240.0,33.09746079774146
14:47:32,2025-06-07,-0.920782,54.140854,29.095485534394506,172.58312598460248,10.3,240.0,33.05092669869249
14:47:33,2025-06-07,-0.920766,54.140782,32.70281370692423,172.99094390884397,10.3,240.0,36.72584569482553
14:47:34,2025-06-07,-0.920749,54.140701,29.46376544883617,173.13636200905125,10.3,240.0,33.51084958695422
14:47:35,2025-06-07,-0.920734,54.140628,30.78010709754669,171.668276866597,10.3,240.0,34.58319942591614
14:47:36,2025-06-07,-0.920715,54.140552,30.93080554905244,169.94696376443335,10.3,240.0,34.44465223754902
14:47:37,2025-06-07,-0.920692,54.140476,29.74796825530026,169.54274723843525,10.3,240.0,33.19342179379876
14:47:38,2025-06-07,-0.920669,54.140403,29.311577193415925,169.85180754422663,10.3,240.0,32.80933913014062
14:47:39,2025-06-07,-0.920647,54.140331,29.232152449971874,170.75766210242818,10.3,240.0,32.88263817126919
14:47:40,2025-06-07,-0.920627,54.140259,29.62770537804906,170.8821125879931,10.3,240.0,33.29910256354737
14:47:41,2025-06-07,-0.920607,54.140186,30.746822589938848,172.1010197835791,10.3,240.0,34.62210235587891
14:47:42,2025-06-07,-0.920589,54.14011,28.836745871134575,170.62973252273753,10.3,240.0,32.465717584110166
14:47:43,2025-06-07,-0.920569,54.140039,31.72017897594839,170.199552282593,10.3,240.0,35.276674890283516
14:47:44,2025-06-07,-0.920546,54.139961,30.81516422458164,171.23626730487638,10.3,240.0,34.54597505299056
14:47:45,2025-06-07,-0.920526,54.139885,29.5238307678789,172.2315870955431,10.3,240.0,33.420847723432225
14:47:46,2025-06-07,-0.920509,54.139812,29.232159447197283,170.75754827524383,10.3,240.0,32.88262603416943
14:47:47,2025-06-07,-0.920489,54.13974,27.97127898078106,171.31126154559308,10.3,240.0,31.71465276872157
14:47:48,2025-06-07,-0.920471,54.139671,29.46377093846128,173.13619293226793,10.3,240.0,33.51082712639134
14:47:49,2025-06-07,-0.920456,54.139598,29.126870678445762,172.1249833697857,10.3,240.0,33.006141476430834
14:47:50,2025-06-07,-0.920439,54.139526,29.706086451938955,169.9877843519581,10.3,240.0,33.22683028900272
14:47:51,2025-06-07,-0.920417,54.139453,30.930825108709072,169.94670243004316,10.3,240.0,34.444627635743856
14:47:52,2025-06-07,-0.920394,54.139377,30.74682988046472,172.10086742962528,10.3,240.0,34.62208427034076
14:47:53,2025-06-07,-0.920376,54.139301,29.665996996280185,170.4342302282182,10.3,240.0,33.26205603632349
14:47:54,2025-06-07,-0.920355,54.139228,30.45651145600739,170.6847699797679,10.3,240.0,34.094741080925466
14:47:55,2025-06-07,-0.920334,54.139153,29.55663215120098,171.78055198532934,10.3,240.0,33.378474512788316
14:47:56,2025-06-07,-0.920316,54.13908,25.523711726137325,171.53761836019657,10.3,240.0,29.304965600045968
14:47:57,2025-06-07,-0.9203,54.139017,28.242266405769467,173.31744602525487,10.3,240.0,32.319265373473186
14:47:58,2025-06-07,-0.920286,54.138947,26.467653613620648,169.78198125838367,10.3,240.0,29.95360630965054
14:47:59,2025-06-07,-0.920266,54.138882,24.84858685259234,169.65902961072982,10.3,240.0,28.313733006202412
14:48:00,2025-06-07,-0.920247,54.138821,24.69662668561932,171.8026414321413,10.3,240.0,28.522156276788337
14:48:01,2025-06-07,-0.920232,54.13876,24.73134763808207,171.26431067744215,10.3,240.0,28.466857013292536
14:48:02,2025-06-07,-0.920216,54.138699,26.351317071518707,171.28910925398873,10.3,240.0,30.090980596354292
14:48:03,2025-06-07,-0.920199,54.138634,24.55612746174183,174.51429793232126,10.3,240.0,28.829806623148727
14:48:04,2025-06-07,-0.920189,54.138573,24.55612754251102,174.514289901682,10.3,240.0,28.829805390393272
14:48:05,2025-06-07,-0.920179,54.138512,25.75297613750696,174.76996377906664,10.3,240.0,30.068430377255126
14:48:06,2025-06-07,-0.920169,54.138448,26.747452917047454,171.41906155863148,10.3,240.0,30.50887401400018
14:48:07,2025-06-07,-0.920152,54.138382,26.032000005790987,170.13389345138512,10.3,240.0,29.57741613122424
14:48:08,2025-06-07,-0.920133,54.138318,26.284006534389047,172.30075617818727,10.3,240.0,30.19253074773689
14:48:09,2025-06-07,-0.920118,54.138253,26.713281635552164,171.91691061414735,10.3,240.0,30.557876253449514
14:48:10,2025-06-07,-0.920102,54.138187,25.992629540225185,170.64368933291053,10.3,240.0,29.623949261028535
14:48:11,2025-06-07,-0.920084,54.138123,26.754760802273083,166.81163365080386,10.3,240.0,29.73379035750896
14:48:12,2025-06-07,-0.920058,54.138058,25.19706142220122,165.97992515118824,10.3,240.0,28.03265697927495
14:48:13,2025-06-07,-0.920032,54.137997,26.388064855919673,170.7851026906817,10.3,240.0,30.043162913618886
14:48:14,2025-06-07,-0.920014,54.137932,31.247597994989253,170.922363587939,10.3,240.0,34.92575486958777
14:48:15,2025-06-07,-0.919993,54.137855,34.34407762575875,168.56596144357025,10.3,240.0,37.62355846681307
14:48:16,2025-06-07,-0.919964,54.137771,35.74950474464868,170.55077854122453,10.3,240.0,39.36518967527026
14:48:17,2025-06-07,-0.919939,54.137683,40.374224056028325,172.98633920593068,10.3,240.0,44.39649400207421
14:48:18,2025-06-07,-0.919918,54.137583,41.83309933390135,170.6336320334101,10.3,240.0,45.462727098230786
14:48:19,2025-06-07,-0.919889,54.13748,41.362925060635376,171.18499791340616,10.3,240.0,45.085143612566505
14:48:20,2025-06-07,-0.919862,54.137378,45.20432257817195,173.13985696902068,10.3,240.0,49.2519844623979
14:48:21,2025-06-07,-0.919839,54.137266,43.343784079360084,171.59083935818444,10.3,240.0,47.13393576892104
14:48:22,2025-06-07,-0.919812,54.137159,45.176758889777254,173.4354279790764,10.3,240.0,49.27322642183586
14:48:23,2025-06-07,-0.91979,54.137047,47.807455083522264,171.5283629749838,10.3,240.0,51.58716125164378
14:48:24,2025-06-07,-0.91976,54.136929,48.566613598835914,171.94157329951156,10.3,240.0,52.41532101228185
14:48:25,2025-06-07,-0.919731,54.136809,48.074998905756104,172.70571282987305,10.3,240.0,52.05077855860626
14:48:26,2025-06-07,-0.919705,54.13669,45.11131797598362,170.41349012492174,10.3,240.0,48.70388297118891
14:48:27,2025-06-07,-0.919673,54.136579,43.30993116415912,171.8979442418697,10.3,240.0,47.15136242974813
14:48:28,2025-06-07,-0.919647,54.136472,41.19864372293989,172.79818616068735,10.3,240.0,45.18975366770731
14:48:29,2025-06-07,-0.919625,54.13637,40.17551090148736,170.92202214005715,10.3,240.0,43.85361044149943
14:48:30,2025-06-07,-0.919598,54.136271,40.33505796499762,169.60459853090788,10.3,240.0,43.7909878956649
14:48:31,2025-06-07,-0.919567,54.136172,38.988982067674286,170.64323499303327,10.3,240.0,42.620225356525765
14:48:32,2025-06-07,-0.91954,54.136076,38.63311941451303,170.203027480929,10.3,240.0,42.19020163120319
14:48:33,2025-06-07,-0.919512,54.135981,38.16007553903266,170.79536171063137,10.3,240.0,41.81689776328459
14:48:34,2025-06-07,-0.919486,54.135887,38.81463684681974,172.35313919742111,10.3,240.0,42.731871928723095
14:48:35,2025-06-07,-0.919464,54.135791,35.640183469384006,171.66731502466587,10.3,240.0,39.443115106201944
14:48:36,2025-06-07,-0.919442,54.135703,35.675121947349986,171.29421794150676,10.3,240.0,39.41564117028744
14:48:37,2025-06-07,-0.919419,54.135615,31.9379540084097,172.396574820821,10.3,240.0,35.86240959714762
14:48:38,2025-06-07,-0.919401,54.135536,30.890591832972227,170.37455282897872,10.3,240.0,34.47659586660453
14:48:39,2025-06-07,-0.919379,54.13546,28.267668487134785,168.01557660936214,10.3,240.0,31.453206550613938
14:48:40,2025-06-07,-0.919354,54.135391,27.575306516534866,171.18456751016447,10.3,240.0,31.297452924233227
14:48:41,2025-06-07,-0.919336,54.135323,27.844350850904554,173.22089345641302,10.3,240.0,31.905404516602694
14:48:42,2025-06-07,-0.919322,54.135254,24.696655605742883,171.80194503944347,10.3,240.0,28.52206896185656
14:48:43,2025-06-07,-0.919307,54.135193,25.992666647230262,170.6430249499573,10.3,240.0,29.623874601218695
14:48:44,2025-06-07,-0.919289,54.135129,22.00483482304934,169.54966684618535,10.3,240.0,25.451460606667865
14:48:45,2025-06-07,-0.919272,54.135075,24.731383629024553,171.26354543299635,10.3,240.0,28.466764802681496
14:48:46,2025-06-07,-0.919256,54.135014,23.11141864764276,171.2352407593694,10.3,240.0,26.842057465790724
14:48:47,2025-06-07,-0.919241,54.134957,21.45665074417891,171.82223351240032,10.3,240.0,25.285450222020398
14:48:48,2025-06-07,-0.919228,54.134904,19.514019920714222,170.302873609396,10.3,240.0,23.087941627377283
14:48:49,2025-06-07,-0.919214,54.134856,23.977756223910262,170.41806915316954,10.3,240.0,27.57109267960114
14:48:50,2025-06-07,-0.919197,54.134797,23.939624000377975,170.9721346937513,10.3,240.0,27.62613684515061
14:48:51,2025-06-07,-0.919181,54.134738,27.143756669122595,171.54452387886067,10.3,240.0,30.926165234717363
14:48:52,2025-06-07,-0.919164,54.134671,24.267071757996504,172.21557600454253,10.3,240.0,28.161424231394598
14:48:53,2025-06-07,-0.91915,54.134611,29.890384960596585,172.7803616805645,10.3,240.0,33.878540758477
14:48:54,2025-06-07,-0.919134,54.134537,27.90394889881611,172.26331268942567,10.3,240.0,31.80624456291706
14:48:55,2025-06-07,-0.919118,54.134468,31.0833013107103,173.0588232596324,10.3,240.0,35.11756377603769
14:48:56,2025-06-07,-0.919102,54.134391,32.27690023123517,173.3167047725707,10.3,240.0,36.35377682782457
14:48:57,2025-06-07,-0.919086,54.134311,32.40018326613523,171.6670230788245,10.3,240.0,36.20306612837534
14:48:58,2025-06-07,-0.919066,54.134231,32.76375379313589,172.1748114685597,10.3,240.0,36.65132107301906
14:48:59,2025-06-07,-0.919047,54.13415,33.986811494187435,172.05861392560348,10.3,240.0,37.85502708640994
14:49:00,2025-06-07,-0.919027,54.134066,33.129852874141946,172.67139702537486,10.3,240.0,37.099940992711694
14:49:01,2025-06-07,-0.919009,54.133984,29.492916795873175,172.68241793616437,10.3,240.0,33.464832970728345
14:49:02,2025-06-07,-0.918993,54.133911,38.880225384604124,171.6669405344618,10.3,240.0,42.68309445636976
14:49:03,2025-06-07,-0.918969,54.133815,33.77496168431169,169.991802270888,10.3,240.0,37.29638430245656
14:49:04,2025-06-07,-0.918944,54.133732,32.94494146642228,170.15166085629414,10.3,240.0,36.4933562639527
14:49:05,2025-06-07,-0.91892,54.133651,32.43520733986811,171.25652557990088,10.3,240.0,36.16941244505675
14:49:06,2025-06-07,-0.918899,54.133571,31.907615091752753,172.8140936601328,10.3,240.0,35.901361145721864
14:49:07,2025-06-07,-0.918882,54.133492,29.1601731300806,171.66686224009516,10.3,240.0,32.963029121400396
14:49:08,2025-06-07,-0.918864,54.13342,29.271052826825077,170.3025272059997,10.3,240.0,32.844916129759625
14:49:09,2025-06-07,-0.918843,54.133348,30.061268901865354,170.5598233218659,10.3,240.0,33.67847628341382
14:49:10,2025-06-07,-0.918822,54.133274,27.50696919186189,172.15070977214566,10.3,240.0,31.390523856003124
14:49:11,2025-06-07,-0.918806,54.133206,26.351373774575215,171.28797170394364,10.3,240.0,30.09084675730236
14:49:12,2025-06-07,-0.918789,54.133141,26.467745758837502,169.78057905811852,10.3,240.0,29.95346125726881
14:49:13,2025-06-07,-0.918769,54.133076,26.351375119100133,171.28794478279826,10.3,240.0,30.090843592458974
14:49:14,2025-06-07,-0.918752,54.133011,24.26708303155983,172.21526787371545,10.3,240.0,28.161384224451464
14:49:15,2025-06-07,-0.918738,54.132951,23.544007440992715,170.81870871023602,10.3,240.0,27.204753006068625
14:49:16,2025-06-07,-0.918722,54.132893,23.745298791340712,160.9518831375202,10.3,240.0,25.702139758940035
14:49:17,2025-06-07,-0.918689,54.132837,22.522646724076065,144.9870987051272,10.3,240.0,21.62263217025034
14:49:18,2025-06-07,-0.918634,54.132791,22.24202832644472,126.54169950531497,10.3,240.0,18.141788537915446
14:49:19,2025-06-07,-0.918558,54.132758,21.041779686037007,110.08904487351344,10.3,240.0,14.433337753370537
14:49:20,2025-06-07,-0.918474,54.13274,19.83185223586439,94.64639548963459,10.3,240.0,11.358286500928754
14:49:21,2025-06-07,-0.91839,54.132736,16.081912014392923,95.73308361767442,10.3,240.0,7.720923638112005
14:49:22,2025-06-07,-0.918322,54.132732,11.567659489233417,121.36449743291189,10.3,240.0,6.631530785566092
14:49:23,2025-06-07,-0.91828,54.132717,4.950344462549974,193.719218942468,10.3,240.0,12.068930724898575
14:49:24,2025-06-07,-0.918285,54.132705,7.81563810007772,248.92362536171373,10.3,240.0,17.9909667810902
14:49:25,2025-06-07,-0.918316,54.132698,9.084723334382584,280.184983904286,10.3,240.0,16.953564525160164
14:49:26,2025-06-07,-0.918354,54.132702,11.060102829298291,270.0000190386719,10.3,240.0,19.980162776996842
14:49:27,2025-06-07,-0.918401,54.132702,10.824781492498051,270.0000186411877,10.3,240.0,19.744841475924275
14:49:28,2025-06-07,-0.918447,54.132702,10.589460155697807,270.00001823294923,10.3,240.0,19.509520175818345
14:49:29,2025-06-07,-0.918492,54.132702,10.244976012978054,260.9786273912264,10.3,240.0,19.8622306333448
14:49:30,2025-06-07,-0.918535,54.132698,9.022652014017305,262.32602025265686,10.3,240.0,18.55053617426496
14:49:31,2025-06-07,-0.918573,54.132695,0.5357151126219998,290.4731745061416,10.3,240.0,7.09104113784981
14:49:46,2025-06-07,-0.918605,54.132702,0.6181185522413356,49.52343589079641,10.3,240.0,-9.51017391483501
14:49:47,2025-06-07,-0.918603,54.132703,10.258646543536154,45.25855949904684,10.3,240.0,0.29768171974904867
14:49:48,2025-06-07,-0.918572,54.132721,7.968226223976918,66.22884352658991,10.3,240.0,-2.2709674124940165
14:49:49,2025-06-07,-0.918541,54.132729,9.943736918890874,71.15266262590563,10.3,240.0,-0.1617506258097876
14:49:50,2025-06-07,-0.918501,54.132737,12.783544123226996,77.29671293729484,10.3,240.0,2.9493321822425766
14:49:51,2025-06-07,-0.918448,54.132744,17.22044949897441,85.98779468346112,10.3,240.0,7.961909186021298
14:49:52,2025-06-07,-0.918375,54.132747,21.212987058773987,93.25610362077288,10.3,240.0,12.599841312376785
14:49:53,2025-06-07,-0.918285,54.132744,21.23946462981578,94.33785582934519,10.3,240.0,12.734489017980673
14:49:54,2025-06-07,-0.918195,54.13274,23.51630928094287,97.85260002075898,10.3,240.0,15.383511638556232
14:49:55,2025-06-07,-0.918096,54.132732,24.166097588308027,96.68055990422033,10.3,240.0,15.905720392511705
14:49:56,2025-06-07,-0.917994,54.132725,26.550212505745538,96.95061632872807,10.3,240.0,18.318927105905153
14:49:57,2025-06-07,-0.917882,54.132717,24.99549721200302,93.68503452388347,10.3,240.0,16.424877333234072
14:49:58,2025-06-07,-0.917776,54.132713,26.874466507268302,93.42706855273013,10.3,240.0,18.278213160862286
14:49:59,2025-06-07,-0.917662,54.132709,29.109101839023147,99.52971872561807,10.3,240.0,21.164767948901275
14:50:00,2025-06-07,-0.91754,54.132697,30.90769460149467,98.21761718423761,10.3,240.0,22.81532749741666
14:50:01,2025-06-07,-0.91741,54.132686,32.17825149786925,101.51855545462479,10.3,240.0,24.466218275901415
14:50:02,2025-06-07,-0.917276,54.13267,32.563265086824046,100.660773485454,10.3,240.0,24.74988484696469
14:50:03,2025-06-07,-0.91714,54.132655,31.176696984500992,101.140762702693,10.3,240.0,23.419813165894546
14:50:04,2025-06-07,-0.91701,54.13264,32.17828572258417,101.51854300373475,10.3,240.0,24.46625101694253
14:50:05,2025-06-07,-0.916876,54.132624,32.66800551633511,103.50696430122571,10.3,240.0,25.197511345839388
14:50:06,2025-06-07,-0.916741,54.132605,32.11816903912162,103.00644808198626,10.3,240.0,24.58601650856318
14:50:07,2025-06-07,-0.916608,54.132587,31.624178491851445,104.71230712169267,10.3,240.0,24.30450029693563
14:50:08,2025-06-07,-0.916478,54.132567,31.06852404636651,104.21639597738226,10.3,240.0,23.68639997498168
14:50:09,2025-06-07,-0.91635,54.132548,30.8404440896568,104.32374131806262,10.3,240.0,23.47179036744342
14:50:10,2025-06-07,-0.916223,54.132529,31.04993879922854,107.30424992879284,10.3,240.0,24.065455697286133
14:50:11,2025-06-07,-0.916097,54.132506,30.38461701510585,104.54326227946046,10.3,240.0,23.04359060312967
14:50:12,2025-06-07,-0.915972,54.132487,30.38463003767209,104.54325588267739,10.3,240.0,23.04360281907136
14:50:13,2025-06-07,-0.915847,54.132468,31.068593646646157,104.21636338472263,10.3,240.0,23.686465489267846
14:50:14,2025-06-07,-0.915719,54.132449,30.61252865163583,104.43265875676366,10.3,240.0,23.257568990591714
14:50:15,2025-06-07,-0.915593,54.13243,31.274802021443435,107.17600317453986,10.3,240.0,24.273391976478838
14:50:16,2025-06-07,-0.915466,54.132407,32.66816690825442,103.50689614034883,10.3,240.0,25.197664302132765
14:50:17,2025-06-07,-0.915331,54.132388,34.006229254988725,108.59100706351114,10.3,240.0,27.193504458688476
14:50:18,2025-06-07,-0.915194,54.132361,34.89991817478331,108.09842682668312,10.3,240.0,28.02103235901992
14:50:19,2025-06-07,-0.915053,54.132334,35.0023917401422,107.3539721233048,10.3,240.0,28.024480754689176
14:50:20,2025-06-07,-0.914911,54.132308,37.64252926521373,109.30980278830748,10.3,240.0,30.927251816132312
14:50:21,2025-06-07,-0.91476,54.132277,37.19859552845935,109.54944418849897,10.3,240.0,30.51604201033872
14:50:22,2025-06-07,-0.914611,54.132246,39.81972090807028,110.05002555436249,10.3,240.0,33.205900118938395
14:50:23,2025-06-07,-0.914452,54.132212,40.83255072566322,111.94097703375246,10.3,240.0,34.48287971223212
14:50:24,2025-06-07,-0.914291,54.132174,38.978275004981214,108.62357672149022,10.3,240.0,32.16994261068643
14:50:25,2025-06-07,-0.914134,54.132143,39.15718601111784,110.40403792598875,10.3,240.0,32.59227824361549
14:50:26,2025-06-07,-0.913978,54.132109,39.42472490223288,108.40516531425885,10.3,240.0,32.58697931728851
14:50:27,2025-06-07,-0.913819,54.132078,39.520607251205895,105.31854203354328,10.3,240.0,32.278011486130744
14:50:28,2025-06-07,-0.913657,54.132052,39.520630270174514,105.31853286740778,10.3,240.0,32.27803333347886
14:50:29,2025-06-07,-0.913495,54.132026,39.10628263761664,101.25160443004751,10.3,240.0,31.362522796521045
14:50:30,2025-06-07,-0.913332,54.132007,40.2216180527967,98.61382653315229,10.3,240.0,32.17350812442109
14:50:31,2025-06-07,-0.913163,54.131992,40.013506295814985,96.33882215516167,10.3,240.0,31.716578563698384
14:50:32,2025-06-07,-0.912994,54.131981,41.541150403405865,94.43593867501647,10.3,240.0,33.04613310052552
14:50:33,2025-06-07,-0.912818,54.131973,40.94663149731404,89.99992949698435,10.3,240.0,32.02656350121583
14:50:34,2025-06-07,-0.912644,54.131973,39.299353218692204,89.99993233379968,10.3,240.0,30.379285477579067
14:50:35,2025-06-07,-0.912477,54.131973,39.299353218692204,89.99993233379968,10.3,240.0,30.379285477579067
14:50:36,2025-06-07,-0.91231,54.131973,38.861768248805646,87.63067399763082,10.3,240.0,29.73642741214421
14:50:37,2025-06-07,-0.912145,54.131977,38.96079777245463,85.26948912678665,10.3,240.0,29.64640481345237
14:50:38,2025-06-07,-0.91198,54.131985,37.921276317082416,87.57188092706929,10.3,240.0,28.79103861892346
14:50:39,2025-06-07,-0.911819,54.131989,38.19129600938448,82.75034541052958,10.3,240.0,28.692650013811054
14:50:40,2025-06-07,-0.911658,54.132001,36.96732813765254,80.62127666520877,10.3,240.0,27.32726133741312
14:50:41,2025-06-07,-0.911503,54.132016,36.039985641945194,82.95885048820173,10.3,240.0,26.55589770122663
14:50:42,2025-06-07,-0.911351,54.132027,36.79097626912196,82.47287057026534,10.3,240.0,27.273151793215398
14:50:43,2025-06-07,-0.911196,54.132039,36.27089587220606,80.43954877734171,10.3,240.0,26.6193719021051
14:50:44,2025-06-07,-0.911044,54.132054,35.41328947897186,79.54585141085164,10.3,240.0,25.706836685254185
14:50:45,2025-06-07,-0.910896,54.13207,35.797566547813204,78.34988571498741,10.3,240.0,26.02130368752458
14:50:46,2025-06-07,-0.910747,54.132088,36.426560460199276,77.26198446359876,10.3,240.0,26.590494126720017
14:50:47,2025-06-07,-0.910596,54.132108,35.79938284538973,75.04864618537982,10.3,240.0,25.852613811432185
14:50:48,2025-06-07,-0.910449,54.132131,35.34783632909943,72.13847924876512,10.3,240.0,25.27812127131797
14:50:49,2025-06-07,-0.910306,54.132158,33.42297472060923,74.67310340470976,10.3,240.0,23.458891001580675
14:50:50,2025-06-07,-0.910169,54.13218,36.24506515984692,72.59476045168543,10.3,240.0,26.19291708306493
14:50:51,2025-06-07,-0.910022,54.132207,34.90001459001683,71.90151078416051,10.3,240.0,24.821428050384775
14:50:52,2025-06-07,-0.909881,54.132234,35.123800707576464,72.02072350257703,10.3,240.0,25.049655641860124
14:50:53,2025-06-07,-0.909739,54.132261,34.549672112597406,68.88366998696858,10.3,240.0,24.373231736238488
14:50:54,2025-06-07,-0.909602,54.132292,34.56679624354547,66.73981753464392,10.3,240.0,24.337976147322294
14:50:55,2025-06-07,-0.909467,54.132326,33.454362969452426,68.15787564225366,10.3,240.0,23.258590467483327
14:50:56,2025-06-07,-0.909335,54.132357,30.93030458667591,63.8133462786829,10.3,240.0,20.653108749479152
14:50:57,2025-06-07,-0.909217,54.132391,29.878456177029225,62.81805716591623,10.3,240.0,19.59091204538987
14:50:58,2025-06-07,-0.909104,54.132425,29.634947213843756,58.11497825826393,10.3,240.0,19.340521066935068
14:50:59,2025-06-07,-0.908997,54.132464,28.422300195924233,61.30171070575244,10.3,240.0,18.12495830156488
14:51:00,2025-06-07,-0.908891,54.132498,28.215982393865797,61.07235284574165,10.3,240.0,17.91778634472935
14:51:01,2025-06-07,-0.908786,54.132532,26.114149463284214,65.47476652563944,10.3,240.0,15.861134839451928
14:51:02,2025-06-07,-0.908685,54.132559,25.5902127976814,61.9264279663102,10.3,240.0,15.29603418639247
14:51:03,2025-06-07,-0.908589,54.132589,24.429239957537785,54.901316280908645,10.3,240.0,14.16999595177777
14:51:04,2025-06-07,-0.908504,54.132624,22.858777200211975,53.35199179652972,10.3,240.0,12.628033257731571
14:51:05,2025-06-07,-0.908426,54.132658,22.138480992074403,57.05143201549856,10.3,240.0,11.852117036456658
14:51:06,2025-06-07,-0.908347,54.132688,21.91746882682801,60.363741689376184,10.3,240.0,11.617676388263039
14:51:07,2025-06-07,-0.908266,54.132715,20.787515214822,64.85668724474755,10.3,240.0,10.524496515713398
14:51:08,2025-06-07,-0.908186,54.132737,21.139831391178845,62.88640087066699,10.3,240.0,10.8528986173398
14:51:09,2025-06-07,-0.908106,54.132761,21.516241498576544,60.98310999119042,10.3,240.0,11.21775769521197
14:51:10,2025-06-07,-0.908026,54.132787,21.103937123947766,59.100665127442255,10.3,240.0,10.805205931968644
14:51:11,2025-06-07,-0.907949,54.132814,21.30631325400798,59.42542443593936,10.3,240.0,11.006831162019042
14:51:12,2025-06-07,-0.907871,54.132841,21.941178521253512,56.717328090119906,10.3,240.0,11.658078965463753
14:51:13,2025-06-07,-0.907793,54.132871,20.749430456911057,63.57703997335807,10.3,240.0,10.469496811668723
14:51:14,2025-06-07,-0.907714,54.132894,21.30628286883504,59.42537597527473,10.3,240.0,11.006800864211511
14:51:15,2025-06-07,-0.907636,54.132921,21.509328387262055,59.74402104642371,10.3,240.0,11.209431181734159
14:51:16,2025-06-07,-0.907557,54.132948,21.516167467117917,60.983000285884714,10.3,240.0,11.217683325395567
14:51:17,2025-06-07,-0.907477,54.132974,20.96048275747722,63.863098510846044,10.3,240.0,10.683885620998687
14:51:18,2025-06-07,-0.907397,54.132997,21.596758413306873,64.6878077366361,10.3,240.0,11.331213969501198
14:51:19,2025-06-07,-0.907314,54.13302,20.525140903309627,68.18121178587268,10.3,240.0,10.329964538604262
14:51:20,2025-06-07,-0.907233,54.133039,20.8207399088829,69.68838740282513,10.3,240.0,10.667642650071345
14:51:21,2025-06-07,-0.90715,54.133057,21.004534324884172,72.18916436286122,10.3,240.0,10.936739151937847
14:51:22,2025-06-07,-0.907065,54.133073,19.793202048792562,77.10402963107538,10.3,240.0,9.948747024233915
14:51:23,2025-06-07,-0.906983,54.133084,19.53774074243378,72.04406948094947,10.3,240.0,9.464470578395794
14:51:24,2025-06-07,-0.906904,54.133099,18.7871888568385,77.65728106167217,10.3,240.0,8.972443494323741
14:51:25,2025-06-07,-0.906826,54.133109,22.03851795682917,76.29727476579558,10.3,240.0,12.15238595856936
14:51:26,2025-06-07,-0.906735,54.133122,19.105597229231492,76.63157332475487,10.3,240.0,9.236497750110107
14:51:27,2025-06-07,-0.906656,54.133133,19.887298865146374,71.15247388789544,10.3,240.0,9.78180475777963
14:51:28,2025-06-07,-0.906576,54.133149,18.335367348326834,81.18025554593589,10.3,240.0,8.731149201653349
14:51:29,2025-06-07,-0.906499,54.133156,18.292221006183027,74.725905928477,10.3,240.0,8.330545942125678
14:51:30,2025-06-07,-0.906424,54.133168,17.6380434032653,80.828657754512,10.3,240.0,8.011169571321842
14:51:31,2025-06-07,-0.90635,54.133175,17.38580310704511,73.90883343204905,10.3,240.0,7.387804942095336
14:51:32,2025-06-07,-0.906279,54.133187,17.734737805913344,75.57698089383837,10.3,240.0,7.813051346164354
14:51:33,2025-06-07,-0.906206,54.133198,16.781321072317088,78.96249758158717,10.3,240.0,7.040286924686754
14:51:34,2025-06-07,-0.906136,54.133206,16.477471104796976,80.17658583266268,10.3,240.0,6.80954036929932
14:51:35,2025-06-07,-0.906067,54.133213,18.065261037570185,74.52930589835807,10.3,240.0,8.09466072037079
14:51:36,2025-06-07,-0.905993,54.133225,17.474785879862836,79.40560407290195,10.3,240.0,7.7599271812507045
14:51:37,2025-06-07,-0.90592,54.133233,17.051818820369228,74.98621358161006,10.3,240.0,7.102141648394916
14:51:38,2025-06-07,-0.90585,54.133244,16.781303162203915,78.9624856302616,10.3,240.0,7.040268316427964
14:51:39,2025-06-07,-0.90578,54.133252,16.597616498596402,74.56540291603591,10.3,240.0,6.628646119480049
14:51:40,2025-06-07,-0.905712,54.133263,17.012339920984612,79.11419825783503,10.3,240.0,7.2802016173194115
14:51:41,2025-06-07,-0.905641,54.133271,17.0518042644288,74.98620043917833,10.3,240.0,7.102126481517834
14:51:42,2025-06-07,-0.905571,54.133282,17.012332412215518,79.11419338419978,10.3,240.0,7.280193821660404
14:51:43,2025-06-07,-0.9055,54.13329,16.597602386015225,74.56538943247631,10.3,240.0,6.628631397318463
14:51:44,2025-06-07,-0.905432,54.133301,17.01232490790241,79.11418852321577,10.3,240.0,7.280186031202179
14:51:45,2025-06-07,-0.905361,54.133309,17.159736157841802,73.6910484211653,10.3,240.0,7.152399220360165
14:51:46,2025-06-07,-0.905291,54.133321,16.82457502261298,74.77861988814368,10.3,240.0,6.86531301279674
14:51:47,2025-06-07,-0.905222,54.133332,17.63797550991702,80.82862207850638,10.3,240.0,8.011099397520917
14:51:48,2025-06-07,-0.905148,54.133339,16.78126617667695,78.9624609349006,10.3,240.0,7.040229888304371
14:51:49,2025-06-07,-0.905078,54.133347,17.977436046524065,70.4257089178742,10.3,240.0,7.847485215840795
14:51:50,2025-06-07,-0.905006,54.133362,17.38573083721811,73.90876453616306,10.3,240.0,7.387729695116402
14:51:51,2025-06-07,-0.904935,54.133374,17.31370835467189,69.64320238947766,10.3,240.0,7.159247260326776
14:51:52,2025-06-07,-0.904866,54.133389,17.734656893400178,75.57691349986067,10.3,240.0,7.812967180290833
14:51:53,2025-06-07,-0.904793,54.1334,17.2434447542642,79.26181504777094,10.3,240.0,7.5200283067381
14:51:54,2025-06-07,-0.904721,54.133408,17.83846398784664,74.32765811227449,10.3,240.0,7.858831213275447
14:51:55,2025-06-07,-0.904648,54.13342,17.50680883082044,75.3851051632131,10.3,240.0,7.575915442104376
14:51:56,2025-06-07,-0.904576,54.133431,17.27916944509957,75.18824918244047,10.3,240.0,7.338945904348215
14:51:57,2025-06-07,-0.904505,54.133442,17.838450451285475,74.32764587301574,10.3,240.0,7.8588171322286975
14:51:58,2025-06-07,-0.904432,54.133454,17.24342310936621,79.26180138348275,10.3,240.0,7.520005851505388
14:51:59,2025-06-07,-0.90436,54.133462,17.05173109544854,74.98613434309169,10.3,240.0,7.102050240015036
14:52:00,2025-06-07,-0.90429,54.133473,17.05172688227229,74.98613053210477,10.3,240.0,7.102045849682812
14:52:01,2025-06-07,-0.90422,54.133484,17.24341108159285,79.26179379591537,10.3,240.0,7.51999337376596
14:52:02,2025-06-07,-0.904148,54.133492,18.42160180412256,70.91594192117492,10.3,240.0,8.307969376260656
14:52:03,2025-06-07,-0.904074,54.133507,17.70604721815816,79.54552378201276,10.3,240.0,7.999574719792889
14:52:04,2025-06-07,-0.904,54.133515,18.419240476116382,76.12377713353919,10.3,240.0,8.524401391214804
14:52:05,2025-06-07,-0.903924,54.133526,17.937517810658562,79.68189763131306,10.3,240.0,8.23927469317379
14:52:06,2025-06-07,-0.903849,54.133534,18.519210002225286,74.91753579777549,10.3,240.0,8.566347434569987
14:52:07,2025-06-07,-0.903773,54.133546,19.537544062092323,72.04388207758308,10.3,240.0,9.46426686836495
14:52:08,2025-06-07,-0.903694,54.133561,18.876515828431867,76.46631239714316,10.3,240.0,8.998954274099594
14:52:09,2025-06-07,-0.903616,54.133572,18.864361008204675,80.19391535259314,10.3,240.0,9.197505230606
14:52:10,2025-06-07,-0.903537,54.13358,18.876507662148697,76.46630640289283,10.3,240.0,8.998945802374797
14:52:11,2025-06-07,-0.903459,54.133591,18.974071112821573,75.28726205147518,10.3,240.0,9.038525708723569
14:52:12,2025-06-07,-0.903381,54.133603,19.10538775979441,76.6314236726588,10.3,240.0,9.236280580685237
14:52:13,2025-06-07,-0.903302,54.133614,20.25712532380425,80.87401847255614,10.3,240.0,10.633154021858127
14:52:14,2025-06-07,-0.903217,54.133622,20.896923806037233,82.26836213388674,10.3,240.0,11.365107000880576
14:52:15,2025-06-07,-0.903129,54.133629,20.72195387487562,81.0803945942285,10.3,240.0,11.111264240719558
14:52:16,2025-06-07,-0.903042,54.133637,20.769748804178143,85.56377709333378,10.3,240.0,11.47806200324077
14:52:17,2025-06-07,-0.902954,54.133641,21.130124528018754,82.35419683678657,10.3,240.0,11.604165697292535
14:52:18,2025-06-07,-0.902865,54.133648,20.95445939323304,81.18014640738579,10.3,240.0,11.35023415790863
14:52:19,2025-06-07,-0.902777,54.133656,20.663744729684637,82.18058044939153,10.3,240.0,11.125959199837414
14:52:20,2025-06-07,-0.90269,54.133663,19.30006295002217,88.80755762177137,10.3,240.0,10.274758746892385
14:52:21,2025-06-07,-0.902608,54.133664,19.731603243284145,81.80874133792724,10.3,240.0,10.168782912855464
14:52:22,2025-06-07,-0.902525,54.133671,19.59687181892589,85.29769964594993,10.3,240.0,10.28464483871029
14:52:23,2025-06-07,-0.902442,54.133675,18.893375953845,85.12220089610514,10.3,240.0,9.567711017220784
14:52:24,2025-06-07,-0.902362,54.133679,18.80036841411935,81.4000495067026,10.3,240.0,9.210496758056928
14:52:25,2025-06-07,-0.902283,54.133686,18.42447938580597,84.9977561533359,10.3,240.0,9.089338713320895
14:52:26,2025-06-07,-0.902205,54.13369,18.825258982152295,89.99996758269504,10.3,240.0,9.905194409362167
14:52:27,2025-06-07,-0.902125,54.13369,19.328260854153566,80.43148082935284,10.3,240.0,9.67623048439488
14:52:28,2025-06-07,-0.902044,54.133698,18.42447410124367,84.99775472347056,10.3,240.0,9.08933332013567
14:52:29,2025-06-07,-0.901966,54.133702,19.12784151325402,85.18213150158454,10.3,240.0,9.80675563762183
14:52:30,2025-06-07,-0.901885,54.133706,18.800356462513218,81.40004396968817,10.3,240.0,9.210484443257867
14:52:31,2025-06-07,-0.901806,54.133713,19.831388655076168,85.35342733201333,10.3,240.0,10.523447031468061
14:52:32,2025-06-07,-0.901722,54.133717,19.59685025162501,85.29769443643227,10.3,240.0,10.284622871218817
14:52:33,2025-06-07,-0.901639,54.133721,19.731576708869163,81.80873023057347,10.3,240.0,10.168755636626528
14:52:34,2025-06-07,-0.901556,54.133728,20.300508516336414,85.46102704209648,10.3,240.0,11.00086602334319
14:52:35,2025-06-07,-0.90147,54.133732,20.721903710661877,81.08037276534333,10.3,240.0,11.11121266507607
14:52:36,2025-06-07,-0.901383,54.13374,21.0043191295555,85.61341498365829,10.3,240.0,11.716486378887355
14:52:37,2025-06-07,-0.901294,54.133744,21.41962407172247,81.37314039651699,10.3,240.0,11.827988406672711
14:52:38,2025-06-07,-0.901204,54.133752,20.941564551656974,77.8222203812528,10.3,240.0,11.135853654103562
14:52:39,2025-06-07,-0.901117,54.133763,20.430580187552877,82.09078178161263,10.3,240.0,10.886711953390606
14:52:40,2025-06-07,-0.901031,54.13377,20.721885196670264,81.08036471451999,10.3,240.0,11.111193630528152
14:52:41,2025-06-07,-0.900944,54.133778,20.024731884773804,80.7672009916775,10.3,240.0,10.393935199059511
14:52:42,2025-06-07,-0.90086,54.133786,20.022353666857363,77.25408509156011,10.3,240.0,10.185866035918943
14:52:43,2025-06-07,-0.900777,54.133797,20.11435942631502,76.13829541170003,10.3,240.0,10.220245472862
14:52:44,2025-06-07,-0.900694,54.133809,20.48168955479383,77.54451401827504,10.3,240.0,10.660814245483694
14:52:45,2025-06-07,-0.900609,54.13382,20.571640805475127,76.45228654570985,10.3,240.0,10.69336484895587
14:52:46,2025-06-07,-0.900524,54.133832,20.481678737740875,77.54450732183875,10.3,240.0,10.660803065545968
14:52:47,2025-06-07,-0.900439,54.133843,20.022327521036438,77.25406811510317,10.3,240.0,10.185838984893442
14:52:48,2025-06-07,-0.900356,54.133854,21.717347050226028,77.17935949515282,10.3,240.0,11.876883327883098
14:52:49,2025-06-07,-0.900266,54.133866,21.029499162973835,76.75260937094981,10.3,240.0,11.166649345107121
14:52:50,2025-06-07,-0.900179,54.133878,20.885332471696344,73.23770361328059,10.3,240.0,10.85901969112974
14:52:51,2025-06-07,-0.900094,54.133893,20.481650049764813,77.54448954545012,10.3,240.0,10.660773414255088
14:52:52,2025-06-07,-0.900009,54.133904,20.571601478467386,76.45226008584268,10.3,240.0,10.693324174782799
14:52:53,2025-06-07,-0.899924,54.133916,20.25190186623393,77.40091115690996,10.3,240.0,10.423275465949247
14:52:54,2025-06-07,-0.89984,54.133927,20.481634061055864,77.54447963767177,10.3,240.0,10.660756888637177
14:52:55,2025-06-07,-0.899755,54.133938,20.342864253738206,76.2970138756956,10.3,240.0,10.456719094473085
14:52:56,2025-06-07,-0.899671,54.13395,20.711485642423384,77.68485947013664,10.3,240.0,10.898245211967387
14:52:57,2025-06-07,-0.899585,54.133961,19.885872820357356,75.97583129837955,10.3,240.0,9.983680649088482
14:52:58,2025-06-07,-0.899503,54.133973,19.105226630916928,76.63130854623,10.3,240.0,9.236113528300752
14:52:59,2025-06-07,-0.899424,54.133984,18.746365839659074,75.10449627064452,10.3,240.0,8.802208335330477
14:53:00,2025-06-07,-0.899347,54.133996,18.419039396068538,76.12362223721527,10.3,240.0,8.524192578124085
14:53:01,2025-06-07,-0.899271,54.134007,19.201617917529056,75.46542413774455,10.3,240.0,9.274564992565336
14:53:02,2025-06-07,-0.899192,54.134019,18.87631903455214,76.46616826574927,10.3,240.0,8.998750135923993
14:53:03,2025-06-07,-0.899114,54.13403,17.734400128643873,75.57669962684827,10.3,240.0,7.812700091172072
14:53:04,2025-06-07,-0.899041,54.134041,21.0294151908265,76.75255538865628,10.3,240.0,11.166562575786903
14:53:05,2025-06-07,-0.898954,54.134053,20.72174736112027,81.08030474943598,10.3,240.0,11.111051917715763
14:53:06,2025-06-07,-0.898867,54.134061,20.941415654209568,77.82213225507945,10.3,240.0,11.135699907887364
14:53:07,2025-06-07,-0.89878,54.134072,20.896701432858954,82.26827916128576,10.3,240.0,11.364878975405528
14:53:08,2025-06-07,-0.898692,54.134079,21.4194551438218,81.3730716890314,10.3,240.0,11.827814977405804
14:53:09,2025-06-07,-0.898602,54.134087,21.186817164274462,81.27762164226806,10.3,240.0,11.588936916767535
14:53:10,2025-06-07,-0.898513,54.134095,21.36315127419448,82.43807901274113,10.3,240.0,11.84293781871975
14:53:11,2025-06-07,-0.898423,54.134102,21.258533321802283,76.89785351337196,10.3,240.0,11.403241239213598
14:53:12,2025-06-07,-0.898335,54.134114,20.896680676174274,82.26827141673897,10.3,240.0,11.364857691144376
14:53:13,2025-06-07,-0.898247,54.134121,20.954226300220142,81.18004727634906,10.3,240.0,11.349994626272364
14:53:14,2025-06-07,-0.898159,54.134129,20.66351369371595,82.18049227352378,10.3,240.0,11.125722179594588
14:53:15,2025-06-07,-0.898072,54.134136,21.41942640364779,81.373059986508,10.3,240.0,11.827785470543144
14:53:16,2025-06-07,-0.897982,54.134144,21.419422368123968,81.3730583420791,10.3,240.0,11.827781327284901
14:53:17,2025-06-07,-0.897892,54.134152,21.212270037751395,86.74371300016253,10.3,240.0,12.014078271523985
14:53:18,2025-06-07,-0.897802,54.134155,22.412131068098248,85.88943525695322,10.3,240.0,13.145856523013778
14:53:19,2025-06-07,-0.897707,54.134159,21.238742920765638,85.66192320992826,10.3,240.0,11.954683244372987
14:53:20,2025-06-07,-0.897617,54.134163,22.881572552647757,85.97390517113797,10.3,240.0,13.621938419815583
14:53:21,2025-06-07,-0.89752,54.134167,22.177420518585794,85.84585773615606,10.3,240.0,12.90772809907088
14:53:22,2025-06-07,-0.897426,54.134171,22.177418393253788,85.84585734299662,10.3,240.0,12.907725942926758
14:53:23,2025-06-07,-0.897332,54.134175,21.212258324712966,86.74371119946159,10.3,240.0,12.014066412815891
14:53:24,2025-06-07,-0.897242,54.134178,21.64879337774951,89.999962719677,10.3,240.0,12.72872836785011
14:53:25,2025-06-07,-0.89715,54.134178,21.238733256754752,85.66192122429618,10.3,240.0,11.95467342577915
14:53:26,2025-06-07,-0.89706,54.134182,22.177412548511413,85.84585624700924,10.3,240.0,12.907720012291266
14:53:27,2025-06-07,-0.896966,54.134186,21.004094825903888,85.6133679380925,10.3,240.0,11.716258419161335
14:53:28,2025-06-07,-0.896877,54.13419,19.567930273162215,86.46975664562967,10.3,240.0,10.347681737979828
14:53:29,2025-06-07,-0.896794,54.134193,19.530969578104628,89.99996636691992,10.3,240.0,10.610904896035324
14:53:30,2025-06-07,-0.896711,54.134193,19.299816690861636,88.80754237677104,10.3,240.0,10.274511167132294
14:53:31,2025-06-07,-0.896629,54.134194,18.334916751221908,81.18003654603672,10.3,240.0,8.7306843803353
14:53:32,2025-06-07,-0.896552,54.134201,18.424252596077775,84.99769427388986,10.3,240.0,9.089107222787115
14:53:33,2025-06-07,-0.896474,54.134205,16.783917912824318,84.50739646855112,10.3,240.0,7.411868299880929
14:53:34,2025-06-07,-0.896403,54.134209,16.549694247107553,84.42942106581438,10.3,240.0,7.171838683802131
14:53:35,2025-06-07,-0.896333,54.134213,16.245254445966403,80.03476257400575,10.3,240.0,6.568559595770484
14:53:36,2025-06-07,-0.896265,54.13422,16.23657860860838,89.99997204282846,10.3,240.0,7.316514436714556
14:53:37,2025-06-07,-0.896196,54.13422,15.060014941310042,89.99997406737936,10.3,240.0,6.139950951391725
14:53:38,2025-06-07,-0.896132,54.13422,13.741933100106097,83.28652569871144,10.3,240.0,4.280977519630408
14:53:39,2025-06-07,-0.896074,54.134224,12.706886382537535,89.99997812380417,10.3,240.0,3.786822757228494
14:53:40,2025-06-07,-0.89602,54.134224,12.57414778965071,82.65979668857489,10.3,240.0,3.0692187467962544
14:53:41,2025-06-07,-0.895967,54.134228,12.34078995772304,82.52022252640052,10.3,240.0,2.826222565850058
14:53:42,2025-06-07,-0.895915,54.134232,11.295007941463673,89.99998054728894,10.3,240.0,2.37494453398811
14:53:43,2025-06-07,-0.895867,54.134232,11.641191443758325,82.06794260935874,10.3,240.0,2.0957798884551124
14:53:44,2025-06-07,-0.895818,54.134236,10.189602019001473,83.20919075754398,10.3,240.0,0.7231590222133661
14:53:45,2025-06-07,-0.895775,54.134239,9.412505030957762,89.99998379502063,10.3,240.0,0.4924419154026385
14:53:46,2025-06-07,-0.895735,54.134239,7.929009685758913,78.3111912125865,10.3,240.0,-1.8494408473057256
14:53:47,2025-06-07,-0.895702,54.134243,7.929009685758913,101.68878203856326,10.3,240.0,0.2372950249987582
14:53:48,2025-06-07,-0.895669,54.134239,8.159602953207077,78.6459194774086,10.3,240.0,-1.5997755595656251
14:53:49,2025-06-07,-0.895635,54.134243,8.618948606326589,68.11946808079307,10.3,240.0,-1.577801359625326
14:53:50,2025-06-07,-0.895601,54.134251,8.159600688023161,78.64591624722237,10.3,240.0,-1.5997780104060926
14:53:51,2025-06-07,-0.895567,54.134255,8.090433229498402,81.43554800306953,10.3,240.0,-1.4971081102637687
14:53:52,2025-06-07,-0.895533,54.134258,7.393075999746564,99.37914788980322,10.3,240.0,-0.5684586062885391
14:53:53,2025-06-07,-0.895502,54.134255,7.753129149595382,65.52735000550922,10.3,240.0,-2.4989792825566512
14:53:54,2025-06-07,-0.895472,54.134263,6.945062784577868,66.13027926558516,10.3,240.0,-3.2960381857527867
14:53:55,2025-06-07,-0.895445,54.13427,6.089026953132,58.173819794616065,10.3,240.0,-4.205741712734048
14:53:56,2025-06-07,-0.895423,54.134278,0.15935010561963964,88.07767861899941,10.3,240.0,-8.928445949666346
15:02:42,2025-06-07,-0.895067,54.134285,11.765618253193978,89.99997973908773,10.3,240.0,2.845554773073731
15:02:43,2025-06-07,-0.895017,54.134285,11.874292286862248,82.22461320841,10.3,240.0,2.3394979714443664
15:02:44,2025-06-07,-0.894967,54.134289,12.107491560396438,82.37525906796111,10.3,240.0,2.5829734342235966
15:02:45,2025-06-07,-0.894916,54.134293,12.000928305881258,89.99997933741986,10.3,240.0,3.080864789657335
15:02:46,2025-06-07,-0.894865,54.134293,11.641174665200321,82.06793108966531,10.3,240.0,2.0957623318546226
15:02:47,2025-06-07,-0.894816,54.134297,10.890912660398465,83.64831393851875,10.3,240.0,1.4558570702777924
15:02:48,2025-06-07,-0.89477,54.1343,9.883115762088764,89.99998298185841,10.3,240.0,0.9630525734430311
15:02:49,2025-06-07,-0.894728,54.1343,9.547986165304813,80.31400406624533,10.3,240.0,-0.11139616362215676
15:02:50,2025-06-07,-0.894688,54.134304,8.852859691583959,79.54534256297762,10.3,240.0,-0.8536237057381086
15:02:51,2025-06-07,-0.894651,54.134308,8.47124044950453,89.99998541583989,10.3,240.0,-0.44882252036420667
15:02:52,2025-06-07,-0.894615,54.134308,8.706552684246367,89.9999850113989,10.3,240.0,-0.21351032197530806
15:02:53,2025-06-07,-0.894578,54.134308,10.012241901374523,80.76710233618928,10.3,240.0,0.3814389272769727
15:02:54,2025-06-07,-0.894536,54.134312,10.3537373297051,89.99998217194644,10.3,240.0,1.433674068260908
15:02:55,2025-06-07,-0.894492,54.134312,11.765610601924493,89.99997973907455,10.3,240.0,2.84554712180306
15:02:56,2025-06-07,-0.894442,54.134312,12.47154723803419,89.99997852086733,10.3,240.0,3.5514836484149335
15:02:57,2025-06-07,-0.894389,54.134312,14.70764418216934,77.38262834995174,10.3,240.0,4.878035380919446
15:02:58,2025-06-07,-0.894328,54.13432,15.145031972096849,83.91092518591853,10.3,240.0,5.729012106012526
15:02:59,2025-06-07,-0.894264,54.134324,15.781865606872541,79.73908446619464,10.3,240.0,6.0870897405885405
15:03:00,2025-06-07,-0.894198,54.134331,16.942471513501015,89.99997082302366,10.3,240.0,8.022407231965794
15:03:01,2025-06-07,-0.894126,54.134331,17.72104191626325,84.79866485258822,10.3,240.0,8.370833213863488
15:03:02,2025-06-07,-0.894051,54.134335,17.45453858650758,86.04168781759205,10.3,240.0,8.200247589253935
15:03:03,2025-06-07,-0.893977,54.134338,17.95539912368709,84.86673374883901,10.3,240.0,8.610329457037055
15:03:04,2025-06-07,-0.893901,54.134342,18.893074636012297,85.12212273209599,10.3,240.0,9.567403733845932
15:03:05,2025-06-07,-0.893821,54.134346,18.658619833202668,85.0606813670459,10.3,240.0,9.328265044700254
15:03:06,2025-06-07,-0.893742,54.13435,18.35433574021479,89.99996839785285,10.3,240.0,9.434271240694608
15:03:07,2025-06-07,-0.893664,54.13435,19.127545091825006,85.18205648442193,10.3,240.0,9.80645347805185
15:03:08,2025-06-07,-0.893583,54.134354,19.59655161827087,85.29762246024711,10.3,240.0,10.284318708724928
15:03:09,2025-06-07,-0.8935,54.134358,20.27250022494893,86.59259314194043,10.3,240.0,11.062115461016974
15:03:10,2025-06-07,-0.893414,54.134361,21.004006814323922,85.61334946426467,10.3,240.0,11.716168971917725
15:03:11,2025-06-07,-0.893325,54.134365,21.178072048974222,89.9999635326376,10.3,240.0,12.258007112147261
15:03:12,2025-06-07,-0.893235,54.134365,22.117548137395787,81.64731051446643,10.3,240.0,12.543984481691577
15:03:13,2025-06-07,-0.893142,54.134373,21.707944743841075,85.75585738577627,10.3,240.0,12.43121038767061
15:03:14,2025-06-07,-0.89305,54.134377,21.178065927952975,89.99996353262702,10.3,240.0,12.258000991125062
15:03:15,2025-06-07,-0.89296,54.134377,22.386923065586547,86.91473560234022,10.3,240.0,13.202607315422306
15:03:16,2025-06-07,-0.892865,54.13438,22.358214313437745,88.9706684411002,10.3,240.0,13.347076156635646
15:03:17,2025-06-07,-0.89277,54.134381,22.856879516203442,86.97822827895703,10.3,240.0,13.67773611595791
15:03:18,2025-06-07,-0.892673,54.134384,22.646723599808627,85.93208591933615,10.3,240.0,13.383799424208359
15:03:19,2025-06-07,-0.892577,54.134388,22.117536147018313,81.64730593878909,10.3,240.0,12.54397218787652
15:03:20,2025-06-07,-0.892484,54.134396,22.350385015043777,81.73492798163562,10.3,240.0,12.782642933378957
15:03:21,2025-06-07,-0.89239,54.134404,24.171759509299342,79.46938777601201,10.3,240.0,14.460716555647378
15:03:22,2025-06-07,-0.892289,54.134415,24.709477059599582,78.75325451052254,10.3,240.0,14.956284802849668
15:03:23,2025-06-07,-0.892186,54.134427,25.097797933325587,79.86206540986814,10.3,240.0,15.410511143274464
15:03:24,2025-06-07,-0.892081,54.134438,26.558493712776414,79.54527851014399,10.3,240.0,16.852006463183216
15:03:25,2025-06-07,-0.89197,54.13445,27.26106031638761,77.23403765029059,10.3,240.0,17.42350433402236
15:03:26,2025-06-07,-0.891857,54.134465,27.658666329118596,73.98714016699859,10.3,240.0,17.66406132560889
15:03:27,2025-06-07,-0.891744,54.134484,27.77162649230952,73.19079800042203,10.3,240.0,17.743386176396854
15:03:28,2025-06-07,-0.891631,54.134504,26.81203885111066,69.85253048145682,10.3,240.0,16.663949109764623
15:03:29,2025-06-07,-0.891524,54.134527,29.85414623370952,61.92528974532161,10.3,240.0,19.55996074601914
15:03:30,2025-06-07,-0.891412,54.134562,29.667993406903687,62.609333900993875,10.3,240.0,19.37867279120285
15:03:31,2025-06-07,-0.8913,54.134596,30.270372478219407,62.34427130083202,10.3,240.0,19.978992673788
15:03:32,2025-06-07,-0.891186,54.134631,30.846049817637944,58.63425590376784,10.3,240.0,20.54897585632787
15:03:33,2025-06-07,-0.891074,54.134671,32.67828186949023,58.11916375745261,10.3,240.0,22.383830999933352
15:03:34,2025-06-07,-0.890956,54.134714,33.07447971804459,59.35517513008915,10.3,240.0,22.77513200837212
15:03:35,2025-06-07,-0.890835,54.134756,32.08105627152178,61.608865763097526,10.3,240.0,21.785116711056055
15:03:36,2025-06-07,-0.890715,54.134794,30.928843868000023,63.81201143521764,10.3,240.0,20.651632074511703
15:03:37,2025-06-07,-0.890597,54.134828,31.048356419004083,72.69473586625088,10.3,240.0,21.000142612239777
15:03:38,2025-06-07,-0.890471,54.134851,30.5136610456864,76.29670525565672,10.3,240.0,20.627500317869902
15:03:39,2025-06-07,-0.890345,54.134869,31.371981942336404,81.90470318362941,10.3,240.0,21.81558391540041
15:03:40,2025-06-07,-0.890213,54.13488,31.7894501796411,87.8277744704277,10.3,240.0,22.680595867477678
15:03:41,2025-06-07,-0.890078,54.134883,31.66334305892645,98.75473564491136,8.6,256.0,23.732689608567803
15:03:42,2025-06-07,-0.889945,54.134871,28.915795696979174,104.47628130697751,8.6,256.0,21.356270425710033
15:03:43,2025-06-07,-0.889826,54.134853,27.351960932566964,103.58643948592157,8.6,256.0,19.72966736711123
15:03:44,2025-06-07,-0.889713,54.134837,32.850747348461745,106.32863738914074,8.6,256.0,25.42771521420706
15:03:45,2025-06-07,-0.889579,54.134814,34.20821321866684,105.66388411740621,8.6,256.0,26.735297830430785
15:03:46,2025-06-07,-0.889439,54.134791,35.86889283673024,110.30505196054725,8.6,256.0,28.764874848284
15:03:47,2025-06-07,-0.889296,54.13476,34.98744104905436,110.8397803748287,8.6,256.0,27.928967264349247
15:03:48,2025-06-07,-0.889157,54.134729,38.27402153554689,110.89633857829199,8.6,256.0,31.22040098137801
15:03:49,2025-06-07,-0.889005,54.134695,39.29809305131583,107.85073215363553,8.6,256.0,31.993031424985816
15:03:50,2025-06-07,-0.888846,54.134665,36.692543660032875,107.18629972704304,8.6,256.0,29.335345968488102
15:03:51,2025-06-07,-0.888697,54.134638,36.24313347424161,107.40608018409347,8.6,256.0,28.903072145624044
15:03:52,2025-06-07,-0.88855,54.134611,34.55163899621147,107.58761112942693,8.6,256.0,27.22581315656062
15:03:53,2025-06-07,-0.88841,54.134585,36.46782505754596,107.29548697832638,8.6,256.0,29.119127220536893
15:03:54,2025-06-07,-0.888262,54.134558,39.52230722600148,107.7461287561581,8.6,256.0,32.20897234209163
15:03:55,2025-06-07,-0.888102,54.134528,38.989982432411345,103.70306910178101,8.6,256.0,31.375811399241655
15:03:56,2025-06-07,-0.887941,54.134505,42.342614375382574,102.0435598566321,8.6,256.0,34.61585399581651
15:03:57,2025-06-07,-0.887765,54.134483,42.14066434375748,98.77086523124319,8.6,256.0,34.21094762859179
15:03:58,2025-06-07,-0.887588,54.134467,41.41471719812575,96.12352940014193,8.6,256.0,33.339721022049034
15:03:59,2025-06-07,-0.887413,54.134456,38.37443548763192,96.61074277363434,8.6,256.0,30.324890956661186
15:04:00,2025-06-07,-0.887251,54.134445,37.6839374736015,92.44329069317723,8.6,256.0,29.43567426258095
15:04:01,2025-06-07,-0.887091,54.134441,36.50848266629889,92.52201021184106,8.6,256.0,28.263571855116624
15:04:02,2025-06-07,-0.886936,54.134437,34.61167440908062,91.99491937517911,8.6,256.0,26.344613657331553
15:04:03,2025-06-07,-0.886789,54.134434,31.337447796355118,87.06136773067078,8.6,256.0,22.897216439133167
15:04:04,2025-06-07,-0.886656,54.134438,31.296429223278974,89.999946108649,8.6,256.0,22.951884020402638
15:04:05,2025-06-07,-0.886523,54.134438,29.887246914267536,90.7699297169512,8.6,256.0,21.571413963295786
15:04:06,2025-06-07,-0.886396,54.134437,29.203379905801572,92.3645778850738,8.6,256.0,20.951780148496226
15:04:07,2025-06-07,-0.886272,54.134434,28.517774091076042,93.22936919980964,8.6,256.0,20.303684816218844
15:04:08,2025-06-07,-0.886151,54.13443,27.01637790636149,96.83011455670032,8.6,256.0,18.978483334441663
15:04:09,2025-06-07,-0.886037,54.134422,25.46414746634487,93.6171228806578,8.6,256.0,17.267485214934542
15:04:10,2025-06-07,-0.885929,54.134418,24.634639764693713,100.33049807232703,8.6,256.0,16.79845648903894
15:04:11,2025-06-07,-0.885826,54.134407,23.981698563231483,97.69929103293236,8.6,256.0,15.991119102136881
15:04:12,2025-06-07,-0.885725,54.134399,23.748523931079358,97.77534603320271,8.6,256.0,15.762172305472209
15:04:13,2025-06-07,-0.885625,54.134391,23.246941108412365,100.95447105930202,8.6,256.0,15.449808504993914
15:04:14,2025-06-07,-0.885528,54.13438,22.17730946768392,94.15408696277439,8.6,256.0,14.005400001267217
15:04:15,2025-06-07,-0.885434,54.134376,22.092858773508393,101.53426226458697,8.6,256.0,14.332840708771075
15:04:16,2025-06-07,-0.885342,54.134365,21.238640181414315,94.3380249396497,8.6,256.0,13.075374977165136
15:04:17,2025-06-07,-0.885252,54.134361,20.256773864331215,99.12607271242473,8.6,256.0,12.347845205962077
15:04:18,2025-06-07,-0.885167,54.134353,19.731285727882117,98.1913244174956,8.6,256.0,11.768306769181404
15:04:19,2025-06-07,-0.885084,54.134346,17.86991510390307,99.05128690469866,8.6,256.0,9.956584414000746
15:04:20,2025-06-07,-0.885009,54.134339,22.953562024383423,103.14651942313719,8.6,256.0,15.300915264195133
15:04:21,2025-06-07,-0.884914,54.134326,20.711311865541557,102.31517604995406,8.6,256.0,13.00253810634084
15:04:22,2025-06-07,-0.884828,54.134315,20.489176613168322,99.02170025350267,8.6,256.0,12.574108119521364
15:04:23,2025-06-07,-0.884742,54.134307,20.663430167903186,97.81946910198758,8.6,256.0,12.679537758276755
15:04:24,2025-06-07,-0.884655,54.1343,20.954142031755445,98.81991724201839,8.6,256.0,13.027277902167137
15:04:25,2025-06-07,-0.884567,54.134292,20.197270005548937,98.00109956861769,8.6,256.0,12.223550684087822
15:04:26,2025-06-07,-0.884482,54.134285,18.56745786178946,98.70858646845073,8.6,256.0,10.63412774283993
15:04:27,2025-06-07,-0.884404,54.134278,22.411432687775804,99.28109317035143,8.6,256.0,14.51167172632098
15:04:28,2025-06-07,-0.88431,54.134269,19.49843086252783,98.28982275300956,8.6,256.0,11.541047757400381
15:04:29,2025-06-07,-0.884228,54.134262,20.48920212327766,99.02168889671475,8.6,256.0,12.574132962982759
15:04:30,2025-06-07,-0.884142,54.134254,20.25682475207239,99.12604953195233,8.6,256.0,12.3478947271696
15:04:31,2025-06-07,-0.884057,54.134246,21.171430812831794,102.04352395722691,8.6,256.0,13.44466806744917
15:04:32,2025-06-07,-0.883969,54.134235,21.708018581548387,94.24405356092097,8.6,256.0,13.5403266256907
15:04:33,2025-06-07,-0.883877,54.134231,22.387003173229274,93.08517633497854,8.6,256.0,14.166529279249211
15:04:34,2025-06-07,-0.883782,54.134228,22.881539100951695,94.02602213269279,8.6,256.0,14.703660887099288
15:04:35,2025-06-07,-0.883685,54.134224,22.881541294398627,94.02602175795892,8.6,256.0,14.70366306314067
15:04:36,2025-06-07,-0.883588,54.13422,22.816341549436927,98.0950774387735,8.6,256.0,14.847917373222515
15:04:37,2025-06-07,-0.883492,54.134212,22.06311732785591,97.32062375456906,8.6,256.0,14.051697766847283
15:04:38,2025-06-07,-0.883399,54.134205,22.816349628149844,98.09507455578444,8.6,256.0,14.847925289165685
15:04:39,2025-06-07,-0.883303,54.134197,21.942715788990164,94.19857800455873,8.6,256.0,13.772889483903924
15:04:40,2025-06-07,-0.88321,54.134193,21.238727662085406,94.33800699230505,8.6,256.0,13.075461610285757
15:04:41,2025-06-07,-0.88312,54.134189,21.829746322526553,97.3993153716724,8.6,256.0,13.822628811373292
15:04:42,2025-06-07,-0.883028,54.134182,20.76947979630006,94.43620930170323,8.6,256.0,12.610863263986781
15:04:43,2025-06-07,-0.88294,54.134178,19.831169912959567,94.6465560772408,8.6,256.0,11.682593161485695
15:04:44,2025-06-07,-0.882856,54.134174,21.18677778045336,98.72232261486795,8.6,256.0,13.254243824964501
15:04:45,2025-06-07,-0.882767,54.134166,20.197330106954084,98.00107553905178,8.6,256.0,12.223609434299416
15:04:46,2025-06-07,-0.882682,54.134159,19.79231420453914,99.34210238854541,8.6,256.0,11.896177106127226
15:04:47,2025-06-07,-0.882599,54.134151,20.489255551656537,99.02166513338358,8.6,256.0,12.574184996445702
15:04:48,2025-06-07,-0.882513,54.134143,20.197341077464035,98.00107116120876,8.6,256.0,12.22362015864139
15:04:49,2025-06-07,-0.882428,54.134136,20.489262771353275,99.02166190964454,8.6,256.0,12.574192026907923
15:04:50,2025-06-07,-0.882342,54.134128,20.25180849972892,102.59907994703542,8.6,256.0,12.56202022908803
15:04:51,2025-06-07,-0.882258,54.134117,20.024576364322453,99.23280344889525,8.6,256.0,12.1219534106283
15:04:52,2025-06-07,-0.882174,54.134109,20.663526881600156,97.81943219839906,8.6,256.0,12.67963241315963
15:04:53,2025-06-07,-0.882087,54.134102,20.065758555688095,94.59211670502236,8.6,256.0,11.914572891999715
15:04:54,2025-06-07,-0.882002,54.134098,19.79234251387699,99.34208888117922,8.6,256.0,11.89620461215523
15:04:55,2025-06-07,-0.881919,54.13409,19.127665855613397,94.81784731432435,8.6,256.0,10.987345915612902
15:04:56,2025-06-07,-0.881838,54.134086,18.87629497070754,103.53378614955557,8.6,256.0,11.250344771451294
15:04:57,2025-06-07,-0.88176,54.134075,18.864142644287227,99.80613553461683,8.6,256.0,10.995861184240518
15:04:58,2025-06-07,-0.881681,54.134067,17.870032207329068,99.05122695844796,8.6,256.0,9.9566979942858
15:04:59,2025-06-07,-0.881606,54.13406,17.252512513997285,95.34292760072253,8.6,256.0,9.137956231707339
15:05:00,2025-06-07,-0.881533,54.134056,16.54975623805119,95.57050122984799,8.6,256.0,8.446577933722214
15:05:01,2025-06-07,-0.881463,54.134052,16.00133062175161,89.99997244598762,8.6,256.0,7.656786375235805
15:05:02,2025-06-07,-0.881395,54.134052,15.37914243437492,95.99599352612654,8.6,256.0,7.297580236437135
15:05:03,2025-06-07,-0.88133,54.134048,14.589449913614448,89.99997488144464,8.6,256.0,6.244905755534964
15:05:04,2025-06-07,-0.881268,54.134048,13.648195080501685,89.99997650079683,8.6,256.0,5.303650981224129
15:05:05,2025-06-07,-0.88121,54.134048,14.169906774135146,94.87778566385276,8.6,256.0,6.032493250775682
15:05:06,2025-06-07,-0.88115,54.134045,13.177568616074081,89.99997731113564,8.6,256.0,4.833024546221557
15:05:07,2025-06-07,-0.881094,54.134045,12.942254890806183,89.99997771295602,8.6,256.0,4.597710835544566
15:05:08,2025-06-07,-0.881039,54.134045,13.508310514031274,83.16987806841149,8.6,256.0,4.975558598820861
15:05:09,2025-06-07,-0.880982,54.134049,13.23228489287782,84.7756160826612,8.6,256.0,4.7329616562399845
15:05:10,2025-06-07,-0.880926,54.134052,12.863919790872828,81.01938273581459,8.6,256.0,4.2968994411031325
15:05:11,2025-06-07,-0.880872,54.134057,12.5536847306448,77.06016973578352,8.6,256.0,3.9551569129876363
15:05:12,2025-06-07,-0.88082,54.134064,11.74114315203017,74.12066582043201,8.6,256.0,3.145769009825223
15:05:13,2025-06-07,-0.880772,54.134072,11.469862015712918,67.35317308151309,8.6,256.0,2.967611008829982
15:05:14,2025-06-07,-0.880727,54.134083,12.421752685198747,75.01148526629925,8.6,256.0,3.8230325930751246
15:05:15,2025-06-07,-0.880676,54.134091,12.344134603318587,69.03513701238467,8.6,256.0,3.807596564654647
15:05:16,2025-06-07,-0.880627,54.134102,13.147183630564154,68.50158679479023,8.6,256.0,4.620726737914035
15:05:17,2025-06-07,-0.880575,54.134114,14.790840420661059,72.62432667781871,8.6,256.0,6.205762123415138
15:05:18,2025-06-07,-0.880515,54.134125,14.937451210469511,77.57982310769188,8.6,256.0,6.340720192994453
15:05:19,2025-06-07,-0.880453,54.134133,15.167363143496678,77.77098715206284,8.6,256.0,6.571471039444317
15:05:20,2025-06-07,-0.88039,54.134141,15.91780058274395,73.88891985815133,8.6,256.0,7.323637499490845
15:05:21,2025-06-07,-0.880325,54.134152,15.781928906811434,79.73912617169896,8.6,256.0,7.2002355742258946
15:05:22,2025-06-07,-0.880259,54.134159,15.858047938611653,78.31119923813168,8.6,256.0,7.265043765793205
15:05:23,2025-06-07,-0.880193,54.134167,15.627662381088445,78.13642914156583,8.6,256.0,7.033640297765606
15:05:24,2025-06-07,-0.880128,54.134175,16.245268866755627,80.0347715236091,8.6,256.0,7.666583683632155
15:05:25,2025-06-07,-0.88006,54.134182,15.627656972501052,78.13642498106151,8.6,256.0,7.033634865898019
15:05:26,2025-06-07,-0.879995,54.13419,15.917783249173574,73.88890178454551,8.6,256.0,7.323620265852867
15:05:27,2025-06-07,-0.87993,54.134201,14.911104360492905,83.81503493377852,8.6,256.0,6.390979497594458
15:05:28,2025-06-07,-0.879867,54.134205,14.7908109016101,72.62429080395532,8.6,256.0,6.205732921425142
15:05:29,2025-06-07,-0.879807,54.134216,16.82690823700812,83.14602301808867,8.6,256.0,8.293710160473921
15:05:30,2025-06-07,-0.879736,54.134221,16.59725665102584,74.56505907665326,8.6,256.0,7.999953573942419
15:05:31,2025-06-07,-0.879668,54.134232,17.05143614248171,74.98586785004449,8.6,256.0,8.452783245949993
15:05:32,2025-06-07,-0.879598,54.134243,15.627634988906886,78.13640800572739,8.6,256.0,7.033612787318464
15:05:33,2025-06-07,-0.879533,54.134251,17.159377622313766,73.6906972699353,8.6,256.0,8.566361974583485
15:05:34,2025-06-07,-0.879463,54.134263,16.370497759543987,74.34589020408782,8.6,256.0,7.774081377417209
15:05:35,2025-06-07,-0.879396,54.134274,17.47435934082368,79.40534183864776,8.6,256.0,8.88954440989913
15:05:36,2025-06-07,-0.879323,54.134282,17.278838493472364,75.18795826673477,8.6,256.0,8.6797022127644
15:05:37,2025-06-07,-0.879252,54.134293,17.0119329813916,79.11393404671435,8.6,256.0,8.424630975121696
15:05:38,2025-06-07,-0.879181,54.134301,17.962314992908112,75.76354450041902,8.6,256.0,9.362388228368038
15:05:39,2025-06-07,-0.879107,54.134312,17.95541027771811,84.86673696174188,8.6,256.0,9.458184437387061
15:05:40,2025-06-07,-0.879031,54.134316,17.637568148207162,80.82840790044031,8.6,256.0,9.068087412487671
15:05:41,2025-06-07,-0.878957,54.134323,18.168757012012154,79.81460904665585,8.6,256.0,9.587809988603668
15:05:42,2025-06-07,-0.878881,54.134331,18.632179557296336,80.07050550854899,8.6,256.0,10.053873436223277
15:05:43,2025-06-07,-0.878803,54.134339,17.721038530299968,84.79866384534671,8.6,256.0,9.222243770163054
15:05:44,2025-06-07,-0.878728,54.134343,17.869913424162526,80.94865146714568,8.6,256.0,9.301970723256488
15:05:45,2025-06-07,-0.878653,54.13435,17.721033873844334,84.79866247580225,8.6,256.0,9.222239082263425
15:05:46,2025-06-07,-0.878578,54.134354,17.486697666949393,84.72876777138526,8.6,256.0,8.986304455229165
15:05:47,2025-06-07,-0.878504,54.134358,16.94097119163765,80.44786903954628,8.6,256.0,8.366871746025874
15:05:48,2025-06-07,-0.878433,54.134365,16.315442867709333,84.34918652007082,8.6,256.0,7.8065899722980685
15:05:49,2025-06-07,-0.878364,54.134369,16.549631073003557,84.42939969306417,8.6,256.0,8.042534771186643
15:05:50,2025-06-07,-0.878294,54.134373,17.018101844954067,84.58320306473121,8.6,256.0,8.514420326093024
15:05:51,2025-06-07,-0.878222,54.134377,17.95538239391181,84.86672894975567,8.6,256.0,9.458156368218141
15:05:52,2025-06-07,-0.878146,54.134381,17.219773894723115,85.98763664361161,8.6,256.0,8.750105173776225
15:05:53,2025-06-07,-0.878073,54.134384,17.486685138285075,84.72876396276104,8.6,256.0,8.986291839810166
15:05:54,2025-06-07,-0.877999,54.134388,17.48668346800832,84.72876346911426,8.6,256.0,8.986290158288888
15:05:55,2025-06-07,-0.877925,54.134392,18.189760402993656,84.93304287106605,8.6,256.0,9.694074284155054
15:05:56,2025-06-07,-0.877848,54.134396,18.158837112720356,86.19543774621462,8.6,256.0,9.694633645758847
15:05:57,2025-06-07,-0.877771,54.134399,17.182428305454764,88.66057874719291,8.6,256.0,8.7915323693987
15:05:58,2025-06-07,-0.877698,54.1344,17.45451139219991,86.041681630205,8.6,256.0,8.986253359785419
15:05:59,2025-06-07,-0.877624,54.134403,17.41306552513348,89.99997001852586,8.6,256.0,9.068521190471692
15:06:00,2025-06-07,-0.87755,54.134403,16.549617648900146,84.42939513184956,8.6,256.0,8.042521246722826
15:06:01,2025-06-07,-0.87748,54.134407,19.36201309406389,85.24053301398556,8.6,256.0,10.873616045759876
15:06:02,2025-06-07,-0.877398,54.134411,18.42416011558458,84.99766905046613,8.6,256.0,9.929985661519245
15:06:03,2025-06-07,-0.87732,54.134415,17.64837212057258,89.99996960957304,8.6,256.0,9.303827771060904
15:06:04,2025-06-07,-0.877245,54.134415,18.589618633697555,89.99996799070874,8.6,256.0,10.245074225401693
15:06:05,2025-06-07,-0.877166,54.134415,19.831055557871206,85.35334892347754,8.6,256.0,11.345394131672323
15:06:06,2025-06-07,-0.877082,54.134419,18.86327120454411,86.33770861558742,8.6,256.0,10.402873731243938
15:06:07,2025-06-07,-0.877002,54.134422,19.831052236355536,85.35334815271818,8.6,256.0,11.345390791354463
15:06:08,2025-06-07,-0.876918,54.134426,18.189745621015014,84.9330387297286,8.6,256.0,9.694059405653102
15:06:09,2025-06-07,-0.876841,54.13443,23.060531239488693,89.9999602919363,8.6,256.0,14.715986551635178
15:06:10,2025-06-07,-0.876743,54.13443,19.362002442358424,85.24053037589749,8.6,256.0,10.873605330469347
15:06:11,2025-06-07,-0.876661,54.134434,21.47325085482987,85.70938620160427,8.6,256.0,12.99643851119062
15:06:12,2025-06-07,-0.87657,54.134438,20.507363463929572,86.63166074277007,8.6,256.0,12.054994929848112
15:06:13,2025-06-07,-0.876483,54.134441,24.290022048456517,86.20769947231736,8.6,256.0,15.826144549251632
15:06:14,2025-06-07,-0.87638,54.134445,22.411975331042427,85.88940658417505,8.6,256.0,13.93976189438493
15:06:15,2025-06-07,-0.876285,54.134449,22.81621389770694,81.90479905145463,8.6,256.0,14.261843745007242
15:06:16,2025-06-07,-0.876189,54.134457,21.447052069744515,86.77939617108427,8.6,256.0,12.998802764241058
15:06:17,2025-06-07,-0.876098,54.13446,23.11614888396627,86.01482542966244,8.6,256.0,14.647188906011914
15:06:18,2025-06-07,-0.876,54.134464,29.120275761954282,83.66533011647755,8.6,256.0,20.59712455517873
15:06:19,2025-06-07,-0.875877,54.134472,22.85682956029631,86.9782216496526,8.6,256.0,14.414212658182883
15:06:20,2025-06-07,-0.87578,54.134475,29.167098252895297,82.88117980584013,8.6,256.0,20.629046200811665
15:06:21,2025-06-07,-0.875657,54.134484,24.165087692789143,83.31907631278438,8.6,256.0,15.635159786250577
15:06:22,2025-06-07,-0.875555,54.134491,29.692502077196494,86.89842232112454,8.6,256.0,21.247612372095006
15:06:23,2025-06-07,-0.875429,54.134495,24.632583094244,83.44642382725499,8.6,256.0,16.105111362627902
15:06:24,2025-06-07,-0.875325,54.134502,29.86772348005432,83.04899055661707,8.6,256.0,21.332725850179767
15:06:25,2025-06-07,-0.875199,54.134511,26.720890394565707,80.48369915270553,8.6,256.0,18.14720970324045
15:06:26,2025-06-07,-0.875087,54.134522,26.382235379063665,87.38230329142067,8.6,256.0,17.951378652894505
15:06:27,2025-06-07,-0.874975,54.134525,28.886364270841913,83.6138253228657,8.6,256.0,20.362185325705155
15:06:28,2025-06-07,-0.874853,54.134533,29.588034911162172,83.76586848451626,8.6,256.0,21.06690971281973
15:06:29,2025-06-07,-0.874728,54.134541,28.844634399940887,84.40666959878598,8.6,256.0,20.337038637169726
15:06:30,2025-06-07,-0.874606,54.134548,28.41868168193628,83.50828833692333,8.6,256.0,19.892418346454708
15:06:31,2025-06-07,-0.874486,54.134556,28.886342968972663,83.61382059059326,8.6,256.0,20.36216392972353
15:06:32,2025-06-07,-0.874364,54.134564,27.41736609956244,80.72756849834752,8.6,256.0,18.84662462541872
15:06:33,2025-06-07,-0.874249,54.134575,30.036534709218465,80.76700894021417,8.6,256.0,21.466283175832707
15:06:34,2025-06-07,-0.874123,54.134587,25.527021756262652,84.58316053515671,8.6,256.0,17.02333928467795
15:06:35,2025-06-07,-0.874015,54.134593,32.20480198513354,83.55560463506185,8.6,256.0,23.679469585162305
15:06:36,2025-06-07,-0.873879,54.134602,25.727505572429347,81.01924302713616,8.6,256.0,17.160483387959033
15:06:37,2025-06-07,-0.873771,54.134612,29.951519167125124,86.15557397480802,8.6,256.0,21.486258633937133
15:06:38,2025-06-07,-0.873644,54.134617,24.403042400395268,79.57029943127861,8.6,256.0,15.819733768627446
15:06:39,2025-06-07,-0.873542,54.134628,30.186295135122435,86.18551726467206,8.6,256.0,21.72182822412941
15:06:40,2025-06-07,-0.873414,54.134633,26.73760790646818,83.96434571972736,8.6,256.0,18.220559358891617
15:06:41,2025-06-07,-0.873301,54.13464,23.796727513161812,87.09767230348342,8.6,256.0,15.357543345827679
15:06:42,2025-06-07,-0.8732,54.134643,31.460019919161162,84.13813841789135,8.6,256.0,22.9466249398004
15:06:43,2025-06-07,-0.873067,54.134651,25.698853061494308,86.41586720439136,8.6,256.0,17.240568668590747
15:06:44,2025-06-07,-0.872958,54.134655,27.108106430413695,86.60241032167119,8.6,256.0,18.654928986087867
15:06:45,2025-06-07,-0.872843,54.134659,23.06040404667793,89.99996029171677,8.6,256.0,14.715859358816443
15:06:46,2025-06-07,-0.872745,54.134659,31.296262634747116,89.99994610836148,8.6,256.0,22.951717431860338
15:06:47,2025-06-07,-0.872612,54.134659,26.119437236551057,89.99995502260708,8.6,256.0,17.774892357357864
15:06:48,2025-06-07,-0.872501,54.134659,26.87320888225961,86.5726781117553,8.6,256.0,18.419211461843055
15:06:49,2025-06-07,-0.872387,54.134663,25.648814274701195,89.99995583527925,8.6,256.0,17.304269425017715
15:06:50,2025-06-07,-0.872278,54.134663,26.63832126664272,93.45748652660455,8.6,256.0,18.43443888416469
15:06:51,2025-06-07,-0.872165,54.134659,25.17819625502754,89.99995664345744,8.6,256.0,16.833651434690594
15:06:52,2025-06-07,-0.872058,54.134659,29.413780671778692,89.99994935037245,8.6,256.0,21.069235586615612
15:06:53,2025-06-07,-0.871933,54.134659,24.99433296708627,93.68520680168842,8.6,256.0,16.800769415999255
15:06:54,2025-06-07,-0.871827,54.134655,28.472542433415764,89.99995096891223,8.6,256.0,20.127997407025006
15:06:55,2025-06-07,-0.871706,54.134655,29.178473237543795,89.99994975462795,8.6,256.0,20.833928167060016
15:06:56,2025-06-07,-0.871582,54.134655,29.222464656117058,93.15141311171936,8.6,256.0,21.00491715334025
15:06:57,2025-06-07,-0.871458,54.134651,29.41378633938543,89.99994935038222,8.6,256.0,21.069241254222703
15:06:58,2025-06-07,-0.871333,54.134651,28.282690268117406,93.2562407745778,8.6,256.0,20.06979657382182
15:06:59,2025-06-07,-0.871213,54.134647,28.943168546442852,89.99995016040384,8.6,256.0,20.598623490693583
15:07:00,2025-06-07,-0.87109,54.134647,28.00192729289916,89.99995178109259,8.6,256.0,19.65738229600025
15:07:01,2025-06-07,-0.870971,54.134647,31.789630621968325,92.17210376485701,8.6,256.0,23.529937718652064
15:07:02,2025-06-07,-0.870836,54.134644,28.94317063782525,89.99995016040742,8.6,256.0,20.59862558207611
15:07:03,2025-06-07,-0.870713,54.134644,32.29971623350921,93.56446193547856,8.6,256.0,24.100665164875814
15:07:04,2025-06-07,-0.870576,54.134639,29.908584937391065,92.3087917398891,8.6,256.0,21.654629898482092
15:07:05,2025-06-07,-0.870449,54.134636,28.943176214748807,89.99995016041709,8.6,256.0,20.598631159000018
15:07:06,2025-06-07,-0.870326,54.134636,27.812848818196873,93.3113099373731,8.6,256.0,19.602410926783953
15:07:07,2025-06-07,-0.870208,54.134632,30.397330225585534,93.02949178777948,8.6,256.0,22.174404646105845
15:07:08,2025-06-07,-0.870079,54.134628,27.32246782073689,92.5274658917811,8.6,256.0,19.077789925399255
15:07:09,2025-06-07,-0.869963,54.134625,33.1811917914144,90.69348301932757,8.6,256.0,24.862440948421188
15:07:10,2025-06-07,-0.869822,54.134624,26.147108754695413,92.64116184992486,8.6,256.0,17.907301816328722
15:07:11,2025-06-07,-0.869711,54.134621,32.51237810410487,92.83224133595297,8.6,256.0,24.280830460611796
15:07:12,2025-06-07,-0.869573,54.134617,29.927385179314953,93.07710985111692,8.6,256.0,21.706555652297208
15:07:13,2025-06-07,-0.869446,54.134613,30.11974477890927,89.99994813426667,8.6,256.0,21.77519964958703
15:07:14,2025-06-07,-0.869318,54.134613,29.45745324974949,93.12624805194577,8.6,256.0,21.238792641645773
15:07:15,2025-06-07,-0.869193,54.134609,27.81286684422354,93.31130778642955,8.6,256.0,19.602428856741412
15:07:16,2025-06-07,-0.869075,54.134605,28.943197825449467,89.99995016045438,8.6,256.0,20.598652769702035
15:07:17,2025-06-07,-0.868952,54.134605,29.203261937060272,92.3645874618486,8.6,256.0,20.951662584756356
15:07:18,2025-06-07,-0.868828,54.134602,29.88444219052179,89.99994853899824,8.6,256.0,21.539897075896135
15:07:19,2025-06-07,-0.868701,54.134602,28.001957643061274,89.999951781145,8.6,256.0,19.657412646164268
15:07:20,2025-06-07,-0.868582,54.134602,32.47285844321129,89.9999440828874,8.6,256.0,24.128313166775637
15:07:21,2025-06-07,-0.868444,54.134602,29.692425779328804,93.10148356543516,8.6,256.0,21.472671331916175
15:07:22,2025-06-07,-0.868318,54.134598,28.28272625651681,93.25623661719169,8.6,256.0,20.069832377109453
15:07:23,2025-06-07,-0.868198,54.134594,32.98245636197528,92.79184179345009,8.6,256.0,24.74915483766765
15:07:24,2025-06-07,-0.868058,54.13459,28.47258700932967,89.99995096898914,8.6,256.0,20.128041982941703
15:07:25,2025-06-07,-0.867937,54.13459,29.587994768306558,83.76585998087961,8.6,256.0,21.066869397492702
15:07:26,2025-06-07,-0.867812,54.134598,27.2960285675597,89.99995299560686,8.6,256.0,18.951483614762168
15:07:27,2025-06-07,-0.867696,54.134598,31.33732433803314,87.06135611644498,8.6,256.0,22.897092646346
15:07:28,2025-06-07,-0.867563,54.134602,27.12303047169108,81.48479270333576,8.6,256.0,18.56240469074146
15:07:29,2025-06-07,-0.867449,54.134612,31.737170321200644,83.46024544762577,8.6,256.0,23.209967704152003
15:07:30,2025-06-07,-0.867315,54.134621,25.09768430350805,79.86201891425173,8.6,256.0,16.51721364255618
15:07:31,2025-06-07,-0.86721,54.134632,30.757855495162392,84.00384324912937,8.6,256.0,22.241630407265482
15:07:32,2025-06-07,-0.86708,54.13464,26.403453215362497,86.51162897451377,8.6,256.0,17.94777927467382
15:07:33,2025-06-07,-0.866968,54.134644,25.567839383525346,83.68712639082435,8.6,256.0,17.04512517865335
15:07:34,2025-06-07,-0.86686,54.134651,25.6988530616539,86.41586720438772,8.6,256.0,17.240568668750242
15:07:35,2025-06-07,-0.866751,54.134655,23.295716536441503,89.99995988536915,8.6,256.0,14.951171833824734
15:07:36,2025-06-07,-0.866652,54.134655,21.12961763555923,82.35401189358157,8.6,256.0,12.582446843058518
15:07:37,2025-06-07,-0.866563,54.134662,24.247885410264544,78.53632291392762,8.6,256.0,15.656310244419792
15:07:38,2025-06-07,-0.866462,54.134674,23.04909244573579,81.9871215499843,8.6,256.0,14.496002304588059
15:07:39,2025-06-07,-0.866365,54.134682,21.681880399461388,86.81431216390058,8.6,256.0,13.234612845225172
15:07:40,2025-06-07,-0.866273,54.134685,24.236940095606048,89.99995826636115,8.6,256.0,15.892395334199918
15:07:41,2025-06-07,-0.86617,54.134685,24.266734490269656,92.84598640109868,8.6,256.0,16.035784499655986
15:07:42,2025-06-07,-0.866067,54.134682,23.981542576864285,97.69934153166406,8.6,256.0,15.990965918282711
15:07:43,2025-06-07,-0.865966,54.134674,22.17715325307511,94.15411634357383,8.6,256.0,14.005245160701595
15:07:44,2025-06-07,-0.865872,54.13467,20.769237141776838,94.4362613561683,8.6,256.0,12.610623080408454
15:07:45,2025-06-07,-0.865784,54.134666,21.419163178752,98.62697415775551,8.6,256.0,13.481112116938203
15:07:46,2025-06-07,-0.865694,54.134658,20.663258720309376,97.81953454875242,8.6,256.0,12.67936996190029
15:07:47,2025-06-07,-0.865607,54.134651,20.77985520158344,108.00982254524484,8.6,256.0,13.48742296694968
15:07:48,2025-06-07,-0.865523,54.134635,22.283582985624953,110.02062371275787,8.6,256.0,15.155591352407534
15:07:49,2025-06-07,-0.865434,54.134616,20.820052604646236,110.3122473124825,8.6,256.0,13.716643364766771
15:07:50,2025-06-07,-0.865351,54.134598,24.19117895416163,109.38808427641163,8.6,256.0,17.01050293402722
15:07:51,2025-06-07,-0.865254,54.134578,22.88087465489743,113.80172655685521,8.6,256.0,16.08570038842253
15:07:52,2025-06-07,-0.865165,54.134555,23.15507516452879,117.91029561896084,8.6,256.0,16.755028008700787
15:07:53,2025-06-07,-0.865078,54.134528,22.02264882012471,114.7896253603817,8.6,256.0,15.319366674155036
15:07:54,2025-06-07,-0.864993,54.134505,21.11181688165364,122.16282825570642,8.6,256.0,15.155359838628943
15:07:55,2025-06-07,-0.864917,54.134477,23.54023158737866,119.63723714403955,8.6,256.0,17.316209338059046
15:07:56,2025-06-07,-0.86483,54.134448,22.16267900576876,124.15100885118909,8.6,256.0,16.42502000824983
15:07:57,2025-06-07,-0.864752,54.134417,21.103337980527293,120.90024947614864,8.6,256.0,15.01164180818543
15:07:58,2025-06-07,-0.864675,54.13439,21.130587627765635,123.42353683946487,8.6,256.0,15.312055292791673
15:07:59,2025-06-07,-0.8646,54.134361,23.5722775369353,117.37498307907953,8.6,256.0,17.11883972858027
15:08:00,2025-06-07,-0.864511,54.134334,23.146500811163566,122.5168494325709,8.6,256.0,17.22848623976229
15:08:01,2025-06-07,-0.864428,54.134303,22.933960103333725,121.67123731042068,8.6,256.0,16.92449959454008
15:08:02,2025-06-07,-0.864345,54.134273,21.928608134185694,118.42151119110918,8.6,256.0,15.580069835539977
15:08:03,2025-06-07,-0.864263,54.134247,24.174775203479882,117.70717574161569,8.6,256.0,17.754403383664393
15:08:04,2025-06-07,-0.864172,54.134219,20.241047506656383,109.70846642044955,8.6,256.0,13.08694722821791
15:08:05,2025-06-07,-0.864091,54.134202,22.919802736252457,107.32774012568342,8.6,256.0,15.573620803977223
15:08:06,2025-06-07,-0.863998,54.134185,17.456573359938954,111.5927154447358,8.6,256.0,10.46327037850223
15:08:07,2025-06-07,-0.863929,54.134169,25.790660553076414,110.02982703041982,8.6,256.0,18.663441894454337
15:08:08,2025-06-07,-0.863826,54.134147,21.33636076595815,106.3979045891781,8.6,256.0,13.91858405919357
15:08:09,2025-06-07,-0.863739,54.134132,22.467728750783493,105.55097149228578,8.6,256.0,14.986440129367093
15:08:10,2025-06-07,-0.863647,54.134117,22.127385483053242,106.87943945247252,8.6,256.0,14.746442927511488
15:08:11,2025-06-07,-0.863557,54.134101,22.921563533872042,105.23562004595772,8.6,256.0,15.417043465927751
15:08:12,2025-06-07,-0.863463,54.134086,21.78835990938057,106.04856196745146,8.6,256.0,14.344188646297068
15:08:13,2025-06-07,-0.863374,54.134071,21.94678010956376,102.68432449741732,8.6,256.0,14.262729269862119
15:08:14,2025-06-07,-0.863283,54.134059,20.481577153104933,102.45548672864948,8.6,256.0,12.782162754960382
15:08:15,2025-06-07,-0.863198,54.134048,22.80399559509326,106.36448919774398,8.6,256.0,15.383682248300357
15:08:16,2025-06-07,-0.863105,54.134032,21.908652085769518,104.86908682358171,8.6,256.0,14.377415811670978
15:08:17,2025-06-07,-0.863015,54.134018,22.176463197167006,102.55082624018473,8.6,256.0,14.483434728423738
15:08:18,2025-06-07,-0.862923,54.134006,22.9216123506132,105.23558672564553,8.6,256.0,15.4170898400129
15:08:19,2025-06-07,-0.862829,54.133991,22.92162006384792,105.23558147430492,8.6,256.0,15.417097168280915
15:08:20,2025-06-07,-0.862735,54.133976,22.46780708251478,105.55091577108561,8.6,256.0,14.986514336165293
15:08:21,2025-06-07,-0.862643,54.133961,23.48234646459359,105.87923396427038,8.6,256.0,16.02548115358687
15:08:22,2025-06-07,-0.862547,54.133945,22.694647595690146,105.39165908935496,8.6,256.0,15.201594309236906
15:08:23,2025-06-07,-0.862454,54.13393,23.48236268261226,105.8792226890044,8.6,256.0,16.025496528497612
15:08:24,2025-06-07,-0.862358,54.133914,22.323727842858457,101.41338523279842,8.6,256.0,14.55590631018212
15:08:25,2025-06-07,-0.862265,54.133903,23.482376808376124,105.8792128518212,8.6,256.0,16.02550991868641
15:08:26,2025-06-07,-0.862169,54.133887,21.681337653518675,105.02858655782006,8.6,256.0,14.161689326525032
15:08:27,2025-06-07,-0.86208,54.133873,22.804084061292492,106.36442376247669,8.6,256.0,15.383765749632108
15:08:28,2025-06-07,-0.861987,54.133857,21.401835150240505,101.91198085823748,8.6,256.0,13.666423923910283
15:08:29,2025-06-07,-0.861898,54.133846,22.176550717067954,102.55077578078152,8.6,256.0,14.48351886287136
15:08:30,2025-06-07,-0.861806,54.133834,20.022336695856968,102.74585865945812,8.6,256.0,12.342438017682403
15:08:31,2025-06-07,-0.861723,54.133823,21.788487348006463,106.04846531779947,8.6,256.0,14.344308820812868
15:08:32,2025-06-07,-0.861634,54.133808,17.96251981920626,104.23622936814093,8.6,256.0,10.385881362006156
15:08:33,2025-06-07,-0.86156,54.133797,21.25868726884756,103.1019783548843,8.6,256.0,13.60299242678445
15:08:34,2025-06-07,-0.861472,54.133785,17.96252916392324,104.23622177710354,8.6,256.0,10.385890167663106
15:08:35,2025-06-07,-0.861398,54.133774,18.291972600360946,105.27424631029567,8.6,256.0,10.790285865447824
15:08:36,2025-06-07,-0.861323,54.133762,17.705945363341545,100.45447720245994,8.6,256.0,9.877447348659356
15:08:37,2025-06-07,-0.861249,54.133754,17.73451509249023,104.42314545936654,8.6,256.0,10.171190346479305
15:08:38,2025-06-07,-0.861176,54.133743,18.40067697800938,100.05562854554933,8.6,256.0,10.547585894395242
15:08:39,2025-06-07,-0.861099,54.133735,16.95246933910081,103.70285560977419,8.6,256.0,9.338283408698178
15:08:40,2025-06-07,-0.861029,54.133725,20.669025817523444,104.62989086673122,8.6,256.0,13.120520940186815
15:08:41,2025-06-07,-0.860944,54.133712,18.419162723719005,103.87622118804518,8.6,256.0,10.817108843351328
15:08:42,2025-06-07,-0.860868,54.133701,18.746490209721827,104.8953399548011,8.6,256.0,11.217157263343553
15:08:43,2025-06-07,-0.860791,54.133689,19.498697572795585,98.28970828765864,8.6,256.0,11.541307951050017
15:08:44,2025-06-07,-0.860709,54.133682,18.864316009804064,99.80604430323899,8.6,256.0,10.996029022407072
15:08:45,2025-06-07,-0.86063,54.133674,19.313728264510505,108.17126385702352,8.6,256.0,12.034169524362921
15:08:46,2025-06-07,-0.860552,54.133659,17.83836881850371,105.67236869584224,8.6,256.0,10.366083791765401
15:08:47,2025-06-07,-0.860479,54.133647,17.27908972327343,104.81176335930036,8.6,256.0,9.743703047117108
15:08:48,2025-06-07,-0.860408,54.133636,17.012195715122946,100.88583783628292,8.6,256.0,9.210722427565695
15:08:49,2025-06-07,-0.860337,54.133628,16.477311214555325,99.82345476800543,8.6,256.0,8.610079420073447
15:08:50,2025-06-07,-0.860268,54.133621,17.15962197193776,106.30900666960252,8.6,256.0,9.73510239225683
15:08:51,2025-06-07,-0.860198,54.133609,16.70924814064154,99.68579161054151,8.6,256.0,8.833692863993264
15:08:52,2025-06-07,-0.860128,54.133602,16.78116689853655,101.0375486055865,8.6,256.0,8.989303472693216
15:08:53,2025-06-07,-0.860058,54.133594,16.31945184386621,101.35386541739808,8.6,256.0,8.547800586921399
15:08:54,2025-06-07,-0.85999,54.133586,16.82447921026248,105.22141320947316,8.6,256.0,9.31891789321402
15:08:55,2025-06-07,-0.859921,54.133575,16.824483359286194,105.22140935078323,8.6,256.0,9.31892175948887
15:08:56,2025-06-07,-0.859852,54.133564,16.7811816963115,101.0375387333442,8.6,256.0,8.98931764334963
15:08:57,2025-06-07,-0.859782,54.133556,17.838409835233165,105.67233164967507,8.6,256.0,10.366122055794815
15:08:58,2025-06-07,-0.859709,54.133544,16.941296938787623,99.55188760713662,8.6,256.0,9.057689087131951
15:08:59,2025-06-07,-0.859638,54.133537,17.611925416556097,105.87909006758105,8.6,256.0,10.155049345697204
15:09:00,2025-06-07,-0.859566,54.133525,18.19084848554287,104.05389021173482,8.6,256.0,10.60130002081474
15:09:01,2025-06-07,-0.859491,54.133514,17.61193444216298,105.87908169958132,8.6,256.0,10.15505774558968
15:09:02,2025-06-07,-0.859419,54.133502,18.876545903938357,103.53360237854389,8.6,256.0,11.250582953551683
15:09:03,2025-06-07,-0.859341,54.133491,18.746578743853277,104.89526779191283,8.6,256.0,11.217240563565586
15:09:04,2025-06-07,-0.859264,54.133479,18.19086745002011,104.05387521611459,8.6,256.0,10.601317926728747
15:09:05,2025-06-07,-0.859189,54.133468,18.567814832987967,98.7084173550598,8.6,256.0,10.63447491486555
15:09:06,2025-06-07,-0.859111,54.133461,17.01226485493798,100.8857929342376,8.6,256.0,9.210788731230185
15:09:07,2025-06-07,-0.85904,54.133453,15.240954683075973,106.84709550717093,8.6,256.0,7.857521673186486
15:09:08,2025-06-07,-0.858978,54.133442,13.508505200566004,96.8299766240446,8.6,256.0,5.470603266555447
15:09:09,2025-06-07,-0.858921,54.133438,13.147368852784624,111.49805223678612,8.6,256.0,6.145805626985512
15:09:10,2025-06-07,-0.858869,54.133426,11.874534572916756,97.77518624682642,8.6,256.0,3.88817405016135
15:09:11,2025-06-07,-0.858819,54.133422,12.553869087436485,102.9395943141148,8.6,256.0,4.887101001409989
15:09:12,2025-06-07,-0.858767,54.133415,11.741314999780474,105.87905612976306,8.6,256.0,4.284436391233467
15:09:13,2025-06-07,-0.858719,54.133407,12.324617168292953,103.18452636075023,8.6,256.0,4.6745749962948615
15:09:14,2025-06-07,-0.858668,54.1334,13.274892980115046,96.9507515134747,8.6,256.0,5.2434551814426165
15:09:15,2025-06-07,-0.858612,54.133396,13.333546357919257,103.94225774035203,8.6,256.0,5.736131998590781
15:09:16,2025-06-07,-0.858557,54.133388,13.22780965118222,109.50597332853914,8.6,256.0,6.056886479655522
15:09:17,2025-06-07,-0.858504,54.133377,12.877218407644623,104.44673315945681,8.6,256.0,5.315579495643571
15:09:18,2025-06-07,-0.858451,54.133369,12.877220734925285,104.44673049725446,8.6,256.0,5.315581632581934
15:09:19,2025-06-07,-0.858398,54.133361,13.89541562305729,108.53417636313043,8.6,256.0,6.645006726586854
15:09:20,2025-06-07,-0.858342,54.13335,12.649452267561063,104.71260000551769,8.6,256.0,5.106903659788564
15:09:21,2025-06-07,-0.85829,54.133342,13.242937704401186,102.25568989638441,8.6,256.0,5.530209899194475
15:09:22,2025-06-07,-0.858235,54.133335,14.24896943893184,109.76438489755122,8.6,256.0,7.099530557334522
15:09:23,2025-06-07,-0.858178,54.133323,13.933682305370734,101.63951499986842,8.6,256.0,6.18048718143461
15:09:24,2025-06-07,-0.85812,54.133316,15.167650970700114,102.22872556324882,8.6,256.0,7.453133583745166
15:09:25,2025-06-07,-0.858057,54.133308,15.3616799187652,108.28058094832227,8.6,256.0,8.090871058033517
15:09:26,2025-06-07,-0.857995,54.133296,15.692122163358729,106.34909381675556,8.6,256.0,8.270640966644955
15:09:27,2025-06-07,-0.857931,54.133285,16.43426398403197,111.49797411448344,8.6,256.0,9.43269394922591
15:09:28,2025-06-07,-0.857866,54.13327,17.159755567050105,106.30887582767201,8.6,256.0,9.73522607622779
15:09:29,2025-06-07,-0.857796,54.133258,17.75587413131015,109.82852086015771,8.6,256.0,10.611790045154013
15:09:30,2025-06-07,-0.857725,54.133243,16.709391254926715,99.68570766289008,8.6,256.0,8.833830916445004
15:09:31,2025-06-07,-0.857655,54.133236,17.676002921296824,111.31165077273187,8.6,256.0,10.658230326797069
15:09:32,2025-06-07,-0.857585,54.13322,17.50689211788464,104.61476523364394,8.6,256.0,9.95729967437659
15:09:33,2025-06-07,-0.857513,54.133209,17.159778785469083,106.30885308422427,8.6,256.0,9.735247571857993
15:09:34,2025-06-07,-0.857443,54.133197,16.597641008446786,105.43451856272361,8.6,256.0,9.107747052180681
15:09:35,2025-06-07,-0.857375,54.133186,16.48330192731549,106.99781791629022,8.6,256.0,9.111494457701745
15:09:36,2025-06-07,-0.857308,54.133174,16.59764954837661,105.43451038896114,8.6,256.0,9.107754989192644
15:09:37,2025-06-07,-0.85724,54.133163,16.781337812038757,101.03743451119368,8.6,256.0,8.989467138544162
15:09:38,2025-06-07,-0.85717,54.133155,16.873217864391897,110.91241175160354,8.6,256.0,9.820977795405243
15:09:39,2025-06-07,-0.857103,54.13314,15.466472747594054,106.59437594718088,8.6,256.0,8.063661638184996
15:09:40,2025-06-07,-0.85704,54.133129,14.915479939559818,108.84746177655614,8.6,256.0,7.690468722079876
15:09:41,2025-06-07,-0.85698,54.133117,14.34259822008552,107.93656709914717,8.6,256.0,7.0443436115770455
15:09:42,2025-06-07,-0.856922,54.133106,13.586582151212706,110.77075057616855,8.6,256.0,6.52219427532486
15:09:43,2025-06-07,-0.856868,54.133094,12.095679991960726,103.43864305514342,8.6,256.0,4.463138693389463
15:09:44,2025-06-07,-0.856818,54.133087,11.51520110723045,106.19923815907083,8.6,256.0,4.082380290231472
15:09:45,2025-06-07,-0.856771,54.133079,10.95456001761764,104.86877934011801,8.6,256.0,3.4233014606198156
15:09:46,2025-06-07,-0.856726,54.133072,10.244886968136855,99.02145183261183,8.6,256.0,2.329803892156333
15:09:47,2025-06-07,-0.856683,54.133068,11.416122021593093,114.96104168194182,8.6,256.0,4.728988298313943
15:09:48,2025-06-07,-0.856639,54.133056,10.047558990216631,106.24601595862896,8.6,256.0,2.6182724076388624
15:09:49,2025-06-07,-0.856598,54.133049,9.548266585030003,99.68567563600902,8.6,256.0,1.6727043154119183
15:09:50,2025-06-07,-0.856558,54.133045,8.40118142161387,112.47781297061329,8.6,256.0,1.486032038574181
15:09:51,2025-06-07,-0.856525,54.133037,6.697707376406183,100.3630065121045,8.6,256.0,-1.1364643024481458
15:09:52,2025-06-07,-0.856497,54.133034,6.552679978319205,104.19000087914651,8.6,256.0,-1.0272388224001725
15:09:53,2025-06-07,-0.85647,54.13303,6.552680570776963,104.18999956430173,8.6,256.0,-1.0272383231727797
15:09:54,2025-06-07,-0.856443,54.133026,8.619167478641431,111.87991843218782,8.6,256.0,1.6510423495965565
15:09:55,2025-06-07,-0.856409,54.133018,8.390696742164012,101.03741151951482,8.6,256.0,0.598824608166062
15:09:56,2025-06-07,-0.856374,54.133014,9.549601980369227,117.54247158876649,8.6,256.0,3.1128086965827233
15:09:57,2025-06-07,-0.856338,54.133003,8.83804374680199,111.31155772032099,8.6,256.0,1.8202630790504344
15:09:58,2025-06-07,-0.856303,54.132995,8.39070121921417,101.03740554180445,8.6,256.0,0.5988287054935659
15:09:59,2025-06-07,-0.856268,54.132991,9.341484123059256,118.20953375680608,8.6,256.0,2.971525915912647
15:10:00,2025-06-07,-0.856233,54.13298,8.184169892274431,113.10742406591595,8.6,256.0,1.3256203406191585
15:10:01,2025-06-07,-0.856201,54.132972,8.478308924983274,109.36102015430868,8.6,256.0,1.2953982049368404
15:10:02,2025-06-07,-0.856167,54.132965,7.753329807980719,114.47194877460419,8.6,256.0,1.0202794042035643
15:10:03,2025-06-07,-0.856137,54.132957,8.184173726655189,113.1074125417191,8.6,256.0,1.3256231314147193
15:10:04,2025-06-07,-0.856105,54.132949,8.25661164263466,109.90223692621646,8.6,256.0,1.1186932641151008
15:10:05,2025-06-07,-0.856072,54.132942,8.390711536119412,101.03739176711156,8.6,256.0,0.5988381473880269
15:10:06,2025-06-07,-0.856037,54.132938,7.753333982388827,114.47193471168413,8.6,256.0,1.0202822654040737
15:10:07,2025-06-07,-0.856007,54.13293,6.517472188394418,115.54274043927967,8.6,256.0,-0.11441677057921495
15:10:08,2025-06-07,-0.855982,54.132923,6.699697517457924,118.6416754732727,8.6,256.0,0.373498384843435
15:10:09,2025-06-07,-0.855957,54.132915,7.539700529143051,115.21241075925383,8.6,256.0,0.8763554483372884
15:10:10,2025-06-07,-0.855928,54.132907,7.378252526822061,112.39044511779025,8.6,256.0,0.45531490122882445
15:10:11,2025-06-07,-0.855899,54.1329,8.73713221015097,123.45190217633018,8.6,256.0,2.921735770751652
15:10:12,2025-06-07,-0.855868,54.132888,7.596434429762616,111.7145475628489,8.6,256.0,0.6137905235732379
15:10:13,2025-06-07,-0.855838,54.132881,9.27822780825796,110.25545458543161,8.6,256.0,2.1700167799268577
15:10:14,2025-06-07,-0.855801,54.132873,10.393728597566326,115.14333938358448,8.6,256.0,3.723834058094763
15:10:15,2025-06-07,-0.855761,54.132862,10.390331476501721,108.00911363969118,8.6,256.0,3.0978428406171776
15:10:16,2025-06-07,-0.855719,54.132854,11.741461732788704,105.87885193024255,8.6,256.0,4.284567855351339
15:10:17,2025-06-07,-0.855671,54.132846,11.322213513444256,110.77063544678339,8.6,256.0,4.257815782470718
15:10:18,2025-06-07,-0.855626,54.132836,15.04953515837554,110.29418393672324,8.6,256.0,7.944597914611787
15:10:19,2025-06-07,-0.855566,54.132823,12.564555247014876,110.58040288452071,8.6,256.0,5.483912582743032
15:10:20,2025-06-07,-0.855516,54.132812,15.292752219840722,114.836930386436,8.6,256.0,8.593920496667803
15:10:21,2025-06-07,-0.855457,54.132796,13.633187170041884,116.21247293276207,8.6,256.0,7.065749883486226
15:10:22,2025-06-07,-0.855405,54.132781,14.913484552178483,113.81668036136386,8.6,256.0,8.119686265497277
15:10:23,2025-06-07,-0.855347,54.132766,14.913489055526956,113.81667269705616,8.6,256.0,8.119690063493131
15:10:24,2025-06-07,-0.855289,54.132751,15.721293884745464,114.116691038949,8.6,256.0,8.955198841043181
15:10:25,2025-06-07,-0.855228,54.132735,17.654400711045128,120.01364757508776,8.6,256.0,11.469501596028485
15:10:26,2025-06-07,-0.855163,54.132713,17.457108197172026,111.59201876584302,8.6,256.0,10.463744354272825
15:10:27,2025-06-07,-0.855094,54.132697,17.756086354202132,109.82827325396983,8.6,256.0,10.611981577864135
15:10:28,2025-06-07,-0.855023,54.132682,17.31396739169161,110.35642279053815,8.6,256.0,10.214297985906711
15:10:29,2025-06-07,-0.854954,54.132667,19.221231537111358,113.38243961292875,8.6,256.0,12.387665209571484
15:10:30,2025-06-07,-0.854879,54.132648,18.64454390901954,108.84725166927461,8.6,256.0,11.419515585919253
15:10:31,2025-06-07,-0.854804,54.132633,19.005398610329916,113.66386750718073,8.6,256.0,12.197561008251999
15:10:32,2025-06-07,-0.85473,54.132614,20.460579728463212,113.10721887608133,8.6,256.0,13.602011595678317
15:10:33,2025-06-07,-0.85465,54.132594,19.87145248401404,112.57481706781272,8.6,256.0,12.964969184561959
15:10:34,2025-06-07,-0.854572,54.132575,21.596947432451312,115.31188711206232,8.6,256.0,14.943051872660185
15:10:35,2025-06-07,-0.854489,54.132552,20.963144635227994,111.34053468309543,8.6,256.0,13.947878910939714
15:10:36,2025-06-07,-0.854406,54.132533,22.28457854412998,110.0196885144777,8.6,256.0,15.156508375127325
15:10:37,2025-06-07,-0.854317,54.132514,22.666634181548595,114.0406326417118,8.6,256.0,15.893498256638225
15:10:38,2025-06-07,-0.854229,54.132491,22.45185632940127,114.28517290967932,8.6,256.0,15.701400437391566
15:10:39,2025-06-07,-0.854142,54.132468,22.23749383965885,114.53442893252617,8.6,256.0,15.510281889957135
15:10:40,2025-06-07,-0.854056,54.132445,23.09744327800891,113.56514932202407,8.6,256.0,16.280561919337075
15:10:41,2025-06-07,-0.853966,54.132422,22.88186870661272,113.8006254609304,8.6,256.0,16.086593140688333
15:10:42,2025-06-07,-0.853877,54.132399,23.593841434347592,111.98603712477734,8.6,256.0,16.635063606621387
15:10:43,2025-06-07,-0.853784,54.132377,23.96353159944083,112.66561691430081,8.6,256.0,17.065178050977593
15:10:44,2025-06-07,-0.85369,54.132354,23.90486323244781,113.77091081661598,8.6,256.0,17.106854904200034
15:10:45,2025-06-07,-0.853597,54.13233,24.6641738997013,115.03749189087205,8.6,256.0,17.98426154320366
15:10:46,2025-06-07,-0.853502,54.132304,23.097509139188038,113.56507786127702,8.6,256.0,16.28062124119074
15:10:47,2025-06-07,-0.853412,54.132281,22.023630497286387,114.78844234015673,8.6,256.0,15.320237112178086
15:10:48,2025-06-07,-0.853327,54.132258,21.5970820823086,115.31171765610367,8.6,256.0,14.94317040838669
15:10:49,2025-06-07,-0.853244,54.132235,22.451971268671596,114.28504017441031,8.6,256.0,15.701503032658
15:10:50,2025-06-07,-0.853157,54.132212,22.553156286667722,117.5671110799459,8.6,256.0,16.11881624885209
15:10:51,2025-06-07,-0.853072,54.132186,20.960812462760735,116.13639305163815,8.6,256.0,14.386008290000944
15:10:52,2025-06-07,-0.852992,54.132163,22.344730609109618,117.84619613270928,8.6,256.0,15.938260805821344
15:10:53,2025-06-07,-0.852908,54.132137,23.904967805237682,113.77080011208352,8.6,256.0,17.10694929926067
15:10:54,2025-06-07,-0.852815,54.132113,23.364456262324197,117.63891962480272,8.6,256.0,16.937272671751415
15:10:55,2025-06-07,-0.852727,54.132086,23.156149426227966,117.90888307463933,8.6,256.0,16.755960649782086
15:10:56,2025-06-07,-0.85264,54.132059,23.944847981655563,120.19236385764043,8.6,256.0,17.778617739425897
15:10:57,2025-06-07,-0.852552,54.132029,24.353047433133277,119.63578034943589,8.6,256.0,18.128874289068783
15:10:58,2025-06-07,-0.852462,54.131999,24.8033088615124,116.94801361970804,8.6,256.0,18.307689870671343
15:10:59,2025-06-07,-0.852368,54.131971,24.35307310614855,119.63574586652658,8.6,256.0,18.12889639039401
15:11:00,2025-06-07,-0.852278,54.131941,25.38111909737076,122.52455012056515,8.6,256.0,19.46394324479922
15:11:01,2025-06-07,-0.852187,54.131907,24.96048444638458,119.90266560920219,8.6,256.0,18.76402232510467
15:11:02,2025-06-07,-0.852095,54.131876,23.74169961286669,120.4776909052195,8.6,256.0,17.6053991801652
15:11:03,2025-06-07,-0.852008,54.131846,23.337067435375754,121.0634062573447,8.6,256.0,17.26268249664145
15:11:04,2025-06-07,-0.851923,54.131816,24.3507143269688,120.7302606507763,8.6,256.0,18.241034573962025
15:11:05,2025-06-07,-0.851834,54.131785,24.816408396620588,124.47372453251637,8.6,256.0,19.114922772268798
15:11:06,2025-06-07,-0.851747,54.13175,23.337106966180894,121.06334756973376,8.6,256.0,17.262715791719366
15:11:07,2025-06-07,-0.851662,54.13172,23.53913574846614,120.76794872726953,8.6,256.0,17.433438485333767
15:11:08,2025-06-07,-0.851576,54.13169,23.782796599534432,117.11292849785923,8.6,256.0,17.303427257453734
15:11:09,2025-06-07,-0.851486,54.131663,25.57535665248087,119.11445868134916,8.6,256.0,19.297444130415865
15:11:10,2025-06-07,-0.851391,54.131632,25.383165217572703,118.32279166605827,8.6,256.0,19.02464067349446
15:11:11,2025-06-07,-0.851296,54.131602,26.81839224816968,117.6472565857228,8.6,256.0,20.392040174308736
15:11:12,2025-06-07,-0.851195,54.131571,26.845380284709716,116.65526075707425,8.6,256.0,20.32104795490079
15:11:13,2025-06-07,-0.851093,54.131541,26.329042004248286,114.31213402812938,8.6,256.0,19.58109417080982
15:11:14,2025-06-07,-0.850991,54.131514,26.63520256389682,116.88222483918423,8.6,256.0,20.133116179199988
15:11:15,2025-06-07,-0.85089,54.131484,26.11470870644794,114.52459015883,8.6,256.0,19.38657684236027
15:11:16,2025-06-07,-0.850789,54.131457,27.406064039008275,113.29963530462726,8.6,256.0,20.564958931892047
15:11:17,2025-06-07,-0.850682,54.13143,27.03307811911362,112.7152673338669,8.6,256.0,20.139177341839208
15:11:18,2025-06-07,-0.850576,54.131404,26.75889864732465,113.89731159663933,8.6,256.0,19.97252764589414
15:11:19,2025-06-07,-0.850472,54.131377,25.71205459548735,111.0487945995373,8.6,256.0,18.671550435223594
15:11:20,2025-06-07,-0.85037,54.131354,25.27324607386675,111.43189932087728,8.6,256.0,18.265921735055578
15:11:21,2025-06-07,-0.85027,54.131331,24.286457967384056,108.30876669122398,8.6,256.0,17.017909422632542
15:11:22,2025-06-07,-0.850172,54.131312,22.506470422286977,109.81410993936078,8.6,256.0,15.361182369538728
15:11:23,2025-06-07,-0.850082,54.131293,21.11201440376066,106.57708890906542,8.6,255.0,13.785361412198021
15:11:24,2025-06-07,-0.849996,54.131278,18.420180225738136,103.87543739803402,8.6,255.0,10.889404217444493
15:11:25,2025-06-07,-0.84992,54.131267,14.639865854923071,94.72084370152061,8.6,255.0,6.544274343027055
15:11:26,2025-06-07,-0.849858,54.131264,11.642007717406521,82.06850367682864,8.6,255.0,3.1073700095064574
15:11:27,2025-06-07,-0.849809,54.131268,7.765872308765599,89.99998662640809,8.6,255.0,-0.5410903168615091
15:11:28,2025-06-07,-0.849776,54.131268,0.07756922165220374,108.17030097445826,8.6,255.0,-7.1210438201859825
15:12:51,2025-06-07,-0.84975,54.131263,8.041472893925604,161.26188418895072,8.6,255.0,7.480785972131794
15:12:52,2025-06-07,-0.849739,54.131244,8.124228528402204,122.91755124875243,8.6,255.0,2.3605145465493234
15:12:53,2025-06-07,-0.84971,54.131233,8.160171508371652,101.35324944758304,8.6,255.0,0.4539328502162885
15:12:54,2025-06-07,-0.849676,54.131229,9.822211728490261,106.62929521939225,8.6,255.0,2.499665103696164
15:12:55,2025-06-07,-0.849636,54.131222,11.875153332262599,97.77477767587555,8.6,255.0,3.945663929322916
15:12:56,2025-06-07,-0.849586,54.131218,14.91216460940281,96.18447149306189,8.6,255.0,6.893337337897892
15:12:57,2025-06-07,-0.849523,54.131214,17.24432420872497,100.737571121776,8.6,255.0,9.497509051854781
15:12:58,2025-06-07,-0.849451,54.131206,19.33549465917543,103.2065562489621,8.6,255.0,11.756750049702783
15:12:59,2025-06-07,-0.849371,54.131195,19.79368980828752,99.3414457729574,8.6,255.0,11.958183686089466
15:13:00,2025-06-07,-0.849288,54.131187,22.2981393654075,97.24305223142449,8.6,255.0,14.338096216288122
15:13:01,2025-06-07,-0.849194,54.13118,25.231268824521884,93.65055262195108,8.6,255.0,17.082883890378305
15:13:02,2025-06-07,-0.849087,54.131176,27.533608280209236,89.99995259310106,8.6,255.0,19.22664433244853
15:13:03,2025-06-07,-0.84897,54.131176,30.82822807441071,89.99994692122658,8.6,255.0,22.52126390630803
15:13:04,2025-06-07,-0.848839,54.131176,32.985161957485424,87.20827447495077,8.6,255.0,24.579647816455623
15:13:05,2025-06-07,-0.848699,54.13118,36.005484282582756,89.99993800878656,8.6,255.0,27.698519768248204
15:13:06,2025-06-07,-0.848546,54.13118,38.59411387154838,89.99993354939511,8.6,255.0,30.287149183974762
15:13:07,2025-06-07,-0.848382,54.13118,42.124063310987204,89.99992747313388,8.6,255.0,33.81709838736222
15:13:08,2025-06-07,-0.848203,54.13118,47.79886587262923,91.9260057058973,8.6,255.0,39.57140462790947
15:13:09,2025-06-07,-0.848,54.131176,48.26926835543234,91.90722756459871,8.6,255.0,40.04098696490537
15:13:10,2025-06-07,-0.847795,54.131172,46.152519967509846,88.00509857554891,8.6,255.0,37.77310959578718
15:13:11,2025-06-07,-0.847599,54.131176,43.09520229210081,87.863521940351,8.6,255.0,34.71103536079191
15:13:12,2025-06-07,-0.847416,54.13118,44.03588058075571,87.9091775941954,8.6,255.0,35.65324195453634
15:13:13,2025-06-07,-0.847229,54.131184,44.24384383964221,90.52004685082449,8.6,255.0,35.9574265691706
15:13:14,2025-06-07,-0.847041,54.131183,43.08215624064744,91.60255383159421,8.6,255.0,34.84069162016209
15:13:15,2025-06-07,-0.846858,54.13118,44.242032974676405,89.9999238249498,8.6,255.0,35.93506790932635
15:13:16,2025-06-07,-0.84667,54.13118,43.771373049426664,89.999924637846,8.6,255.0,35.46440801565609
15:13:17,2025-06-07,-0.846484,54.13118,42.830053198901034,89.99992625742573,8.6,255.0,34.52308822804808
15:13:18,2025-06-07,-0.846302,54.13118,47.56366889837288,91.93553396523498,8.6,255.0,39.33662414368425
15:13:19,2025-06-07,-0.8461,54.131176,47.6446263216971,93.86674111830484,8.6,255.0,39.506676577823015
15:13:20,2025-06-07,-0.845898,54.131168,48.94864637308587,89.9999157229492,8.6,255.0,40.64168099298849
15:13:21,2025-06-07,-0.84569,54.131168,47.77367615974014,89.51822574828589,8.6,255.0,39.448291826812145
15:13:22,2025-06-07,-0.845487,54.131169,51.14358710495646,86.84871295675964,8.6,255.0,42.72682582444555
15:13:23,2025-06-07,-0.84527,54.131176,52.5030556646919,88.24645185666878,8.6,255.0,44.131871992653714
15:13:24,2025-06-07,-0.845047,54.13118,53.51599339166922,86.55785865364032,8.6,255.0,45.09037663663541
15:13:25,2025-06-07,-0.84482,54.131188,52.81127809063279,86.51187338655569,8.6,255.0,44.38428112045681
15:13:26,2025-06-07,-0.844596,54.131196,52.78846086664461,86.94699382899375,8.6,255.0,44.37474092649322
15:13:27,2025-06-07,-0.844372,54.131203,51.167085687917606,86.3996489751762,8.6,255.0,42.736743172112654
15:13:28,2025-06-07,-0.844155,54.131211,52.08346340574062,86.90563163330222,8.6,255.0,43.668460478639005
15:13:29,2025-06-07,-0.843934,54.131218,49.445230171297965,88.13798202403524,8.6,255.0,41.070330840747445
15:13:30,2025-06-07,-0.843724,54.131222,49.21001996708595,88.12907979783847,8.6,255.0,40.834817021402614
15:13:31,2025-06-07,-0.843515,54.131226,49.1839077037244,89.99991531654342,8.6,255.0,40.87694230783893
15:13:32,2025-06-07,-0.843306,54.131226,49.73372447736572,86.75929173042397,8.6,255.0,41.31421753838488
15:13:33,2025-06-07,-0.843095,54.131233,44.92937582294955,95.64289640331975,8.6,255.0,36.88153146657618
15:13:34,2025-06-07,-0.842905,54.131222,45.27028418266436,86.43940110313065,8.6,255.0,36.841123027449626
15:13:35,2025-06-07,-0.842713,54.131229,44.947969821554416,89.99992261138055,8.6,255.0,36.64100470905949
15:13:36,2025-06-07,-0.842522,54.131229,42.141164479345676,91.63835088023893,8.6,255.0,33.90123672229218
15:13:37,2025-06-07,-0.842343,54.131226,42.92175223395241,86.24431712933,8.6,255.0,34.48683245401359
15:13:38,2025-06-07,-0.842161,54.131233,44.97653667862195,92.0469240442273,8.6,255.0,36.754377773450855
15:13:39,2025-06-07,-0.84197,54.131229,43.06533234211725,89.9999258513289,8.6,255.0,34.7583673554882
15:13:40,2025-06-07,-0.841787,54.131229,41.418024547590065,89.99992868779145,8.6,255.0,33.11105967115225
15:13:41,2025-06-07,-0.841611,54.131229,40.96500860064122,91.6854072598124,8.6,255.0,32.7271059932591
15:13:42,2025-06-07,-0.841437,54.131226,44.96404375221352,88.46438586705096,8.6,255.0,36.60041614182019
15:13:43,2025-06-07,-0.841246,54.131229,42.36123801862274,89.45668821352297,8.6,255.0,34.033542963464214
15:13:44,2025-06-07,-0.841066,54.13123,43.082104404484085,88.39729593960243,8.6,255.0,34.71613780054041
15:13:45,2025-06-07,-0.840883,54.131233,41.90592705774223,91.64755100898219,8.6,255.0,33.666394806496754
15:13:46,2025-06-07,-0.840705,54.13123,45.97492881542554,86.49403877345782,8.6,255.0,37.547398012840276
15:13:47,2025-06-07,-0.84051,54.131237,41.919327884977044,87.80356735080522,8.6,255.0,33.53316208308872
15:13:48,2025-06-07,-0.840332,54.131241,41.41801257807287,89.99992868777082,8.6,255.0,33.11104770163425
15:13:49,2025-06-07,-0.840156,54.131241,44.35794826546189,85.84611183903104,8.6,255.0,35.91157756891773
15:13:50,2025-06-07,-0.839968,54.131249,42.123993313159204,89.99992747301309,8.6,255.0,33.817028389529526
15:13:51,2025-06-07,-0.839789,54.131249,42.217274249858185,86.18155773332148,8.6,255.0,33.78052268044984
15:13:52,2025-06-07,-0.83961,54.131256,43.30063387145578,89.99992544630334,8.6,255.0,34.99366886909225
15:13:53,2025-06-07,-0.839426,54.131256,43.80062734483546,87.89794362946685,8.6,255.0,35.41761217231085
15:13:54,2025-06-07,-0.83924,54.13126,42.1239821540753,89.99992747299382,8.6,255.0,33.817017230444876
15:13:55,2025-06-07,-0.839061,54.13126,44.50614627043818,87.9312777706898,8.6,255.0,36.12424935083507
15:13:56,2025-06-07,-0.838872,54.131264,43.065296042484675,89.99992585126625,8.6,255.0,34.75833105585319
15:13:57,2025-06-07,-0.838689,54.131264,45.211679588120916,87.96357151913026,8.6,255.0,36.83086872528541
15:13:58,2025-06-07,-0.838497,54.131268,44.71259814128791,89.9999230159084,8.6,255.0,36.40563304450813
15:13:59,2025-06-07,-0.838307,54.131268,44.47726867737982,89.99992341985387,8.6,255.0,36.17030359629255
15:14:00,2025-06-07,-0.838118,54.131268,45.418586532986126,89.99992180018131,8.6,255.0,37.111621388977646
15:14:01,2025-06-07,-0.837925,54.131268,42.37635610973507,88.3705994430303,8.6,255.0,34.009461961092825
15:14:02,2025-06-07,-0.837745,54.131271,46.37548569254476,91.48871219349513,8.6,255.0,38.12915493097372
15:14:03,2025-06-07,-0.837548,54.131268,46.67957993835916,86.54702431887574,8.6,255.0,38.25363750970062
15:14:04,2025-06-07,-0.83735,54.131275,46.83055542173754,89.99991936771403,8.6,255.0,38.52359018323233
15:14:05,2025-06-07,-0.837151,54.131275,44.27095427081617,87.9202836300912,8.6,255.0,35.88868821968472
15:14:06,2025-06-07,-0.836963,54.131279,46.00106029457396,85.99472226307239,8.6,255.0,37.55891539777935
15:14:07,2025-06-07,-0.836768,54.131287,50.831140943754356,89.99991248126213,8.6,255.0,42.524175437723635
15:14:08,2025-06-07,-0.836552,54.131287,46.44465671340928,86.52953848092534,8.6,255.0,38.01818930643713
15:14:09,2025-06-07,-0.836355,54.131294,45.18322877747531,89.99992220439327,8.6,255.0,36.876263649169694
15:14:10,2025-06-07,-0.836163,54.131294,45.44683347587757,92.02573152840142,8.6,255.0,37.22374261920115
15:14:11,2025-06-07,-0.83597,54.13129,47.32834801344858,91.94516208375745,8.6,255.0,39.10172434485135
15:14:12,2025-06-07,-0.835769,54.131286,42.859926775986814,92.148063187498,8.6,255.0,34.642231007305014
15:14:13,2025-06-07,-0.835587,54.131282,43.86105037867903,93.67499607478288,8.6,255.0,35.7138394901456
15:14:14,2025-06-07,-0.835401,54.131275,42.24577083028649,94.36180623585778,8.6,255.0,34.13215355448895
15:14:15,2025-06-07,-0.835222,54.131267,42.154460029054796,92.18403111391092,8.6,255.0,33.93835765040965
15:14:16,2025-06-07,-0.835043,54.131263,42.21726716254561,93.81829785595869,8.6,255.0,34.07696903612869
15:14:17,2025-06-07,-0.834864,54.131256,39.16527740691268,94.11634063845634,8.6,255.0,31.039519660942055
15:14:18,2025-06-07,-0.834698,54.131249,41.65526203505908,90.55237426183828,8.6,255.0,33.370144437479716
15:14:19,2025-06-07,-0.834521,54.131248,40.71598122663998,96.22902470286914,8.6,255.0,32.699573003686616
15:14:20,2025-06-07,-0.834349,54.131237,43.33031092955719,92.12473206241077,8.6,255.0,35.11158331656895
15:14:21,2025-06-07,-0.834165,54.131233,40.03813997389355,92.29954086712178,8.6,255.0,31.827176604822355
15:14:22,2025-06-07,-0.833995,54.131229,41.41802454761619,89.99992868779145,8.6,255.0,33.111059671178374
15:14:23,2025-06-07,-0.833819,54.131229,42.83000265718107,89.99992625733847,8.6,255.0,34.52303768632473
15:14:24,2025-06-07,-0.833637,54.131229,42.588060749642786,95.95420476900472,8.6,255.0,34.5568083016377
15:14:25,2025-06-07,-0.833457,54.131218,41.21388689790335,92.23390243932653,8.6,255.0,32.99999919101964
15:14:26,2025-06-07,-0.833282,54.131214,38.19200831359581,97.24938786157804,8.6,255.0,30.23232518890581
15:14:27,2025-06-07,-0.833121,54.131202,41.5129258034222,93.88318176193411,8.6,255.0,33.3757743744042
15:14:28,2025-06-07,-0.832945,54.131195,40.03817655526768,92.29953876010774,8.6,255.0,31.827213092151357
15:14:29,2025-06-07,-0.832775,54.131191,37.053118273315455,94.3514279747967,8.6,255.0,28.938984683033425
15:14:30,2025-06-07,-0.832618,54.131184,38.360873567557576,90.59982501030021,8.6,255.0,30.07766842977999
15:14:31,2025-06-07,-0.832455,54.131183,35.55515074310613,91.9419592221937,8.6,255.0,27.3283869714633
15:14:32,2025-06-07,-0.832304,54.13118,42.36128902269181,90.54316526218179,8.6,255.0,34.07580092304235
15:14:33,2025-06-07,-0.832124,54.131179,36.58383681086908,94.40735596110966,8.6,255.0,28.472488764247238
15:14:34,2025-06-07,-0.831969,54.131172,41.417966401134436,96.12304604339926,8.6,255.0,33.39581194163406
15:14:35,2025-06-07,-0.831794,54.131161,41.213943386453806,92.2338993741613,8.6,255.0,33.00005554326186
15:14:36,2025-06-07,-0.831619,54.131157,37.21668732849427,92.47398573179652,8.6,255.0,29.013548232220966
15:14:37,2025-06-07,-0.831461,54.131153,36.32517659292323,97.62408642714274,8.6,255.0,28.386958782509762
15:14:38,2025-06-07,-0.831308,54.131141,39.097680499927236,92.35488789174207,8.6,255.0,30.88919133820111
15:14:39,2025-06-07,-0.831142,54.131137,41.886018495892976,96.05436919067273,8.6,255.0,33.86015498425459
15:14:40,2025-06-07,-0.830965,54.131126,42.37650396751492,91.62924899553519,8.6,255.0,34.13618513714569
15:14:41,2025-06-07,-0.830785,54.131123,37.2016113236091,88.14389543594024,8.6,255.0,28.826913784853588
15:14:42,2025-06-07,-0.830627,54.131126,37.053175940749234,94.35142117956423,8.6,255.0,28.93904201249422
15:14:43,2025-06-07,-0.83047,54.131119,41.51300143489974,86.11668271774806,8.6,255.0,33.074366966503035
15:14:44,2025-06-07,-0.830294,54.131126,41.619114830641024,98.3225247290643,8.6,255.0,33.72181387067078
15:14:45,2025-06-07,-0.830119,54.131111,38.35884764991687,89.99993395657253,8.6,255.0,30.051882978161338
15:14:46,2025-06-07,-0.829956,54.131111,42.14128413642519,91.63834621622078,8.6,255.0,33.90135617892335
15:14:47,2025-06-07,-0.829777,54.131108,37.75718880189627,85.72973718258851,8.6,255.0,29.30754861287603
15:14:48,2025-06-07,-0.829617,54.131115,38.42555616425009,82.79477422075519,8.6,255.0,29.905018318964746
15:14:49,2025-06-07,-0.829455,54.131127,38.612878858370024,88.21175183096352,8.6,255.0,30.240503264734706
15:14:50,2025-06-07,-0.829291,54.13113,42.35944428003822,89.99992706751488,8.6,255.0,34.0524793406557
15:14:51,2025-06-07,-0.829111,54.13113,40.50852283841461,87.72703742559872,8.6,255.0,32.11981889025865
15:14:52,2025-06-07,-0.828939,54.131134,42.15459485245261,92.18402410560356,8.6,255.0,33.93849216302193
15:14:53,2025-06-07,-0.82876,54.13113,39.06482083604581,89.99993274068686,8.6,255.0,30.75785611705539
15:14:54,2025-06-07,-0.828594,54.13113,40.273377968718385,87.7137601241335,8.6,255.0,31.884235196796403
15:14:55,2025-06-07,-0.828423,54.131134,39.19612045968472,85.29795246916564,8.6,255.0,30.73465418740822
15:14:56,2025-06-07,-0.828257,54.131142,41.231485632083086,87.20826254092299,8.6,255.0,32.825971112259275
15:14:57,2025-06-07,-0.828082,54.131147,43.497428499472946,78.28058187517945,8.6,255.0,34.911521591960174
15:14:58,2025-06-07,-0.827901,54.131169,42.631445276036544,83.5087886962728,8.6,255.0,34.126103936707
15:14:59,2025-06-07,-0.827721,54.131181,43.850334115592815,76.22502392173897,8.6,255.0,35.25229971849839
15:15:00,2025-06-07,-0.82754,54.131207,40.108874091365614,78.44815794053386,8.6,255.0,31.524443295340816
15:15:01,2025-06-07,-0.827373,54.131227,41.795997711176,75.53377166309133,8.6,255.0,33.1963709021043
15:15:02,2025-06-07,-0.827201,54.131253,38.307242857662075,76.04774501763359,8.6,255.0,29.70868073651654
15:15:03,2025-06-07,-0.827043,54.131276,43.13792444118366,74.89117172377792,8.6,255.0,34.5379399545683
15:15:04,2025-06-07,-0.826866,54.131304,44.59993822845524,72.7156398993618,8.6,255.0,36.00677254032502
15:15:05,2025-06-07,-0.826685,54.131337,44.14303082557441,73.62027288707537,8.6,255.0,35.545524206319165
15:15:06,2025-06-07,-0.826505,54.131368,40.08171340892633,74.3056391115665,8.6,255.0,31.482344930768317
15:15:07,2025-06-07,-0.826341,54.131395,41.09732844603838,72.95482781293799,8.6,255.0,32.50280663279729
15:15:08,2025-06-07,-0.826174,54.131425,40.761887935572446,74.57400964315116,8.6,255.0,32.16212563094465
15:15:09,2025-06-07,-0.826007,54.131452,40.09590379265692,71.91341418402317,8.6,255.0,31.508379778410486
15:15:10,2025-06-07,-0.825845,54.131483,42.708000250074534,75.84911130630405,8.6,255.0,34.108944625091986
15:15:11,2025-06-07,-0.825669,54.131509,41.66522876209561,72.61652214898629,8.6,255.0,33.07266893110855
15:15:12,2025-06-07,-0.8255,54.13154,40.48438715258213,70.29260027179873,8.6,255.0,31.913396705442956
15:15:13,2025-06-07,-0.825338,54.131574,38.95535740616809,72.60649611423571,8.6,255.0,30.362860291445468
15:15:14,2025-06-07,-0.82518,54.131603,41.096244814997924,74.1215093351143,8.6,255.0,32.49725567027929
15:15:15,2025-06-07,-0.825012,54.131631,38.99252951396823,76.29771525771378,8.6,255.0,30.39473530032605
15:15:16,2025-06-07,-0.824851,54.131654,42.449311890062894,73.5132672903564,8.6,255.0,33.852206997035694
15:15:17,2025-06-07,-0.824678,54.131684,40.030291917794756,79.01120885212248,8.6,255.0,31.451358610098527
15:15:18,2025-06-07,-0.824511,54.131703,41.2619910833952,78.77518364746447,8.6,255.0,32.68065239782479
15:15:19,2025-06-07,-0.824339,54.131723,42.023469115940486,75.61374580283223,8.6,255.0,33.423962512490405
15:15:20,2025-06-07,-0.824166,54.131749,38.99242493716168,76.29767770124704,8.6,255.0,30.394630595853897
15:15:21,2025-06-07,-0.824005,54.131772,41.213234960662945,81.03003229269189,8.6,255.0,32.660819028456984
15:15:22,2025-06-07,-0.823832,54.131788,38.16064234471455,74.12144722314787,8.6,255.0,29.561653342939266
15:15:23,2025-06-07,-0.823676,54.131814,38.99236733276468,76.29765701589503,8.6,255.0,30.394572921142807
15:15:24,2025-06-07,-0.823515,54.131837,40.136601972243575,76.69547573248406,8.6,255.0,31.540367056117105
15:15:25,2025-06-07,-0.823349,54.13186,41.66490808664135,72.61638373784979,8.6,255.0,33.07234911967206
15:15:26,2025-06-07,-0.82318,54.131891,37.525681374287345,76.38273549889607,8.6,255.0,28.928185639597388
15:15:27,2025-06-07,-0.823025,54.131913,39.42486590558602,71.59477420131464,8.6,255.0,30.840049940095064
15:15:28,2025-06-07,-0.822866,54.131944,40.59472308606765,76.8482921623031,8.6,255.0,31.999197403299377
15:15:29,2025-06-07,-0.822698,54.131967,38.306622550983754,76.04751393754896,8.6,255.0,29.70805979567768
15:15:30,2025-06-07,-0.82254,54.13199,38.3066025717392,76.0475064974703,8.6,255.0,29.708039796017403
15:15:31,2025-06-07,-0.822382,54.132013,34.76954380413817,69.02344741891147,8.6,255.0,26.216288340806177
15:15:32,2025-06-07,-0.822244,54.132044,37.066871530556845,71.03542472824012,8.6,255.0,28.487451429526587
15:15:33,2025-06-07,-0.822095,54.132074,36.30473973844507,67.91292308613077,8.6,255.0,27.77044553578799
15:15:34,2025-06-07,-0.821952,54.132108,38.75532233848695,71.26523449330381,8.6,255.0,30.173586346499505
15:15:35,2025-06-07,-0.821796,54.132139,37.617178528007265,68.72131886258728,8.6,255.0,29.068763761221092
15:15:36,2025-06-07,-0.821647,54.132173,38.30974735549198,71.0391793158746,8.6,255.0,29.730288308707756
15:15:37,2025-06-07,-0.821493,54.132204,38.65899132489041,66.7560520317399,8.6,255.0,30.147859097056276
15:15:38,2025-06-07,-0.821342,54.132242,38.20145859733712,68.4162179795382,8.6,255.0,29.658173364897607
15:15:39,2025-06-07,-0.821191,54.132277,35.95568861369296,70.42614362869165,8.6,255.0,27.38307644159576
15:15:40,2025-06-07,-0.821047,54.132307,36.086548025279754,67.77236625117479,8.6,255.0,27.554882440878174
15:15:41,2025-06-07,-0.820905,54.132341,37.365219909083244,65.90184579108393,8.6,255.0,28.873417357718317
15:15:42,2025-06-07,-0.82076,54.132379,37.10941053526539,67.74808279440151,8.6,255.0,28.578204288988882
15:15:43,2025-06-07,-0.820614,54.132414,35.484968274071235,65.25292364891857,8.6,255.0,27.00911186075438
15:15:44,2025-06-07,-0.820477,54.132451,37.102830699338064,65.03919555014704,8.6,255.0,28.63246440072154
15:15:45,2025-06-07,-0.820334,54.13249,33.653510347044474,65.32085176126458,8.6,255.0,25.175933733809195
15:15:46,2025-06-07,-0.820204,54.132525,35.69882318313238,65.41090668582092,8.6,255.0,27.218984404985903
15:15:47,2025-06-07,-0.820066,54.132562,35.37347373457338,66.59363737893796,8.6,255.0,26.86587123557404
15:15:48,2025-06-07,-0.819928,54.132597,34.99961911033788,67.04382073265197,8.6,255.0,26.482400810346732
15:15:49,2025-06-07,-0.819791,54.132631,34.13451713519693,66.42778821594254,8.6,255.0,25.63058955169967
15:15:50,2025-06-07,-0.819658,54.132665,33.67273903395335,68.30664021352692,8.6,255.0,25.131355221324913
15:15:51,2025-06-07,-0.819525,54.132696,33.45410624891821,68.15769891212784,8.6,255.0,24.91535699140244
15:15:52,2025-06-07,-0.819393,54.132727,32.84469738412214,65.44310960753415,8.6,255.0,24.36405475850504
15:15:53,2025-06-07,-0.819266,54.132761,31.56265244195843,69.91085867012191,8.6,255.0,22.996554547282813
15:15:54,2025-06-07,-0.81914,54.132788,31.341519515660984,67.39892734255346,8.6,255.0,22.817087164809507
15:15:55,2025-06-07,-0.819017,54.132818,30.47434788630745,66.71901297974932,8.6,255.0,21.964014602795967
15:15:56,2025-06-07,-0.818898,54.132848,31.318822040586213,63.34392353269209,8.6,255.0,22.896171398066503
15:15:57,2025-06-07,-0.818779,54.132883,29.826894290476954,66.18318552331306,8.6,255.0,21.328516685424113
15:15:58,2025-06-07,-0.818663,54.132913,29.363000681885577,68.33389754868625,8.6,255.0,20.821140974068534
15:15:59,2025-06-07,-0.818547,54.13294,29.581874916769006,68.50210495120893,8.6,255.0,21.037121197203163
15:16:00,2025-06-07,-0.81843,54.132967,28.778485217659526,68.73094605428435,8.6,255.0,20.229912537130925
15:16:01,2025-06-07,-0.818316,54.132993,29.144317494417656,68.16311540719272,8.6,255.0,20.605471415838895
15:16:02,2025-06-07,-0.818201,54.13302,29.18211644603242,65.62361334307724,8.6,255.0,20.697017696815365
15:16:03,2025-06-07,-0.818088,54.13305,26.444122521421285,67.69263077123156,8.6,255.0,17.913970932987482
15:16:04,2025-06-07,-0.817984,54.133075,31.62707621332493,68.39791872600489,8.6,255.0,23.084106340671823
15:16:05,2025-06-07,-0.817859,54.133104,28.559172551921964,68.55968148009754,8.6,255.0,20.013445144303844
15:16:06,2025-06-07,-0.817746,54.13313,29.144234670240127,68.16304998836233,8.6,255.0,20.60538976058235
15:16:07,2025-06-07,-0.817631,54.133157,28.34016911140161,68.38581033036996,8.6,255.0,19.79740838759693
15:16:08,2025-06-07,-0.817519,54.133183,28.925831277916227,67.98970201063543,8.6,255.0,20.39012288644011
15:16:09,2025-06-07,-0.817405,54.13321,28.925815120780342,67.98968903495205,8.6,255.0,20.39010696700806
15:16:10,2025-06-07,-0.817291,54.133237,29.800831158375146,68.66771488510858,8.6,255.0,21.253300064524048
15:16:11,2025-06-07,-0.817173,54.133264,28.925782795051536,67.98966308114456,8.6,255.0,20.390075116732945
15:16:12,2025-06-07,-0.817059,54.133291,29.776366412574056,65.29344045971453,8.6,255.0,21.29948252455436
15:16:13,2025-06-07,-0.816944,54.133322,29.826630513358833,66.18296121194925,8.6,255.0,21.32825806897837
15:16:14,2025-06-07,-0.816828,54.133352,30.2046941588575,65.66640992040402,8.6,255.0,21.71855123265459
15:16:15,2025-06-07,-0.816711,54.133383,30.087511982088657,63.02211327917729,8.6,255.0,21.674753148906994
15:16:16,2025-06-07,-0.816597,54.133417,30.257884935317485,66.54265862769932,8.6,255.0,21.75140444601958
15:16:17,2025-06-07,-0.816479,54.133447,31.318461456728496,63.343591338615965,8.6,255.0,22.895820888250782
15:16:18,2025-06-07,-0.81636,54.133482,31.352831700050636,64.19211564643962,8.6,255.0,22.90538317609539
15:16:19,2025-06-07,-0.81624,54.133516,30.50779861149506,63.42282678977347,8.6,255.0,22.082763187754296
15:16:20,2025-06-07,-0.816124,54.13355,31.86292565142615,60.57233958231865,8.6,255.0,23.53414394258629
15:16:21,2025-06-07,-0.816006,54.133589,31.462170832947116,60.99858711264204,8.6,255.0,23.117678894373977
15:16:22,2025-06-07,-0.815889,54.133627,31.140973017344564,64.00363165970481,8.6,255.0,22.698875245523787
15:16:23,2025-06-07,-0.81577,54.133661,30.718440925951253,63.61902649725732,8.6,255.0,22.287544810272202
15:16:24,2025-06-07,-0.815653,54.133695,31.657983211899722,60.36312488127277,8.6,255.0,23.33708124623179
15:16:25,2025-06-07,-0.815536,54.133734,30.507670602862927,63.422706137989564,8.6,255.0,22.082638813519658
15:16:26,2025-06-07,-0.81542,54.133768,30.479576276893745,62.549957123509614,8.6,255.0,22.081810839265525
15:16:27,2025-06-07,-0.815305,54.133803,31.668171486354023,61.20476601141644,8.6,255.0,23.31624606827789
15:16:28,2025-06-07,-0.815187,54.133841,30.856498200825595,61.22688791096954,8.6,255.0,22.503781632755874
15:16:29,2025-06-07,-0.815072,54.133878,30.688627340863718,62.75231873307246,8.6,255.0,22.284365986289288
15:16:30,2025-06-07,-0.814956,54.133913,31.461983225078956,60.99839707823293,8.6,255.0,23.11749818777679
15:16:31,2025-06-07,-0.814839,54.133951,31.657835917322213,60.362972695739245,8.6,255.0,23.336939723877144
15:16:32,2025-06-07,-0.814722,54.13399,31.456866536184904,58.45629357770338,8.6,255.0,23.21288242986099
15:16:33,2025-06-07,-0.814608,54.134031,31.46888049185402,57.60945119571022,8.6,255.0,23.261989556438024
15:16:34,2025-06-07,-0.814495,54.134073,30.437881922677377,59.04934497939263,8.6,255.0,22.168992868539824
15:16:35,2025-06-07,-0.814384,54.134112,31.056431659421953,58.0022814396624,8.6,255.0,22.832110644819878
15:16:36,2025-06-07,-0.814272,54.134153,30.437838846848916,59.04929617725736,8.6,255.0,22.168951805725612
15:16:37,2025-06-07,-0.814161,54.134192,29.847294454488456,57.45965758246592,8.6,255.0,21.647151583564387
15:16:38,2025-06-07,-0.814054,54.134232,35.32400493569646,57.72121130165425,8.6,255.0,27.11211584629194
15:16:39,2025-06-07,-0.813927,54.134279,31.249225212609876,59.936314814689126,8.6,255.0,22.944742298866252
15:16:40,2025-06-07,-0.813812,54.134318,30.64146868941302,60.14529519604565,8.6,255.0,22.3288888273295
15:16:41,2025-06-07,-0.813699,54.134356,31.4687051015921,57.60924785114531,8.6,255.0,23.261823288649744
15:16:42,2025-06-07,-0.813586,54.134398,30.64142432862165,60.14524741965249,8.6,255.0,22.328846305001314
15:16:43,2025-06-07,-0.813473,54.134436,31.667743891018688,57.837115953652756,8.6,255.0,23.450704298627755
15:16:44,2025-06-07,-0.813359,54.134478,31.056235038168033,58.00205394388723,8.6,255.0,22.83192400586896
15:16:45,2025-06-07,-0.813247,54.134519,31.045541024421084,59.71874195625668,8.6,255.0,22.749605358697096
15:16:46,2025-06-07,-0.813133,54.134558,29.828206185588556,59.245632692728236,8.6,255.0,21.551269112259632
15:16:47,2025-06-07,-0.813024,54.134596,29.223387360856414,58.53828739268209,8.6,255.0,20.975907282027933
15:16:48,2025-06-07,-0.812918,54.134634,28.82272443425761,58.05029368125804,8.6,255.0,20.596299588628337
15:16:49,2025-06-07,-0.812814,54.134672,25.379919306026576,57.47364239620629,8.6,255.0,17.179144059306495
15:16:50,2025-06-07,-0.812723,54.134706,31.48741341659839,56.763090061327716,8.6,255.0,23.319385841377567
15:16:51,2025-06-07,-0.812611,54.134749,27.830647758753248,56.76924029702542,8.6,255.0,19.6623313368515
15:16:52,2025-06-07,-0.812512,54.134787,26.98705187170842,59.6217557871214,8.6,255.0,18.694964817667696
15:16:53,2025-06-07,-0.812413,54.134821,27.2424554175855,55.95612655229684,8.6,255.0,19.113142025100665
15:16:54,2025-06-07,-0.812317,54.134859,27.394291816065103,60.11920372487185,8.6,255.0,19.08271682913974
15:16:55,2025-06-07,-0.812216,54.134893,26.00548759356446,62.412829890442765,8.6,255.0,17.61218356306769
15:16:56,2025-06-07,-0.812118,54.134923,25.472099360233464,64.81463057289517,8.6,255.0,17.00762852524867
15:16:57,2025-06-07,-0.81202,54.13495,25.381580768415432,61.67519731305879,8.6,255.0,17.013099685397805
15:16:58,2025-06-07,-0.811925,54.13498,23.473501328611377,65.76478719583491,8.6,255.0,14.984976085428173
15:16:59,2025-06-07,-0.811834,54.135004,20.57371986531617,64.57714410702152,8.6,255.0,12.115625183903667
15:17:00,2025-06-07,-0.811755,54.135026,17.755199620095063,70.17063464385495,8.6,255.0,9.185730982126097
15:17:01,2025-06-07,-0.811684,54.135041,15.935639823948874,52.81612331433223,8.6,255.0,7.9722387040550196
15:17:02,2025-06-07,-0.81163,54.135065,12.202757834169232,31.31673932166342,8.6,255.0,5.9835047722728545
15:17:03,2025-06-07,-0.811603,54.135091,10.460814284373443,5.1504220730388965,8.6,255.0,7.498234739096312
15:17:04,2025-06-07,-0.811599,54.135117,0.18431468612479826,328.098037036798,8.6,255.0,2.684635462736489
15:17:45,2025-06-07,-0.811616,54.135133,8.279581439019067,325.4228641085786,8.6,255.0,11.161231696022469
15:17:46,2025-06-07,-0.811636,54.13515,8.803941932597759,342.93943604899493,8.6,255.0,9.113162444192145
15:17:47,2025-06-07,-0.811647,54.135171,9.01430360272451,347.97320832592294,8.6,255.0,8.568230302079808
15:17:48,2025-06-07,-0.811655,54.135193,11.219798075655255,0.0,8.6,255.0,8.993954287773578
15:17:49,2025-06-07,-0.811655,54.135221,12.457527463383995,4.323144782880263,8.6,255.0,9.611825160219402
15:17:50,2025-06-07,-0.811651,54.135252,12.47751234508631,5.398176016011632,8.6,255.0,9.480049345818093
15:17:51,2025-06-07,-0.811646,54.135283,13.825751552826123,9.77694151100286,8.6,255.0,10.221605790319648
15:17:52,2025-06-07,-0.811636,54.135317,13.696998791492346,5.9027953429917375,8.6,255.0,10.628660030961761
15:17:53,2025-06-07,-0.81163,54.135351,15.255931657933187,3.529003046780133,8.6,255.0,12.52298361723664
15:17:54,2025-06-07,-0.811626,54.135389,15.714140805270867,6.002956075016016,8.6,255.0,12.631762211892141
15:17:55,2025-06-07,-0.811619,54.135428,15.407609595893678,8.76465297390888,8.6,255.0,11.941975052501796
15:17:56,2025-06-07,-0.811609,54.135466,15.240506944971386,13.361031074110656,8.6,255.0,11.1552849068076
15:17:57,2025-06-07,-0.811594,54.135503,16.783602327771675,24.8218968736208,8.6,255.0,11.276134209228704
15:17:58,2025-06-07,-0.811564,54.135541,15.193808161566027,46.643267357372736,8.6,255.0,7.625743718588642
15:17:59,2025-06-07,-0.811517,54.135567,15.360922580806829,71.71843320041035,8.6,255.0,6.775024134548689
15:18:00,2025-06-07,-0.811455,54.135579,16.476556839711737,80.17603401621773,8.6,255.0,7.911625732473357
15:18:01,2025-06-07,-0.811386,54.135586,19.361467063107266,85.24039816101106,8.6,255.0,10.898460726413939
15:18:02,2025-06-07,-0.811304,54.13559,19.295007439663298,89.99996677495346,8.6,255.0,10.988044042842041
15:18:03,2025-06-07,-0.811222,54.13559,20.27190079994257,86.59249203740387,8.6,255.0,11.847327124464275
15:18:04,2025-06-07,-0.811136,54.135593,21.648055563129933,89.99996271840342,8.6,255.0,13.341092008718954
15:18:05,2025-06-07,-0.811044,54.135593,22.122294555972214,88.95969085552116,8.6,255.0,13.776289666750039
15:18:06,2025-06-07,-0.81095,54.135594,22.85621359159415,86.97813995527866,8.6,255.0,14.443462646881622
15:18:07,2025-06-07,-0.810853,54.135597,23.059883052044622,89.99996029081757,8.6,255.0,14.75291940332629
15:18:08,2025-06-07,-0.810755,54.135597,23.585018595493157,86.09417125708808,8.6,255.0,15.145733294345785
15:18:09,2025-06-07,-0.810655,54.135601,22.88078396361301,85.97376585616337,8.6,255.0,14.438039722174107
15:18:10,2025-06-07,-0.810558,54.135605,23.05987860856673,89.9999602908099,8.6,255.0,14.7529149598481
15:18:11,2025-06-07,-0.81046,54.135605,24.05455706282435,86.17052365739295,8.6,255.0,15.617484482627534
15:18:12,2025-06-07,-0.810358,54.135609,23.059876386827593,89.99996029080603,8.6,255.0,14.752912738108813
15:18:13,2025-06-07,-0.81026,54.135609,22.880779576081846,85.97376508428943,8.6,255.0,14.438035312588466
15:18:14,2025-06-07,-0.810163,54.135613,23.981009953103115,82.30040417011429,8.6,255.0,15.450725455447774
15:18:15,2025-06-07,-0.810062,54.135621,23.47734990810511,79.15424928409072,8.6,255.0,14.899945203940288
15:18:16,2025-06-07,-0.809964,54.135632,24.41277384267836,70.79466706006338,8.6,255.0,15.835928000336077
15:18:17,2025-06-07,-0.809866,54.135652,23.095934546978704,66.43314051333209,8.6,255.0,14.591887253518784
15:18:18,2025-06-07,-0.809776,54.135675,23.94547366622427,58.69220252768895,8.6,255.0,15.691476720472144
15:18:19,2025-06-07,-0.809689,54.135706,23.47443803913407,53.24920029732226,8.6,255.0,15.486720364714277
15:18:20,2025-06-07,-0.809609,54.135741,22.431242806162054,47.18214659463729,8.6,255.0,14.825096595708304
15:18:21,2025-06-07,-0.809539,54.135779,23.047133437236187,38.45566543648863,8.6,255.0,16.137924779130458
15:18:22,2025-06-07,-0.809478,54.135824,22.458964679338415,32.95094487026989,8.6,255.0,16.07284839250192
15:18:23,2025-06-07,-0.809426,54.135871,21.62436099423911,27.14109695054242,8.6,255.0,15.854116615164724
15:18:24,2025-06-07,-0.809384,54.135919,22.499347889537027,24.67882280338381,8.6,255.0,17.008390694858665
15:18:25,2025-06-07,-0.809344,54.13597,21.843436522281973,28.23762239401725,8.6,255.0,15.952216152659892
15:18:26,2025-06-07,-0.8093,54.136018,24.658040114047495,26.594646404860498,8.6,255.0,18.94887561499344
15:18:27,2025-06-07,-0.809253,54.136073,22.769624708613694,30.364392415321277,8.6,255.0,16.649954649587244
15:18:28,2025-06-07,-0.809204,54.136122,25.840087871160556,25.866435440158455,8.6,255.0,20.21312581675303
15:18:29,2025-06-07,-0.809156,54.13618,23.730744391266793,26.44704765278493,8.6,255.0,18.038167153018296
15:18:30,2025-06-07,-0.809111,54.136233,25.34793206721904,23.477417675191646,8.6,255.0,19.9969593121745
15:18:31,2025-06-07,-0.809068,54.136291,23.730732113508033,26.446986423671547,8.6,255.0,18.038161764080698
15:18:32,2025-06-07,-0.809023,54.136344,25.27518214316543,25.30465760706818,8.6,255.0,19.712256877106338
15:18:33,2025-06-07,-0.808977,54.136401,24.408498935698802,27.50876702132348,8.6,255.0,18.597453023818296
15:18:34,2025-06-07,-0.808929,54.136455,24.05397916372112,27.949820391845208,8.6,255.0,18.194303980266543
15:18:35,2025-06-07,-0.808881,54.136508,25.480241861361854,26.25950758370618,8.6,255.0,19.80879499981126
15:18:36,2025-06-07,-0.808833,54.136565,24.74302867077884,28.95605972755618,8.6,255.0,18.773712746738177
15:18:37,2025-06-07,-0.808782,54.136619,25.4802288585403,26.259446661054596,8.6,255.0,19.80878887110677
15:18:38,2025-06-07,-0.808734,54.136676,24.50997293428184,29.890246792271682,8.6,255.0,18.440514481450958
15:18:39,2025-06-07,-0.808682,54.136729,25.21291832820407,30.824577363584808,8.6,255.0,19.044915813098598
15:18:40,2025-06-07,-0.808627,54.136783,25.50186689243964,33.55344666830962,8.6,255.0,19.055534789840507
15:18:41,2025-06-07,-0.808567,54.136836,23.44836141728346,34.82624298162176,8.6,255.0,16.87717378464815
15:18:42,2025-06-07,-0.80851,54.136884,24.602091406899667,36.9883593819261,8.6,255.0,17.82627477235046
15:18:43,2025-06-07,-0.808447,54.136933,25.631146639655004,41.30815590252723,8.6,255.0,18.475662028359338
15:18:44,2025-06-07,-0.808375,54.136981,25.62823401771337,39.926851498156,8.6,255.0,18.58982973977178
15:18:45,2025-06-07,-0.808305,54.13703,24.21600821312009,45.90799236567909,8.6,255.0,16.700983740445658
15:18:46,2025-06-07,-0.808231,54.137072,24.556542307699665,46.67115493750424,8.6,255.0,16.986490637100935
15:18:47,2025-06-07,-0.808155,54.137114,24.394731790765412,51.31285684310808,8.6,255.0,16.51925801130913
15:18:48,2025-06-07,-0.808074,54.137152,26.319433108419435,50.18478410057622,8.6,255.0,18.51350504690891
15:18:49,2025-06-07,-0.807988,54.137194,25.324505293801494,52.97541154141402,8.6,255.0,17.35210743413946
15:18:50,2025-06-07,-0.807902,54.137232,25.32449055485172,52.975386267642136,8.6,255.0,17.35209411778885
15:18:51,2025-06-07,-0.807816,54.13727,26.658957921731982,55.105818506624814,8.6,255.0,18.572182801325688
15:18:52,2025-06-07,-0.807723,54.137308,25.58793625025623,61.923700234980515,8.6,255.0,17.210937366771287
15:18:53,2025-06-07,-0.807627,54.137338,26.11164919149719,65.47225594441534,8.6,255.0,17.63028132634976
15:18:54,2025-06-07,-0.807526,54.137365,26.98580617645888,59.620199962179015,8.6,255.0,18.693781054426744
15:18:55,2025-06-07,-0.807427,54.137399,26.815441224669602,62.34934789362188,8.6,255.0,18.42421884998744
15:18:56,2025-06-07,-0.807326,54.13743,26.815425527382242,62.34933025776144,8.6,255.0,18.424203732433863
15:18:57,2025-06-07,-0.807225,54.137461,27.39300254609123,60.11764891475411,8.6,255.0,19.0814874948393
15:18:58,2025-06-07,-0.807124,54.137495,26.81539261589586,62.34929329442946,8.6,255.0,18.424172036025006
15:18:59,2025-06-07,-0.807023,54.137526,27.189093712892163,59.87071719983146,8.6,255.0,18.88717516688012
15:19:00,2025-06-07,-0.806923,54.13756,24.984493376050697,62.22815314607851,8.6,255.0,16.597273735145695
15:19:01,2025-06-07,-0.806829,54.137589,27.594422879850356,59.39492232075605,8.6,255.0,19.311429795455567
15:19:02,2025-06-07,-0.806728,54.137624,25.045517168391278,64.35523980140607,8.6,255.0,16.59351160940861
15:19:03,2025-06-07,-0.806632,54.137651,25.380302490383546,61.67363677896759,8.6,255.0,17.011875394506273
15:19:04,2025-06-07,-0.806537,54.137681,24.62191425847119,63.88148300246024,8.6,255.0,16.183332878654127
15:19:05,2025-06-07,-0.806443,54.137708,24.410759791117577,63.638453906510506,8.6,255.0,15.979288736329309
15:19:06,2025-06-07,-0.80635,54.137735,22.94591782728774,61.81290936661304,8.6,255.0,14.572697005518325
15:19:07,2025-06-07,-0.806264,54.137762,22.732526399705364,58.01534802400249,8.6,255.0,14.507632253134977
15:19:08,2025-06-07,-0.806182,54.137792,22.91152610878499,52.192448726957196,8.6,255.0,14.983942297071847
15:19:09,2025-06-07,-0.806105,54.137827,22.118826064903015,40.39306283189063,8.6,255.0,15.040444618808165
15:19:10,2025-06-07,-0.806044,54.137869,21.321794305129366,19.961951602173144,8.6,255.0,16.393716217487047
15:19:11,2025-06-07,-0.806013,54.137919,21.853319007155534,8.027731768880585,8.6,255.0,18.489200101994555
15:19:12,2025-06-07,-0.806,54.137973,24.44427537646688,0.5502428332775935,8.6,255.0,22.13875913811973
15:19:13,2025-06-07,-0.805999,54.138034,22.45933537162271,357.6038408326612,8.6,255.0,20.58274088136209
15:19:14,2025-06-07,-0.806003,54.13809,24.84385069216051,0.0,8.6,255.0,22.61800690427883
15:19:15,2025-06-07,-0.806003,54.138152,22.470425312993278,2.994209135156609,8.6,255.0,19.81370583237012
15:19:16,2025-06-07,-0.805998,54.138208,23.245785686319596,1.1572790331746887,8.6,255.0,20.852620575337035
15:19:17,2025-06-07,-0.805996,54.138266,22.88390249529615,3.528753700912148,8.6,255.0,20.15098994094506
15:19:18,2025-06-07,-0.80599,54.138323,21.7415652264499,5.57658495807101,8.6,255.0,18.71901713861378
15:19:19,2025-06-07,-0.805981,54.138377,19.724676410772148,5.46346640919819,8.6,255.0,16.718029907982622
15:19:20,2025-06-07,-0.805973,54.138426,16.48954198815334,4.900042128249879,8.6,255.0,13.562271910523375
15:19:21,2025-06-07,-0.805967,54.138467,15.655898798496287,3.438477620128481,8.6,255.0,12.935837530131494
15:19:22,2025-06-07,-0.805963,54.138506,13.656516960864057,3.9426399203505866,8.6,255.0,10.864772819533027
15:19:23,2025-06-07,-0.805959,54.13854,10.680772331214557,12.697728047874534,8.6,255.0,6.683432674684157
15:19:24,2025-06-07,-0.805949,54.138566,11.753339779780223,38.29435014502411,8.6,255.0,4.858576079080685
15:19:25,2025-06-07,-0.805918,54.138589,12.811257363346103,55.674877472965704,8.6,255.0,4.6958162797990575
15:19:26,2025-06-07,-0.805873,54.138607,17.171369164917266,80.57719244560667,8.6,255.0,8.612080140288551
15:19:27,2025-06-07,-0.805801,54.138614,18.15700170224825,93.8048858936026,8.6,255.0,10.016054433041882
15:19:28,2025-06-07,-0.805724,54.138611,19.558104451792783,99.45498452791628,8.6,255.0,11.729637960703034
15:19:29,2025-06-07,-0.805642,54.138603,18.97193388105801,104.7143738171855,8.6,255.0,11.50277203696801
15:19:30,2025-06-07,-0.805564,54.138591,19.790707834635118,102.89756124606873,8.6,255.0,12.190152135711703
15:19:31,2025-06-07,-0.805482,54.13858,18.971943714640087,104.71436598917114,8.6,255.0,11.502781288144181
15:19:32,2025-06-07,-0.805404,54.138568,17.86814296487874,99.05219429243635,8.6,255.0,10.014841775444635
15:19:33,2025-06-07,-0.805329,54.138561,18.063104947851468,105.47253178048913,8.6,255.0,10.651002472762997
15:19:34,2025-06-07,-0.805255,54.138549,18.41714059134602,103.8777790917444,8.6,255.0,10.886534323572096
15:19:35,2025-06-07,-0.805179,54.138538,19.32607007894345,99.56955100008281,8.6,255.0,11.504738099168268
15:19:36,2025-06-07,-0.805098,54.13853,19.65559631845882,104.1917845665069,8.6,255.0,12.147864940277847
15:19:37,2025-06-07,-0.805017,54.138518,20.883199950495598,106.7639942871458,8.6,255.0,13.571276355964542
15:19:38,2025-06-07,-0.804932,54.138503,22.01247198529646,105.88089012283456,8.6,255.0,14.631641185170903
15:19:39,2025-06-07,-0.804842,54.138488,22.125252858640582,106.88111950076086,8.6,255.0,14.822599183616308
15:19:40,2025-06-07,-0.804752,54.138472,22.937662223887408,112.64892708346486,8.6,255.0,16.128454603282954
15:19:41,2025-06-07,-0.804662,54.13845,23.686711253945326,114.00337300908222,8.6,255.0,17.00357461120079
15:19:42,2025-06-07,-0.80457,54.138426,24.23549572794467,115.51141255229356,8.6,255.0,17.697117061179213
15:19:43,2025-06-07,-0.804477,54.1384,23.98951941748345,116.86067049406245,8.6,255.0,17.58449921727122
15:19:44,2025-06-07,-0.804386,54.138373,24.55513210743658,119.3681910367352,8.6,255.0,18.407327486778897
15:19:45,2025-06-07,-0.804295,54.138343,24.766488614785214,112.89649731932366,8.6,255.0,17.980042539612466
15:19:46,2025-06-07,-0.804198,54.138319,26.66484729212411,115.88805692573987,8.6,255.0,20.163333886994977
15:19:47,2025-06-07,-0.804096,54.13829,26.29208203649606,111.50031692031752,8.6,255.0,19.378941330541338
15:19:48,2025-06-07,-0.803992,54.138266,27.030982935365316,109.97730679580457,8.6,255.0,19.98432218430716
15:19:49,2025-06-07,-0.803884,54.138243,27.9001006089265,111.97239370804743,8.6,255.0,21.029342304264723
15:19:50,2025-06-07,-0.803774,54.138217,28.13982882291451,109.15907996534219,8.6,255.0,21.02348536646843
15:19:51,2025-06-07,-0.803661,54.138194,29.477346821995674,108.25866253463556,8.6,255.0,22.285998872226198
15:19:52,2025-06-07,-0.803542,54.138171,28.80772350116669,108.69841055651727,8.6,255.0,21.65278568281474
15:19:53,2025-06-07,-0.803426,54.138148,28.584912459676218,108.84955980212635,8.6,255.0,21.442586892517735
15:19:54,2025-06-07,-0.803311,54.138125,28.109123417629352,105.74952738529987,8.6,255.0,20.718192008516564
15:19:55,2025-06-07,-0.803196,54.138106,25.962819840270306,106.16485999332394,8.6,255.0,18.603956275985606
15:19:56,2025-06-07,-0.80309,54.138088,28.44599799212289,106.39936835771016,8.6,255.0,21.105411739888734
15:19:57,2025-06-07,-0.802974,54.138068,26.752915920894473,106.57005724946913,8.6,255.0,19.4257103081966
15:19:58,2025-06-07,-0.802865,54.138049,26.800023541514538,102.98923995571852,8.6,255.0,19.20591614996826
15:19:59,2025-06-07,-0.802754,54.138034,26.570787868561904,103.10326304157809,8.6,255.0,18.984727523919776
15:20:00,2025-06-07,-0.802644,54.138019,25.75173937525922,104.44826170228998,8.6,255.0,18.26285936409586
15:20:01,2025-06-07,-0.802538,54.138003,25.426238516635046,103.7041994146831,8.6,255.0,17.88308422593826
15:20:02,2025-06-07,-0.802433,54.137988,23.146704759485583,105.08393820949368,8.6,255.0,15.705193768944007
15:20:03,2025-06-07,-0.802338,54.137973,20.479736364092513,102.45662701390438,8.6,255.0,12.84843930331176
15:20:04,2025-06-07,-0.802253,54.137962,19.031165472888727,98.49482903523432,8.6,255.0,11.14413937496958
15:20:05,2025-06-07,-0.802173,54.137955,18.65700995535898,85.06025308798803,8.6,255.0,10.189238416762569
15:20:06,2025-06-07,-0.802094,54.137959,18.10539698398792,63.67504710266053,8.6,255.0,9.672845614541139
15:20:07,2025-06-07,-0.802025,54.137979,14.97443521999384,43.67222213096079,8.6,255.0,7.628256233250521
15:20:08,2025-06-07,-0.801981,54.138006,14.016618521621872,13.5621300352214,8.6,255.0,9.904860088764856
15:20:09,2025-06-07,-0.801967,54.13804,17.423716423226207,351.47682939905434,8.6,255.0,16.45362437627246
15:20:10,2025-06-07,-0.801978,54.138083,19.023748555626284,345.71004721223113,8.6,255.0,18.917174392980943
15:20:11,2025-06-07,-0.801998,54.138129,20.13716122505506,347.2019016807605,8.6,255.0,19.806740838397648
15:20:12,2025-06-07,-0.802017,54.138178,20.233335116577194,351.9966970361402,8.6,255.0,19.18575083895697
15:20:13,2025-06-07,-0.802029,54.138228,20.057457167146634,357.31671167970205,8.6,255.0,18.22294510693706
15:20:14,2025-06-07,-0.802033,54.138278,18.037966998672946,1.4914679404359958,8.6,255.0,15.596662971651241
15:20:15,2025-06-07,-0.802031,54.138323,18.470039966621236,3.6435126336915005,8.6,255.0,15.720800658800204
15:20:16,2025-06-07,-0.802026,54.138369,16.13843950469016,6.682639874856193,8.6,255.0,12.961038602533332
15:20:17,2025-06-07,-0.802018,54.138409,20.48477534411213,3.9426475084002277,8.6,255.0,17.693030125508777
15:20:18,2025-06-07,-0.802012,54.13846,15.234146856696897,1.7660441112277567,8.6,255.0,12.753353030271898
15:20:19,2025-06-07,-0.80201,54.138498,12.030425821701279,2.2365596069957974,8.6,255.0,9.482094985532282
15:20:20,2025-06-07,-0.802008,54.138528,9.219270764064118,1.459050867570852,8.6,255.0,6.782632708518563
15:20:21,2025-06-07,-0.802007,54.138551,9.216267872528336,0.0,8.6,255.0,6.9904240846466585
15:20:22,2025-06-07,-0.802007,54.138574,10.42104633161177,358.70924201564713,8.6,255.0,8.38289055834214
15:20:23,2025-06-07,-0.802008,54.1386,8.069219464034235,353.31739384309105,8.6,255.0,6.825172752050631
15:20:24,2025-06-07,-0.802012,54.13862,8.843774803638144,355.4326059375731,8.6,255.0,7.286496712621892
15:20:25,2025-06-07,-0.802015,54.138642,6.428563224347502,355.81180816454497,8.6,255.0,4.815342961357834
15:20:26,2025-06-07,-0.802017,54.138658,7.398388108608618,347.1658668673444,8.6,255.0,7.073372558136634
15:20:27,2025-06-07,-0.802024,54.138676,6.454722731318984,338.66686254506305,8.6,255.0,7.403381487303053
15:20:28,2025-06-07,-0.802034,54.138691,7.556723098882623,328.1002550883069,8.6,255.0,10.056725329013146
15:20:29,2025-06-07,-0.802051,54.138707,7.7808245038429185,320.64295173359386,8.6,255.0,11.327650440663136
15:20:30,2025-06-07,-0.802072,54.138722,7.219867316961043,326.4184460402014,8.6,255.0,9.960293129873996
15:20:31,2025-06-07,-0.802089,54.138737,4.767835116948265,312.314665289178,8.6,255.0,9.412049357726314
15:20:32,2025-06-07,-0.802104,54.138745,3.816583758772315,317.36791839843806,8.6,255.0,7.805196455707742
15:20:33,2025-06-07,-0.802115,54.138752,4.705440187753891,339.5546852777242,8.6,255.0,5.521542905930626
15:20:34,2025-06-07,-0.802122,54.138763,0.7058609543867942,270.00000114059014,8.6,255.0,9.01282301616279
15:20:35,2025-06-07,-0.802125,54.138763,2.5154029237430557,13.188131788044984,8.6,255.0,-1.546963614199679
15:20:44,2025-06-07,-0.802103,54.138818,6.627741710060354,32.115164293613134,8.6,255.0,0.32632358860810573
15:20:45,2025-06-07,-0.802088,54.138832,11.525774477579807,33.38690572431466,8.6,255.0,5.0960159668772285
15:20:46,2025-06-07,-0.802061,54.138856,10.22359795784355,41.80149477890052,8.6,255.0,3.0273020111824716
15:20:47,2025-06-07,-0.802032,54.138875,9.476583658569457,43.976122394666106,8.6,255.0,2.106791403067631
15:20:48,2025-06-07,-0.802004,54.138892,13.271821623530306,40.92582402390627,8.6,255.0,6.148330352545021
15:20:49,2025-06-07,-0.801967,54.138917,12.203901566840376,40.89246806605826,8.6,255.0,5.083216570154706
15:20:50,2025-06-07,-0.801933,54.13894,12.225382752112932,43.789582841121614,8.6,255.0,4.870060222307812
15:20:51,2025-06-07,-0.801897,54.138962,12.474712585404653,52.3240635100056,8.6,255.0,4.539491864772878
15:20:52,2025-06-07,-0.801855,54.138981,9.132792982056259,58.170894147910246,8.6,255.0,0.9011090701022688
15:20:53,2025-06-07,-0.801822,54.138993,8.094347013806965,37.55630924858639,8.6,255.0,1.2663663781356664
15:20:54,2025-06-07,-0.801801,54.139009,7.834489199052265,22.93285932145193,8.6,255.0,2.547745482852269
15:20:55,2025-06-07,-0.801788,54.139027,6.681914448558364,16.3258413873005,8.6,255.0,2.210736309842047
15:20:56,2025-06-07,-0.80178,54.139043,9.228274174026275,357.0838243428692,8.6,255.0,7.4279286028103275
15:20:57,2025-06-07,-0.801782,54.139066,9.362275648720228,349.89079359428433,8.6,255.0,8.629066934896386
15:20:58,2025-06-07,-0.801789,54.139089,10.981614743859687,350.1529351207863,8.6,255.0,10.209210101345866
15:20:59,2025-06-07,-0.801797,54.139116,10.547770211559941,351.0371164106934,8.6,255.0,9.643285024865122
15:21:00,2025-06-07,-0.801804,54.139142,12.642791387778589,349.29879888326434,8.6,255.0,11.998154115332904
15:21:01,2025-06-07,-0.801814,54.139173,10.631412596174922,348.536819737883,8.6,255.0,10.100878992509683
15:21:02,2025-06-07,-0.801823,54.139199,14.024756995058485,0.0,8.6,255.0,11.798913207176808
15:21:03,2025-06-07,-0.801823,54.139234,14.183718219400571,8.566549869522532,8.6,255.0,10.74531800745276
15:21:04,2025-06-07,-0.801814,54.139269,15.187680890507961,12.498123276084073,8.6,255.0,11.216892683647103
15:21:05,2025-06-07,-0.8018,54.139306,15.691219490730909,5.1498991656090425,8.6,255.0,12.72871362899463
15:21:06,2025-06-07,-0.801794,54.139345,18.486518499339972,355.63048055059437,8.6,255.0,16.900040100966258
15:21:07,2025-06-07,-0.8018,54.139391,17.06489638763934,350.4981595058622,8.6,255.0,16.240897899637183
15:21:08,2025-06-07,-0.801812,54.139433,18.64752113056464,351.31122215897005,8.6,255.0,17.702131818465066
15:21:09,2025-06-07,-0.801824,54.139479,14.547747360641928,352.58290176275653,8.6,255.0,13.41288632706639
15:21:10,2025-06-07,-0.801832,54.139515,16.870775391209495,356.0106722064876,8.6,255.0,15.228245610279671
15:21:11,2025-06-07,-0.801837,54.139557,17.631124143616635,0.0,8.6,255.0,15.405280355734957
15:21:12,2025-06-07,-0.801837,54.139601,16.83135408946589,359.2008960854976,8.6,255.0,14.72158017987098
15:21:13,2025-06-07,-0.801838,54.139643,16.836286913649744,358.40210455190874,8.6,255.0,14.842947655067386
15:21:14,2025-06-07,-0.80184,54.139685,18.505972520152323,354.90582908771046,8.6,255.0,17.02652035754592
15:21:15,2025-06-07,-0.801847,54.139731,16.444158220720528,357.545568114849,8.7,254.0,14.40645614839073
15:21:16,2025-06-07,-0.80185,54.139772,18.446049138543255,2.1879184417737747,8.7,254.0,15.730478139058
15:21:17,2025-06-07,-0.801847,54.139818,18.45654985705485,2.9161195620897047,8.7,254.0,15.636152741564013
15:21:18,2025-06-07,-0.801843,54.139864,20.036750815487757,359.328744290713,8.7,254.0,17.73684562602316
15:21:19,2025-06-07,-0.801844,54.139914,18.129804848736555,354.05444917510806,8.7,254.0,16.61092423109524
15:21:20,2025-06-07,-0.801852,54.139959,15.671803843849633,355.7049539747565,8.7,254.0,13.906817780476185
15:21:21,2025-06-07,-0.801857,54.139998,18.446049691646202,357.81209348644813,8.7,254.0,16.369025344562782
15:21:22,2025-06-07,-0.80186,54.140044,18.037971797236484,358.5085956273236,8.7,254.0,15.858402168522812
15:21:23,2025-06-07,-0.801862,54.140089,16.83135542175409,359.20090550025867,8.7,254.0,14.550176883441873
15:21:24,2025-06-07,-0.801863,54.140131,16.85600407377172,356.80672839005916,8.7,254.0,14.927535883495874
15:21:25,2025-06-07,-0.801867,54.140173,18.446050115943844,357.8121027226926,8.7,254.0,16.36902440694923
15:21:26,2025-06-07,-0.80187,54.140219,18.438546276677396,358.54100948973235,8.7,254.0,16.25421211510461
15:21:27,2025-06-07,-0.801872,54.140265,18.033368528566918,359.25417545784234,8.7,254.0,15.74438527754774
15:21:28,2025-06-07,-0.801873,54.14031,18.43854653439656,358.5410126940307,8.7,254.0,16.254211901856593
15:21:29,2025-06-07,-0.801875,54.140356,18.432541344715155,0.0,8.7,254.0,16.034496349107265
15:21:30,2025-06-07,-0.801875,54.140402,20.040896200932266,1.3423097699438813,8.7,254.0,17.44760167059141
15:21:31,2025-06-07,-0.801873,54.140452,18.432541639369457,0.0,8.7,254.0,16.034496643761567
15:21:32,2025-06-07,-0.801873,54.140498,19.640301787199736,358.6303096251093,8.7,254.0,17.44284496644698
15:21:33,2025-06-07,-0.801875,54.140547,20.035371672462027,0.0,8.7,254.0,17.637326676854137
15:21:34,2025-06-07,-0.801875,54.140597,18.470042850401615,3.643313121324752,8.7,254.0,15.545419283678926
15:21:35,2025-06-07,-0.80187,54.140643,19.64030222468582,358.6303144193073,8.7,254.0,17.44284469956845
15:21:36,2025-06-07,-0.801872,54.140692,18.045643902889196,357.76355956311625,8.7,254.0,15.97577676886318
15:21:37,2025-06-07,-0.801875,54.140737,20.035372308514095,0.0,8.7,254.0,17.637327312906205
15:21:38,2025-06-07,-0.801875,54.140787,17.23684432500562,1.5607105585251588,8.7,254.0,14.61191348797565
15:21:39,2025-06-07,-0.801873,54.14083,19.65720596041381,357.26220487713977,8.7,254.0,17.661358706049597
15:21:40,2025-06-07,-0.801877,54.140879,16.870776520563563,356.0108031717144,8.7,254.0,15.060340296164142
15:21:41,2025-06-07,-0.801882,54.140921,18.470043267848787,356.35671530567663,8.7,254.0,16.608265638164497
15:21:42,2025-06-07,-0.801887,54.140967,18.10688952556475,354.79340096966786,8.7,254.0,16.47765637175445
15:21:43,2025-06-07,-0.801894,54.141012,20.06987861978003,356.64749216423354,8.7,254.0,18.16499536254785
15:21:44,2025-06-07,-0.801899,54.141062,18.4460522734601,357.81214964298,8.7,254.0,16.36901964593305
15:21:45,2025-06-07,-0.801902,54.141108,18.50597186506188,354.90600320290747,8.7,254.0,16.859946417374008
15:21:46,2025-06-07,-0.801909,54.141154,19.685345933264802,355.8972378060938,8.7,254.0,17.891779930193742
15:21:47,2025-06-07,-0.801915,54.141203,18.47004362680045,356.35674004812427,8.7,254.0,16.60826232716634
15:21:48,2025-06-07,-0.80192,54.141249,18.470043677953647,356.35674408425126,8.7,254.0,16.608261779656747
15:21:49,2025-06-07,-0.801925,54.141295,18.438549280320558,358.5410473806211,8.7,254.0,16.254209549552357
15:21:50,2025-06-07,-0.801927,54.141341,18.446052952321878,357.812164368169,8.7,254.0,16.369018153523292
15:21:51,2025-06-07,-0.80193,54.141387,18.0318370274084,0.0,8.7,254.0,15.63379203180051
15:21:52,2025-06-07,-0.80193,54.141432,16.836291378717487,358.40217354117834,8.7,254.0,14.672369692288935
15:21:53,2025-06-07,-0.801932,54.141474,16.829714798397152,0.0,8.7,254.0,14.431669802789262
15:21:54,2025-06-07,-0.801932,54.141516,18.4325449142351,0.0,8.7,254.0,16.03449991862721
15:21:55,2025-06-07,-0.801932,54.141562,18.045645943798206,357.7636064985345,8.7,254.0,15.97577188756961
15:21:56,2025-06-07,-0.801935,54.141607,17.236846436557386,358.43932032924585,8.7,254.0,15.067461961615168
15:21:57,2025-06-07,-0.801937,54.14165,18.03337260136564,359.2542003976709,8.7,254.0,15.744385696813609
15:21:58,2025-06-07,-0.801938,54.141695,18.438550396563958,358.54106146675633,8.7,254.0,16.254208595418596
15:21:59,2025-06-07,-0.80194,54.141741,20.035375669977416,0.0,8.7,254.0,17.637330674369526
15:22:00,2025-06-07,-0.80194,54.141791,18.438550663236022,358.5410648474109,8.7,254.0,16.254208365202793
15:22:01,2025-06-07,-0.801942,54.141837,19.63607795664927,359.31507909891644,8.7,254.0,17.338173987789112
15:22:02,2025-06-07,-0.801943,54.141886,20.04090077343403,358.6577383128268,8.7,254.0,17.83941437581581
15:22:03,2025-06-07,-0.801945,54.141936,21.24271087930644,358.7336915287759,8.7,254.0,19.03006875194439
15:22:04,2025-06-07,-0.801947,54.141989,20.040901090864967,1.342258350045995,8.7,254.0,17.44761401337535
15:22:05,2025-06-07,-0.801945,54.142039,21.643322260177914,1.2428626189221177,8.7,254.0,19.064445596010238
15:22:06,2025-06-07,-0.801943,54.142093,22.840329619709905,0.0,8.7,254.0,20.442284624102015
15:22:07,2025-06-07,-0.801943,54.14215,22.841541492921063,0.588794408060096,8.7,254.0,20.357683327892264
15:22:08,2025-06-07,-0.801942,54.142207,22.845176294008358,1.1774628635994304,8.7,254.0,20.27578553564834
15:22:09,2025-06-07,-0.80194,54.142264,21.64971556392677,1.8639184567765597,8.7,254.0,18.98092706967538
15:22:10,2025-06-07,-0.801937,54.142318,24.44768918029722,1.1002687754723297,8.7,254.0,21.889499343125674
15:22:11,2025-06-07,-0.801935,54.142379,22.859709334027592,2.3539222485823643,8.7,254.0,20.120202518835562
15:22:12,2025-06-07,-0.801931,54.142436,24.48388718363922,3.29755697079878,8.7,254.0,21.60876208059418
15:22:13,2025-06-07,-0.801925,54.142497,24.933936114773914,4.860237788540189,8.7,254.0,21.835956657086903
15:22:14,2025-06-07,-0.801916,54.142559,25.71425666832237,4.18779228351832,8.7,254.0,22.71190205609689
15:22:15,2025-06-07,-0.801908,54.142623,26.59695980691241,6.079278288967146,8.7,254.0,23.32672421699803
15:22:16,2025-06-07,-0.801896,54.142689,27.419223817894398,6.3896465369907105,8.7,254.0,24.105365083576764
15:22:17,2025-06-07,-0.801883,54.142757,27.936595121714397,8.212187394664625,8.7,254.0,24.36857685817511
15:22:18,2025-06-07,-0.801866,54.142826,28.66826838652918,7.054674967759013,8.7,254.0,25.26126704357987
15:22:19,2025-06-07,-0.801851,54.142897,31.573215961111813,8.120506505191315,8.7,254.0,28.017898816304676
15:22:20,2025-06-07,-0.801832,54.142975,29.23211581480833,9.241726006848353,8.7,254.0,25.522104131544445
15:22:21,2025-06-07,-0.801812,54.143047,31.32536652683084,9.92446745549006,8.7,254.0,27.52184925272621
15:22:22,2025-06-07,-0.801789,54.143124,32.47175225161986,9.15084590566903,8.7,254.0,28.774227168349523
15:22:23,2025-06-07,-0.801767,54.143204,32.59169662455909,10.37315503010359,8.7,254.0,28.72702212449348
15:22:24,2025-06-07,-0.801742,54.143284,32.19764734339589,10.501537782458172,8.7,254.0,28.31551740133376
15:22:25,2025-06-07,-0.801717,54.143363,33.30058087423078,9.33022294665335,8.7,254.0,29.578418998589612
15:22:26,2025-06-07,-0.801694,54.143445,33.65904719553457,8.825326420765407,8.7,254.0,30.006323434933357
15:22:27,2025-06-07,-0.801672,54.143528,31.9378878033817,7.601960630835151,8.7,254.0,28.454578412439616
15:22:28,2025-06-07,-0.801654,54.143607,29.83472421753879,6.323627012602515,8.7,254.0,26.53013661719617
15:22:29,2025-06-07,-0.80164,54.143681,28.912272988363835,3.7237713828647543,8.7,254.0,25.976146223195354
15:22:30,2025-06-07,-0.801632,54.143753,28.86629353470043,1.8638506727666595,8.7,254.0,26.197514836794234
15:22:31,2025-06-07,-0.801628,54.143825,30.86883629499705,358.25710459343645,8.7,254.0,28.726257068053904
15:22:32,2025-06-07,-0.801632,54.143902,28.5473464176857,355.2837747972102,8.7,254.0,26.845030965480174
15:22:33,2025-06-07,-0.801642,54.143973,29.78645153824258,354.5739599366393,8.7,254.0,28.189961497258004
15:22:34,2025-06-07,-0.801654,54.144047,27.47567875898744,352.6376475171172,8.7,254.0,26.169069290608494
15:22:35,2025-06-07,-0.801669,54.144115,26.283964906360136,352.3018450290618,8.7,254.0,25.02778873677753
15:22:36,2025-06-07,-0.801684,54.14418,25.886940530629957,352.18304913900323,8.7,254.0,24.648616427417508
15:22:37,2025-06-07,-0.801699,54.144244,24.633754069794303,352.88451385267376,8.7,254.0,23.290096919129596
15:22:38,2025-06-07,-0.801712,54.144305,24.605653741902675,353.42688208086,8.7,254.0,23.18069096453603
15:22:39,2025-06-07,-0.801724,54.144366,23.41187499033597,353.0901102359204,8.7,254.0,22.037382622878646
15:22:40,2025-06-07,-0.801736,54.144424,24.76818864304997,350.7288149497652,8.7,254.0,23.748807872746493
15:22:41,2025-06-07,-0.801753,54.144485,21.491377153797483,351.20468604327584,8.7,254.0,20.400272090296323
15:22:42,2025-06-07,-0.801767,54.144538,21.258345750767987,357.4687777988551,8.7,254.0,19.231981288119584
15:22:43,2025-06-07,-0.801771,54.144591,21.270058037606187,3.1628670607637446,8.7,254.0,18.414243583999998
15:22:44,2025-06-07,-0.801766,54.144644,17.73130275372788,6.078987034901786,8.7,254.0,14.461108145672394
15:22:45,2025-06-07,-0.801758,54.144688,17.195697968686535,11.815474992036627,8.7,254.0,13.136055775778349
15:22:46,2025-06-07,-0.801743,54.14473,16.389893544014317,17.50517214186584,8.7,254.0,11.587386893403423
15:22:47,2025-06-07,-0.801722,54.144769,14.492126655008281,19.88910051431901,8.7,254.0,9.392027876903617
15:22:48,2025-06-07,-0.801701,54.144803,13.382820798999282,26.017708256814444,8.7,254.0,7.559386569838155
15:22:49,2025-06-07,-0.801676,54.144833,15.596097441309873,25.888485698835098,8.7,254.0,9.787255660578612
15:22:50,2025-06-07,-0.801647,54.144868,12.917522614721594,33.05685538500762,8.7,254.0,6.3458886582663485
15:22:51,2025-06-07,-0.801617,54.144895,11.193089094154118,34.51258336215312,8.7,254.0,4.4787400236601655
15:22:52,2025-06-07,-0.80159,54.144918,9.9281171100587,43.34047634556106,8.7,254.0,2.4442663786145076
15:22:53,2025-06-07,-0.801561,54.144936,10.222936736731326,41.79731494073911,8.7,254.0,2.861273458057573
15:22:54,2025-06-07,-0.801532,54.144955,1.7368594107278665,235.3344353697528,8.7,254.0,9.979263757343901
15:23:07,2025-06-07,-0.801611,54.144923,5.353125924307094,206.0176684409966,8.7,254.0,11.176555661828022
15:23:08,2025-06-07,-0.801621,54.144911,12.249260068885095,191.04778060264564,8.7,254.0,16.205440455962105
15:23:09,2025-06-07,-0.801631,54.144881,8.39147764914551,204.81698705081078,8.7,254.0,14.078189228644957
15:23:10,2025-06-07,-0.801646,54.144862,6.177997935848085,204.71296663228594,8.7,254.0,11.852746595109668
15:23:11,2025-06-07,-0.801657,54.144848,9.17637013316961,209.0938170739323,8.7,254.0,15.338263986417397
15:23:12,2025-06-07,-0.801676,54.144828,8.577865410227064,200.84333848188223,8.7,254.0,13.79463857731224
15:23:13,2025-06-07,-0.801689,54.144808,9.124070215506329,194.90885927305098,8.7,254.0,13.593033344770646
15:23:14,2025-06-07,-0.801699,54.144786,9.456353869500497,192.90935099436447,8.7,254.0,13.662153610328318
15:23:15,2025-06-07,-0.801708,54.144763,7.671380071782357,187.02985953234773,8.7,254.0,11.074913978631297
15:23:16,2025-06-07,-0.801712,54.144744,9.228279630753573,177.08422184816163,8.7,254.0,11.197812467322732
15:23:17,2025-06-07,-0.80171,54.144721,7.308023213436238,170.75863694464192,8.7,254.0,8.331900934374508
15:23:18,2025-06-07,-0.801705,54.144703,8.06921147519754,186.68163674215916,8.7,254.0,11.424021517478824
15:23:19,2025-06-07,-0.801709,54.144683,8.577869031757926,200.8434051973491,8.7,254.0,13.79465030591194
15:23:20,2025-06-07,-0.801722,54.144663,8.843775482564123,184.56673527902927,8.7,254.0,11.900069237196348
15:23:21,2025-06-07,-0.801725,54.144641,9.228279524322058,177.0842146079384,8.7,254.0,11.19781129005109
15:23:22,2025-06-07,-0.801723,54.144618,9.243260496064812,175.63102746850404,8.7,254.0,10.99725324959653
15:23:23,2025-06-07,-0.80172,54.144595,10.882863045618347,186.1907124710782,8.7,254.0,14.168772136688
15:23:24,2025-06-07,-0.801725,54.144568,10.882863078904231,173.80928352500882,8.7,254.0,12.36507477680726
15:23:25,2025-06-07,-0.80172,54.144541,8.96806265841508,169.44275320577833,8.7,254.0,9.793267747500112
15:23:26,2025-06-07,-0.801713,54.144519,9.228279411947653,182.91579396756893,8.7,254.0,12.048629757952135
15:23:27,2025-06-07,-0.801715,54.144496,9.264193268566915,185.81656618885847,8.7,254.0,12.497428881477795
15:23:28,2025-06-07,-0.801719,54.144473,9.264193288523249,185.81656939515054,8.7,254.0,12.497429353419864
15:23:29,2025-06-07,-0.801723,54.14445,9.216276923178985,180.0,8.7,254.0,11.614321918786878
15:23:30,2025-06-07,-0.801723,54.144427,7.212738439155068,180.0,8.7,254.0,9.610783434762961
15:23:31,2025-06-07,-0.801723,54.144409,6.518334622494553,169.62711635864662,8.7,254.0,7.371403550975689
15:23:32,2025-06-07,-0.801718,54.144393,6.051908906937558,173.31831449613117,8.7,254.0,7.460606465048906
15:23:33,2025-06-07,-0.801715,54.144378,7.70377740744785,171.23719952367276,8.7,254.0,8.79978028031054
15:23:34,2025-06-07,-0.80171,54.144359,7.62797096043523,183.52824233474362,8.7,254.0,10.536132724522128
15:23:35,2025-06-07,-0.801712,54.14434,7.613446018058362,180.0,8.7,254.0,10.011491013666255
15:23:36,2025-06-07,-0.801712,54.144321,6.428564572812655,175.81237719044725,8.7,254.0,8.209519863440205
15:23:37,2025-06-07,-0.80171,54.144305,7.627970929843302,183.52824692490847,8.7,254.0,10.536133350824633
15:23:38,2025-06-07,-0.801712,54.144286,6.029002933570144,175.53429286634923,8.7,254.0,7.768606270690005
15:23:39,2025-06-07,-0.80171,54.144271,6.029002936163943,175.5342912539977,8.7,254.0,7.768606033402667
15:23:40,2025-06-07,-0.801708,54.144256,6.051909041527766,173.31829258806158,8.7,254.0,7.460603316935669
15:23:41,2025-06-07,-0.801705,54.144241,7.703777829895002,171.237170981188,8.7,254.0,8.799776403291055
15:23:42,2025-06-07,-0.8017,54.144222,6.428564557723253,175.81236721572157,8.7,254.0,8.20951836582644
15:23:43,2025-06-07,-0.801698,54.144206,7.703777933269962,171.23716368792577,8.7,254.0,8.799775408053224
15:23:44,2025-06-07,-0.801693,54.144187,9.291038216555275,172.74321098504117,8.7,254.0,10.613492796097805
15:23:45,2025-06-07,-0.801688,54.144164,11.340025544825496,171.66898790692665,8.7,254.0,12.501038658206987
15:23:46,2025-06-07,-0.801681,54.144136,15.486381220176634,169.5202618034159,8.7,254.0,16.323301676805716
15:23:47,2025-06-07,-0.801669,54.144098,17.027518481293598,171.2782211303172,8.7,254.0,18.12970031832775
15:23:48,2025-06-07,-0.801658,54.144056,18.724497154336746,169.89196977116012,8.7,254.0,19.617579335452596
15:23:49,2025-06-07,-0.801644,54.14401,21.792410718192894,173.19566054318943,8.7,254.0,23.182726604342506
15:23:50,2025-06-07,-0.801633,54.143956,22.961175740168784,174.13268492406166,8.7,254.0,24.491752095972572
15:23:51,2025-06-07,-0.801623,54.143899,26.08421850629881,176.9050619086902,8.7,254.0,28.02724372766174
15:23:52,2025-06-07,-0.801617,54.143834,26.055557768712323,181.54860110610593,8.7,254.0,28.678735493245583
15:23:53,2025-06-07,-0.80162,54.143769,24.579774868388807,186.02966956892124,8.7,254.0,27.843028882847765
15:23:54,2025-06-07,-0.801631,54.143708,21.456589566565473,188.17606208565888,8.7,254.0,25.019604257235205
15:23:55,2025-06-07,-0.801644,54.143655,19.87143864654604,188.83336808315542,8.7,254.0,23.525270609340705
15:23:56,2025-06-07,-0.801657,54.143606,20.233301919566603,188.00228688764844,8.7,254.0,23.7722279395792
15:23:57,2025-06-07,-0.801669,54.143556,17.105355199397383,190.27642261358707,8.7,254.0,20.956864743475027
15:23:58,2025-06-07,-0.801682,54.143514,16.71125857233476,190.52154463763873,8.7,254.0,20.59610697474438
15:23:59,2025-06-07,-0.801695,54.143473,15.714128251591818,186.001804282649,8.7,254.0,18.973459632192245
15:24:00,2025-06-07,-0.801702,54.143434,16.87077861276877,183.98895958716815,8.7,254.0,19.844778488231526
15:24:01,2025-06-07,-0.801707,54.143392,18.251504741818973,188.87800224147517,8.7,254.0,21.911486321810504
15:24:02,2025-06-07,-0.801719,54.143347,17.298409940503383,193.3381594731068,8.7,254.0,21.561089333935044
15:24:03,2025-06-07,-0.801736,54.143305,19.023618870340904,194.28825621772688,8.7,254.0,23.41146948224326
15:24:04,2025-06-07,-0.801756,54.143259,20.47801846873818,191.90773624912234,8.7,254.0,24.550045975412132
15:24:05,2025-06-07,-0.801774,54.143209,22.048695619436018,191.04822989962904,8.7,254.0,26.004936767582883
15:24:06,2025-06-07,-0.801792,54.143155,24.69659155612996,188.1965123882361,8.7,254.0,28.262438910960576
15:24:07,2025-06-07,-0.801807,54.143094,23.11134422824435,188.76307599320288,8.7,254.0,26.755486974096893
15:24:08,2025-06-07,-0.801822,54.143037,24.6640745025358,187.6568091089009,8.7,254.0,28.15501401094792
15:24:09,2025-06-07,-0.801836,54.142976,23.582658074700813,189.7421217369971,8.7,254.0,27.361254305360355
15:24:10,2025-06-07,-0.801853,54.142918,22.39887782169887,190.26251358529495,8.7,254.0,26.248493490249903
15:24:11,2025-06-07,-0.80187,54.142863,22.00472687624778,190.44842481888475,8.7,254.0,25.879637722240396
15:24:12,2025-06-07,-0.801887,54.142809,21.821603912279254,187.41652456269122,8.7,254.0,25.279093200932945
15:24:13,2025-06-07,-0.801899,54.142755,20.123587355764222,185.3542886983953,8.7,254.0,23.291551938825982
15:24:14,2025-06-07,-0.801907,54.142705,19.703614837538762,184.78344089458807,8.7,254.0,22.790694760562292
15:24:15,2025-06-07,-0.801914,54.142656,21.670159743371197,183.1045638958029,8.7,254.0,24.517610303705766
15:24:16,2025-06-07,-0.801919,54.142602,19.66987653571009,183.42064265720222,8.7,254.0,22.56263468569376
15:24:17,2025-06-07,-0.801924,54.142553,18.486519997971076,184.3691919912579,8.7,254.0,21.514711766023222
15:24:18,2025-06-07,-0.80193,54.142507,19.703614844243884,184.78346365885386,8.7,254.0,22.79069799894872
15:24:19,2025-06-07,-0.801937,54.142458,18.434049042051694,180.72957570896136,8.7,254.0,20.938386700668676
15:24:20,2025-06-07,-0.801938,54.142412,18.43855226863102,181.45891652503968,8.7,254.0,21.04874251360782
15:24:21,2025-06-07,-0.80194,54.142366,20.040902101473957,181.34224937560376,8.7,254.0,22.634187878198755
15:24:22,2025-06-07,-0.801942,54.142316,19.647351380582993,182.0539613747691,8.7,254.0,22.343590702181842
15:24:23,2025-06-07,-0.801945,54.142267,18.432547088352848,180.0,8.7,254.0,20.83059208396074
15:24:24,2025-06-07,-0.801945,54.142221,19.634669568242447,180.0,8.7,254.0,22.03271456385034
15:24:25,2025-06-07,-0.801945,54.142172,18.8391314138904,181.42789704469357,8.7,254.0,21.444828149461525
15:24:26,2025-06-07,-0.801947,54.142125,18.129801144563924,185.94524857539713,8.7,254.0,21.381168732929446
15:24:27,2025-06-07,-0.801955,54.14208,18.50597143083671,185.09388916508237,8.7,254.0,21.637077964063717
15:24:28,2025-06-07,-0.801962,54.142034,18.434047766312577,179.270416822083,8.7,254.0,20.725410186334173
15:24:29,2025-06-07,-0.801961,54.141988,18.528390422891363,174.1830807061192,8.7,254.0,20.066499112145987
15:24:30,2025-06-07,-0.801953,54.141942,19.685346551534867,175.89730590679983,8.7,254.0,21.478922673135603
15:24:31,2025-06-07,-0.801947,54.141893,19.640305840730697,178.6303525049699,8.7,254.0,21.837768961401366
15:24:32,2025-06-07,-0.801945,54.141844,18.869955624114912,176.43410108432977,8.7,254.0,20.74320988050889
15:24:33,2025-06-07,-0.80194,54.141797,21.24922346863912,178.10091247673995,8.7,254.0,23.368808450356244
15:24:34,2025-06-07,-0.801937,54.141744,18.438550408555038,178.54105995152668,8.7,254.0,20.622891986992276
15:24:35,2025-06-07,-0.801935,54.141698,19.64734972887004,177.94600799892032,8.7,254.0,21.744114470828652
15:24:36,2025-06-07,-0.801932,54.141649,18.056378583050076,177.01931838317603,8.7,254.0,20.016310836081512
15:24:37,2025-06-07,-0.801928,54.141604,18.84647376760497,177.85867903761095,8.7,254.0,20.930366602960547
15:24:38,2025-06-07,-0.801925,54.141557,18.03183740507907,180.0,8.7,254.0,20.429882400686964
15:24:39,2025-06-07,-0.801925,54.141512,18.43854975517905,181.45894821823813,8.7,254.0,21.048744590869642
15:24:40,2025-06-07,-0.801927,54.141466,19.2397144806804,178.60181501571458,8.7,254.0,21.432984595589346
15:24:41,2025-06-07,-0.801925,54.141418,19.23971433755861,178.60181339574956,8.7,254.0,21.432984214431066
15:24:42,2025-06-07,-0.801923,54.14137,19.634666770869426,180.0,8.7,254.0,22.03271176647732
15:24:43,2025-06-07,-0.801923,54.141321,20.0367554353769,179.3287662833228,8.7,254.0,22.336663845478572
15:24:44,2025-06-07,-0.801922,54.141271,18.43854908236946,178.54104329482607,8.7,254.0,20.622888212608355
15:24:45,2025-06-07,-0.80192,54.141225,19.66987435824723,176.57924386893808,8.7,254.0,21.564644650156723
15:24:46,2025-06-07,-0.801915,54.141176,18.905123031157316,175.0138307989231,8.7,254.0,20.567222776368567
15:24:47,2025-06-07,-0.801908,54.141129,19.72467353763874,174.5368815197853,8.7,254.0,21.315628728690335
15:24:48,2025-06-07,-0.8019,54.14108,20.102948081577082,175.31161389467445,8.7,254.0,21.809408811578596
15:24:49,2025-06-07,-0.801893,54.14103,21.24922118814622,178.10087732943612,8.7,254.0,23.36880099377881
15:24:50,2025-06-07,-0.80189,54.140977,19.634665480306992,180.0,8.7,254.0,22.032710475914886
15:24:51,2025-06-07,-0.80189,54.140928,18.438548130345456,178.54103121619255,8.7,254.0,20.62288548526923
15:24:52,2025-06-07,-0.801888,54.140882,20.035372623351492,180.0,8.7,254.0,22.433417618959385
15:24:53,2025-06-07,-0.801888,54.140832,20.03675383276969,179.32875835818447,8.7,254.0,22.336661082299983
15:24:54,2025-06-07,-0.801887,54.140782,21.2427069006705,178.7336530115398,8.7,254.0,23.455343371745947
15:24:55,2025-06-07,-0.801885,54.140729,19.640302336467926,178.6303140214959,8.7,254.0,21.83775980313876
15:24:56,2025-06-07,-0.801883,54.14068,20.0408969049288,181.34230400352573,8.7,254.0,22.634190599479368
15:24:57,2025-06-07,-0.801885,54.14063,20.04089674979308,181.342305623454,8.7,254.0,22.63419067913764
15:24:58,2025-06-07,-0.801887,54.14058,21.238797105237037,180.63325391766492,8.7,254.0,23.729124433004202
15:24:59,2025-06-07,-0.801888,54.140527,20.036752826428472,179.32875341507383,8.7,254.0,22.33665935208081
15:25:00,2025-06-07,-0.801887,54.140477,21.24270588911395,178.7336436879699,8.7,254.0,23.455340991015632
15:25:01,2025-06-07,-0.801885,54.140424,19.647346335439927,177.94594486429276,8.7,254.0,21.744101773386703
15:25:02,2025-06-07,-0.801882,54.140375,20.040895963449465,178.65768611442604,8.7,254.0,22.242374693025535
15:25:03,2025-06-07,-0.80188,54.140325,20.0408958095887,181.34231550567753,8.7,254.0,22.634191171272377
15:25:04,2025-06-07,-0.801882,54.140275,21.242705224810795,178.73363751318038,8.7,254.0,23.45533941993962
15:25:05,2025-06-07,-0.80188,54.140222,20.05746160073033,177.31683420173067,8.7,254.0,22.06138183512549
15:25:06,2025-06-07,-0.801876,54.140172,21.24921863057273,178.1008380120519,8.7,254.0,23.368792645999093
15:25:07,2025-06-07,-0.801873,54.140119,20.04779941774881,177.98697696321506,8.7,254.0,22.150601128913728
15:25:08,2025-06-07,-0.80187,54.140069,21.24270454685358,178.73363121614,8.7,254.0,23.455337817256883
15:25:09,2025-06-07,-0.801868,54.140016,20.036751148334428,179.3287451334229,8.7,254.0,22.33665646120697
15:25:10,2025-06-07,-0.801867,54.139966,19.64030004506358,178.6302887961574,8.7,254.0,21.837753805622008
15:25:11,2025-06-07,-0.801865,54.139917,19.657203852660835,177.26213813497975,8.7,254.0,21.65304124293038
15:25:12,2025-06-07,-0.801861,54.139868,18.486518719468542,175.63052581775855,8.7,254.0,20.240436864564565
15:25:13,2025-06-07,-0.801855,54.139822,18.446049154107243,177.8120793389678,8.7,254.0,20.523071415103306
15:25:14,2025-06-07,-0.801852,54.139776,16.829709903779094,180.0,8.7,254.0,19.227754899386987
15:25:15,2025-06-07,-0.801852,54.139734,18.43854479413272,178.54098917016677,8.7,254.0,20.622875969139336
15:25:16,2025-06-07,-0.80185,54.139688,16.83628692282766,178.4021030466322,8.7,254.0,19.000198241497248
15:25:17,2025-06-07,-0.801848,54.139646,16.429002171473254,180.0,8.7,254.0,18.827047167081147
15:25:18,2025-06-07,-0.801848,54.139605,17.23202311145859,179.21947604484058,8.7,254.0,19.515922690235193
15:25:19,2025-06-07,-0.801847,54.139562,16.829709302076314,180.0,8.7,254.0,19.227754297684207
15:25:20,2025-06-07,-0.801847,54.13952,18.43854420125841,178.54098163456092,8.7,254.0,20.62287426868294
15:25:21,2025-06-07,-0.801845,54.139474,16.4710670499408,175.91368502169735,8.7,254.0,18.267076737299544
15:25:22,2025-06-07,-0.80184,54.139433,18.44604820304899,177.81205880750338,8.7,254.0,20.52306743662034
15:25:23,2025-06-07,-0.801837,54.139387,18.43253821437201,180.0,8.7,254.0,20.830583209979903
15:25:24,2025-06-07,-0.801837,54.139341,16.844504165531145,182.39608930752337,8.7,254.0,19.590087324904637
15:25:25,2025-06-07,-0.80184,54.139299,16.87077517797893,183.98935661684425,8.7,254.0,19.84483170805875
15:25:26,2025-06-07,-0.801845,54.139257,14.833637553543795,178.18628802417697,8.7,254.0,16.965793290320136
15:25:27,2025-06-07,-0.801843,54.13922,12.07864669712346,174.4235237671055,8.7,254.0,13.652676381246037
15:25:28,2025-06-07,-0.801838,54.13919,7.968710414575844,162.8641357104476,8.7,254.0,7.796247937914137
15:25:29,2025-06-07,-0.801828,54.139171,4.996440744513631,151.96191497099863,8.7,254.0,3.1819528365616936
15:25:30,2025-06-07,-0.801818,54.13916,4.7928594616606555,156.92357071683523,8.7,254.0,3.721078323988337
15:25:31,2025-06-07,-0.80181,54.139149,3.964651878081624,155.50423923230846,8.7,254.0,2.6793466347645607
15:25:32,2025-06-07,-0.801803,54.13914,4.427144817827226,154.88961767905266,8.7,254.0,3.049613007857685
15:25:33,2025-06-07,-0.801795,54.13913,0.030173876468971562,149.6374139005768,8.7,254.0,-2.1279250989802336
15:26:50,2025-06-07,-0.80179,54.139125,10.07870500929019,111.01064715210305,8.7,254.0,3.131549147621798
15:26:51,2025-06-07,-0.80175,54.139116,13.094854947720506,98.82094039805628,8.7,254.0,5.198525129598165
15:26:52,2025-06-07,-0.801695,54.139111,13.471216092066339,77.95504176655112,8.7,254.0,4.79193532556954
15:26:53,2025-06-07,-0.801639,54.139118,16.23466311475327,89.99997204403053,8.7,254.0,7.8716851900278755
15:26:54,2025-06-07,-0.80157,54.139118,18.822797814203014,89.99996758233488,8.7,254.0,10.45981970273913
15:26:55,2025-06-07,-0.80149,54.139118,20.254511409012945,99.1271032559963,8.7,254.0,12.377809513582607
15:26:56,2025-06-07,-0.801405,54.13911,21.326981026169307,112.11832038428093,8.7,254.0,14.482363176394298
15:26:57,2025-06-07,-0.801321,54.13909,21.719901033720223,118.71958156375729,8.7,254.0,15.538037400935055
15:26:58,2025-06-07,-0.80124,54.139064,21.913076210543775,120.85630050288722,8.7,254.0,15.963751123818264
15:26:59,2025-06-07,-0.80116,54.139036,21.92314604849002,128.48623204093167,8.7,254.0,16.869328508431803
15:27:00,2025-06-07,-0.801087,54.139002,20.306814293581116,132.2031892075646,8.7,254.0,15.722710449663143
15:27:01,2025-06-07,-0.801023,54.138968,21.415186417883035,135.38507918458225,8.7,254.0,17.248578209593568
15:27:02,2025-06-07,-0.800959,54.13893,21.701940849333262,136.12891472010358,8.7,254.0,17.6348321710732
15:27:03,2025-06-07,-0.800895,54.138891,21.581298450191028,134.940874934441,8.7,254.0,17.355604870578098
15:27:04,2025-06-07,-0.80083,54.138853,22.258160474393886,133.2311418924278,8.7,254.0,17.80744997018018
15:27:05,2025-06-07,-0.800761,54.138815,22.25817125274863,133.23111566242687,8.7,254.0,17.807457326311315
15:27:06,2025-06-07,-0.800692,54.138777,21.632328906390065,130.48067215282583,8.7,254.0,16.82803011034791
15:27:07,2025-06-07,-0.800622,54.138742,21.91732577463476,134.07274864476045,8.7,254.0,17.57689575828998
15:27:08,2025-06-07,-0.800555,54.138704,22.258202715607307,133.23103902692299,8.7,254.0,17.807478790554622
15:27:09,2025-06-07,-0.800486,54.138666,25.845493119281603,135.56053266989903,8.7,254.0,21.70229186888535
15:27:10,2025-06-07,-0.800409,54.13862,24.900837647273118,132.58758890781758,8.7,254.0,20.36644540132366
15:27:11,2025-06-07,-0.800331,54.138578,26.17753575966906,134.82590631909153,8.7,254.0,21.936590981138266
15:27:12,2025-06-07,-0.800252,54.138532,27.363131701393332,135.919421342526,8.7,254.0,23.26792996883931
15:27:13,2025-06-07,-0.800171,54.138483,27.198160783635046,132.73108967318342,8.7,254.0,22.682378878487444
15:27:14,2025-06-07,-0.800086,54.138437,27.130651449655517,134.02710198594684,8.7,254.0,22.784215859625835
15:27:15,2025-06-07,-0.800003,54.13839,32.623205175907444,134.50315204687348,8.7,254.0,28.339536777641563
15:27:16,2025-06-07,-0.799904,54.138333,32.45564422991979,134.79393392014094,8.7,254.0,28.21046117445114
15:27:17,2025-06-07,-0.799806,54.138276,32.174932556546864,134.28691116374887,8.7,254.0,27.862715886234316
15:27:18,2025-06-07,-0.799708,54.13822,33.375855862050145,130.4802697806685,8.7,254.0,28.57150612903672
15:27:19,2025-06-07,-0.7996,54.138166,33.55537065198878,130.21966631233067,8.7,254.0,28.71808057178648
15:27:20,2025-06-07,-0.799491,54.138112,34.16752444380542,132.01565106267344,8.7,254.0,29.55924241547176
15:27:21,2025-06-07,-0.799383,54.138055,33.73559931872557,129.96179682034244,8.7,254.0,28.865812967948077
15:27:22,2025-06-07,-0.799273,54.138001,34.69576404570249,131.23611328764116,8.7,254.0,29.987512860604433
15:27:23,2025-06-07,-0.799162,54.137944,33.29848779541321,129.69231184926582,8.7,254.0,28.394846829265695
15:27:24,2025-06-07,-0.799053,54.137891,33.645950886777925,132.81923249362876,8.7,254.0,29.14161410665141
15:27:25,2025-06-07,-0.798948,54.137834,31.083254473729202,130.19871942943564,8.7,254.0,26.243321038062042
15:27:26,2025-06-07,-0.798847,54.137784,30.904342715908005,132.46062088865898,8.7,254.0,26.353507942518483
15:27:27,2025-06-07,-0.79875,54.137732,29.495869516656583,132.85179622306532,8.7,254.0,24.995763753506534
15:27:28,2025-06-07,-0.798658,54.137682,30.508782432561134,139.68676752467252,8.7,254.0,26.92677635540543
15:27:29,2025-06-07,-0.798574,54.137624,29.613746346990585,141.76699276982498,8.7,254.0,26.32189164130131
15:27:30,2025-06-07,-0.798496,54.137566,30.14772568474757,144.23487693248376,8.7,254.0,27.205689078826307
15:27:31,2025-06-07,-0.798421,54.137505,30.866018150691758,146.2480731880948,8.7,254.0,28.213420104263246
15:27:32,2025-06-07,-0.798348,54.137441,28.899436235010956,143.59659570439123,8.7,254.0,25.866374928245726
15:27:33,2025-06-07,-0.798275,54.137383,27.289195732718014,145.37648006229858,8.7,254.0,24.51086516010394
15:27:34,2025-06-07,-0.798209,54.137327,23.217840448979647,142.61488693129047,8.7,254.0,20.04551717092288
15:27:35,2025-06-07,-0.798149,54.137281,21.659833843254333,146.41748077844454,8.7,254.0,19.03174601311362
15:27:36,2025-06-07,-0.798098,54.137236,17.254763796638517,142.21053801622588,8.7,254.0,14.025349380753443
15:27:37,2025-06-07,-0.798053,54.137202,14.842613852944496,144.15021738235419,8.7,254.0,11.888482778555108
15:27:38,2025-06-07,-0.798016,54.137172,13.048288992501266,146.07367115340423,8.7,254.0,10.370482351254061
15:27:39,2025-06-07,-0.797985,54.137145,10.687716015479472,149.63620346787093,8.7,254.0,8.52943898849395
15:27:40,2025-06-07,-0.797962,54.137122,7.633685457558579,142.00552864327153,8.7,254.0,4.3753864709789525
15:27:41,2025-06-07,-0.797942,54.137107,8.950429216396593,148.33861073114934,8.7,254.0,6.601849934069694
15:27:42,2025-06-07,-0.797922,54.137088,7.780946735855179,140.64182635078168,8.7,254.0,4.331589727260874
15:27:43,2025-06-07,-0.797901,54.137073,6.565677552168602,137.15120799102954,8.7,254.0,2.6364314203274453
15:27:44,2025-06-07,-0.797882,54.137061,7.0923005076949766,147.9985273526986,8.7,254.0,4.694040563100112
15:27:45,2025-06-07,-0.797866,54.137046,9.955545255962786,157.82679425512106,8.7,254.0,9.01999570425407
15:27:46,2025-06-07,-0.79785,54.137023,9.219268632186278,181.4591054829758,8.7,254.0,11.829486247434039
15:27:47,2025-06-07,-0.797851,54.137,8.410133000029195,224.31633096281035,8.7,254.0,15.968455483728631
15:27:48,2025-06-07,-0.797876,54.136985,11.036208050045511,246.41129944817163,8.7,254.0,19.660010001356664
15:27:49,2025-06-07,-0.797919,54.136974,12.586824662277408,241.420124502956,8.7,254.0,21.077966564693213
15:27:50,2025-06-07,-0.797966,54.136959,13.813449061974389,242.29126080472366,8.7,254.0,22.332418318316513
15:27:51,2025-06-07,-0.798018,54.136943,12.794061006817673,241.9239811788363,8.7,254.0,21.301537724328618
15:27:52,2025-06-07,-0.798066,54.136928,12.794064601643473,241.92398979533687,8.7,254.0,21.301541592875573
15:27:53,2025-06-07,-0.798114,54.136913,13.813461051339067,242.29128699945858,8.7,254.0,22.33243111486165
15:27:54,2025-06-07,-0.798166,54.136897,13.21135162062509,242.88413013936608,8.7,254.0,21.748133542481494
15:27:55,2025-06-07,-0.798216,54.136882,11.905032310588416,248.2237212443796,8.7,254.0,20.560857732302217
15:27:56,2025-06-07,-0.798263,54.136871,8.69999406705329,251.15094454477833,8.7,254.0,17.389240406870496
15:27:57,2025-06-07,-0.798298,54.136864,5.870206169508917,254.11967782688532,8.7,254.0,14.570187190600786
15:27:58,2025-06-07,-0.798322,54.13686,4.767953067509242,227.68664501776664,8.7,254.0,12.566486309568425
15:27:59,2025-06-07,-0.798337,54.136852,3.8763643003975012,245.5260169305452,8.7,254.0,12.481385346454154
15:28:00,2025-06-07,-0.798352,54.136848,3.246787830658217,240.36131538239624,8.7,254.0,11.701465380498238
15:28:01,2025-06-07,-0.798364,54.136844,3.514586552961656,216.98843373241468,8.7,254.0,10.4616584026105
15:28:02,2025-06-07,-0.798373,54.136837,0.0,0.0,8.7,254.0,-2.39804499560789
15:28:03,2025-06-07,-0.798373,54.136837,0.2323420717554171,210.36396749076323,8.7,254.0,6.528862900026453
15:28:07,2025-06-07,-0.798375,54.136835,16.736422738011484,207.58781945346868,8.7,254.0,22.734773249146492
15:28:08,2025-06-07,-0.798408,54.136798,12.359690868273765,138.2825304016103,8.7,254.0,8.584466768067097
15:28:09,2025-06-07,-0.798373,54.136775,14.215924648378396,130.47931842679532,8.7,254.0,9.4114544828131
15:28:10,2025-06-07,-0.798327,54.136752,15.714839746884484,131.59207741639688,8.7,254.0,11.052130953731933
15:28:11,2025-06-07,-0.798277,54.136726,19.899981049057068,134.87648754702116,8.7,254.0,15.665744039665798
15:28:12,2025-06-07,-0.798217,54.136691,18.80478858274516,131.40917137244037,8.7,254.0,14.118656024755925
15:28:13,2025-06-07,-0.798157,54.13666,18.92684297879707,124.92584495868186,8.7,254.0,13.443009523134412
15:28:14,2025-06-07,-0.798091,54.136633,22.08774832625243,133.6472096147338,8.7,254.0,17.69143898412624
15:28:15,2025-06-07,-0.798023,54.136595,20.925272655214386,132.1506678937543,8.7,254.0,16.33439258652021
15:28:16,2025-06-07,-0.797957,54.13656,21.917917909039737,134.07124019419916,8.7,254.0,17.577289387013746
15:28:17,2025-06-07,-0.79789,54.136522,19.77874853054646,130.47913524437672,8.7,254.0,14.974255175942812
15:28:18,2025-06-07,-0.797826,54.13649,22.128258153533967,138.00583870064747,8.7,254.0,18.3152260397373
15:28:19,2025-06-07,-0.797763,54.136449,21.374452092975503,142.00505336521343,8.7,254.0,18.116086190939082
15:28:20,2025-06-07,-0.797707,54.136407,20.345013547054336,143.91728626796407,8.7,254.0,17.357639284118658
15:28:21,2025-06-07,-0.797656,54.136366,19.80444957859639,146.11491784641646,8.7,254.0,17.132602627126946
15:28:22,2025-06-07,-0.797609,54.136325,20.60221860087726,146.81601192215237,8.7,254.0,18.031881242442125
15:28:23,2025-06-07,-0.797561,54.136282,19.419104472905378,147.84128382034277,8.7,254.0,16.997902259271015
15:28:24,2025-06-07,-0.797517,54.136241,19.863380235951993,150.22026004369104,8.7,254.0,17.791126842262145
15:28:25,2025-06-07,-0.797475,54.136198,18.53465160425755,155.28246445998332,8.7,254.0,17.216050506339286
15:28:26,2025-06-07,-0.797442,54.136156,16.783559762686266,155.17840294312464,8.7,254.0,15.449342309372701
15:28:27,2025-06-07,-0.797412,54.136118,12.920046685729444,154.13350959129468,8.7,254.0,11.429276220311353
15:28:28,2025-06-07,-0.797388,54.136089,13.457407582544963,157.423759044691,8.7,254.0,12.461038210265059
15:28:29,2025-06-07,-0.797366,54.136058,10.046922209630985,156.58598749537668,8.7,254.0,8.924290564510098
15:28:30,2025-06-07,-0.797349,54.136035,6.544221451583269,156.75004978065635,8.7,254.0,5.446297918544676
15:28:31,2025-06-07,-0.797338,54.13602,3.041697915214451,157.29197492470928,8.7,254.0,2.0254522776783688
15:28:32,2025-06-07,-0.797333,54.136013,3.414735671071411,159.88906249384172,8.7,254.0,2.7910513762435105
15:28:33,2025-06-07,-0.797328,54.136005,0.0,0.0,8.7,254.0,-2.39804499560789
15:28:36,2025-06-07,-0.797328,54.136005,0.232343240544682,149.63553045536491,8.7,254.0,-1.9260327844319816
15:28:40,2025-06-07,-0.797326,54.136003,20.69651907046157,153.00357170880557,8.7,254.0,19.037013190857497
15:28:41,2025-06-07,-0.797286,54.135957,21.257405405806814,150.18175076546737,8.7,254.0,19.179473387679494
15:28:42,2025-06-07,-0.797241,54.135911,18.934095654381046,150.2487593343127,8.7,254.0,16.866045403215285
15:28:43,2025-06-07,-0.797201,54.13587,17.200659350960816,152.33666719136556,8.7,254.0,15.441862241508346
15:28:44,2025-06-07,-0.797167,54.135832,16.986884423097017,153.74006289933027,8.7,254.0,15.43729079594101
15:28:45,2025-06-07,-0.797135,54.135794,13.488450155750222,153.0807665940515,8.7,254.0,11.840452113066183
15:28:46,2025-06-07,-0.797109,54.135764,11.534908035781111,159.75202943873376,8.7,254.0,10.890471481484266
15:28:47,2025-06-07,-0.797092,54.135737,12.023515967752184,181.11878214081048,8.7,254.0,14.584392532440836
15:28:48,2025-06-07,-0.797093,54.135707,11.993787338075242,205.51858692907823,8.7,254.0,17.76069523719695
15:28:49,2025-06-07,-0.797115,54.13568,13.17302780976116,225.53639966704722,8.7,254.0,20.821372431044225
15:28:50,2025-06-07,-0.797155,54.135657,15.644820348885185,242.49225024133483,8.7,254.0,24.16993059456535
15:28:51,2025-06-07,-0.797214,54.135639,17.476009082322584,242.65054758834657,8.7,254.0,26.005882067783915
15:28:52,2025-06-07,-0.79728,54.135619,16.48576728220801,244.00263404768796,8.7,254.0,25.053664177276012
15:28:53,2025-06-07,-0.797343,54.135601,18.11449235213996,249.22811330122818,8.7,254.0,26.78433639014164
15:28:54,2025-06-07,-0.797415,54.135585,18.145795075173027,245.14211464947653,8.7,254.0,26.742032933802538
15:28:55,2025-06-07,-0.797485,54.135566,19.120723505997493,235.47824326330164,8.7,254.0,27.370090456785494
15:28:56,2025-06-07,-0.797552,54.135539,17.71972766164536,244.5027251013763,8.7,254.0,26.30048068025143
15:28:57,2025-06-07,-0.79762,54.13552,16.45604579157139,242.38727134131867,8.7,254.0,24.977961616230004
15:28:58,2025-06-07,-0.797682,54.135501,15.99642781570355,247.88341126682644,8.7,254.0,24.64689989918481
15:28:59,2025-06-07,-0.797745,54.135486,14.483221775866376,245.4303794952308,8.7,254.0,23.086090878316767
15:29:00,2025-06-07,-0.797801,54.135471,13.192624835383095,240.86724727893022,8.7,254.0,21.665087163032894
15:29:01,2025-06-07,-0.79785,54.135455,10.393199304640888,244.85528692238736,8.7,254.0,18.98262300977928
15:29:02,2025-06-07,-0.79789,54.135444,9.45181684350557,230.44671763174665,8.7,254.0,17.427009926369937
15:29:03,2025-06-07,-0.797921,54.135429,5.478621105341542,239.14588270698567,8.7,254.0,13.887881742961069
15:29:04,2025-06-07,-0.797941,54.135422,3.058976972346564,270.0000052638377,8.7,254.0,11.421953506698394
15:29:05,2025-06-07,-0.797954,54.135422,2.8236710513646766,270.00000487303765,8.7,254.0,11.18664760207297
15:29:06,2025-06-07,-0.797966,54.135422,4.091880957169984,293.1086657961928,8.7,254.0,10.842654749139742
15:29:07,2025-06-07,-0.797982,54.135426,6.25484821739507,320.3078644112906,8.7,254.0,9.750700392919487
15:29:08,2025-06-07,-0.797999,54.135438,6.621642998780132,311.79893569635266,8.7,254.0,11.257803351165151
15:29:09,2025-06-07,-0.79802,54.135449,8.928892365427703,299.63787555043984,8.7,254.0,15.0118530503328
15:29:10,2025-06-07,-0.798053,54.13546,9.315844435780175,279.929743485074,8.7,254.0,17.14002330448464
15:29:11,2025-06-07,-0.798092,54.135464,9.163332350644996,257.3421604586687,8.7,254.0,17.84853529052406
15:29:12,2025-06-07,-0.79813,54.135459,10.7266823466708,254.80791532432568,8.7,254.0,19.42581744151153
15:29:13,2025-06-07,-0.798174,54.135452,13.81384172636678,242.29211893064502,8.7,254.0,22.332837424595528
15:29:14,2025-06-07,-0.798226,54.135436,13.62109582224491,235.95580856828894,8.7,254.0,21.89321149098666
15:29:15,2025-06-07,-0.798274,54.135417,15.640420154490764,226.16594482796137,8.7,254.0,23.33386156562549
15:29:16,2025-06-07,-0.798322,54.13539,16.334615894670215,222.5477940897292,8.7,254.0,23.756374634915264
15:29:17,2025-06-07,-0.798369,54.13536,14.577717420616183,230.72136693028503,8.7,254.0,22.569483703359467
15:29:18,2025-06-07,-0.798417,54.135337,14.037877246529332,228.89881440246373,8.7,254.0,21.916249429547015
15:29:19,2025-06-07,-0.798462,54.135314,13.233502597851789,234.8159904303805,8.7,254.0,21.450375202031264
15:29:20,2025-06-07,-0.798508,54.135295,13.426653988461688,235.3941656124665,8.7,254.0,21.671956542064592
15:29:21,2025-06-07,-0.798555,54.135276,14.396189629522397,230.129082008571,8.7,254.0,22.351987087471024
15:29:22,2025-06-07,-0.798602,54.135253,11.92397456544636,230.25503142076144,8.7,254.0,19.887492097229806
15:29:23,2025-06-07,-0.798641,54.135234,12.47541626595915,232.32660495233512,8.7,254.0,20.56036246713139
15:29:24,2025-06-07,-0.798683,54.135215,10.7080672500197,224.6174968641967,8.7,254.0,18.288931280348923
15:29:25,2025-06-07,-0.798715,54.135196,10.195833568916983,233.8142863026701,8.7,254.0,18.361471663055365
15:29:26,2025-06-07,-0.79875,54.135181,10.812300279296831,233.5690996424131,8.7,254.0,18.965016894036953
15:29:27,2025-06-07,-0.798787,54.135165,10.35721596251394,237.1442479235738,8.7,254.0,18.683444821318062
15:29:28,2025-06-07,-0.798824,54.135151,11.661281984097213,226.52160656877777,8.7,254.0,19.37979059815776
15:29:29,2025-06-07,-0.79886,54.135131,10.195843946245347,233.81432914079608,8.7,254.0,18.361484284919456
15:29:30,2025-06-07,-0.798895,54.135116,8.156676883344415,233.81433521818332,8.7,254.0,16.32231754044742
15:29:31,2025-06-07,-0.798923,54.135104,10.708081305415485,224.6175736218861,8.7,254.0,18.28895105420218
15:29:32,2025-06-07,-0.798955,54.135085,11.160089132900271,239.76531146890906,8.7,254.0,19.592970040159834
15:29:33,2025-06-07,-0.798996,54.135071,10.244405882554274,260.97811994767585,8.7,254.0,18.879961664420023
15:29:34,2025-06-07,-0.799039,54.135067,11.874073860720157,262.2245094839814,8.7,254.0,20.48459547259563
15:29:35,2025-06-07,-0.799089,54.135063,12.107269829284077,277.62488172960815,8.7,254.0,20.07811225307713
15:29:36,2025-06-07,-0.79914,54.135067,12.107268685523193,277.62488246323625,8.7,254.0,20.078111064674335
15:29:37,2025-06-07,-0.799191,54.135071,10.656873738383439,276.491762148922,8.7,254.0,18.695104273591205
15:29:38,2025-06-07,-0.799236,54.135074,9.943235805605108,251.15170677117254,8.7,254.0,18.632487897461477
15:29:39,2025-06-07,-0.799276,54.135066,7.540458646403166,234.16596667797293,8.7,254.0,15.724369381599558
15:29:40,2025-06-07,-0.799302,54.135055,4.996547931073962,208.0404473781382,8.7,254.0,11.044492200740823
15:29:41,2025-06-07,-0.799312,54.135044,3.214281177622321,184.1885568012804,8.7,254.0,6.216744745111764
15:29:42,2025-06-07,-0.799313,54.135036,0.9412324346862843,270.0000016329708,8.7,254.0,9.304209121003653
15:29:43,2025-06-07,-0.799317,54.135036,0.4504071943121979,239.1296190155956,8.7,254.0,8.859034405232668
15:31:55,2025-06-07,-0.799534,54.13496,11.294809891850527,270.0000194530529,8.7,254.0,19.65778583232961
15:31:56,2025-06-07,-0.799582,54.13496,14.20920366976364,263.5082981828336,8.7,254.0,22.789680348815754
15:31:57,2025-06-07,-0.799642,54.134956,11.740911931745794,254.1203829368901,8.7,254.0,20.440892728541556
15:31:58,2025-06-07,-0.79969,54.134948,8.561772836935555,245.03795819922178,8.7,254.0,17.15556115743413
15:31:59,2025-06-07,-0.799723,54.134939,12.390149698397247,224.57697285426883,8.7,254.0,19.96799278544126
15:32:00,2025-06-07,-0.79976,54.134917,13.281671594844832,205.1126389328537,8.7,254.0,19.002282288972214
15:32:01,2025-06-07,-0.799784,54.134887,14.183741431094731,188.5674500795925,8.7,254.0,17.800889841418414
15:32:02,2025-06-07,-0.799793,54.134852,14.02474672261854,180.0,8.7,254.0,16.42279171822643
15:32:03,2025-06-07,-0.799793,54.134817,15.2268677723663,180.0,8.7,254.0,17.62491276797419
15:32:04,2025-06-07,-0.799793,54.134779,15.234138697767905,181.76620420944207,8.7,254.0,17.8888013690005
15:32:05,2025-06-07,-0.799795,54.134741,14.032640386191064,178.0825137951183,8.7,254.0,16.14951571587293
15:32:06,2025-06-07,-0.799793,54.134706,16.870771364670933,176.01020240204207,8.7,254.0,18.681118362934395
15:32:07,2025-06-07,-0.799788,54.134664,15.226867384113232,180.0,8.7,254.0,17.624912379721124
15:32:08,2025-06-07,-0.799788,54.134626,16.82969541651189,180.0,8.7,254.0,19.227740412119783
15:32:09,2025-06-07,-0.799788,54.134584,15.226867177468264,180.0,8.7,254.0,17.624912173076158
15:32:10,2025-06-07,-0.799788,54.134546,16.88881304142108,175.21562186170127,8.7,254.0,18.580978738713114
15:32:11,2025-06-07,-0.799782,54.134504,16.836273988102025,178.40190314407573,8.7,254.0,19.000155906727354
15:32:12,2025-06-07,-0.79978,54.134462,13.256788693097008,175.93787834289333,8.7,254.0,15.056392691839758
15:32:13,2025-06-07,-0.799776,54.134429,10.842095882155038,176.27539010204998,8.7,254.0,12.691808992686285
15:32:14,2025-06-07,-0.799773,54.134402,12.041920462207688,176.64695183230572,8.7,254.0,13.946723664181263
15:32:15,2025-06-07,-0.79977,54.134372,9.216261398797432,180.0,8.7,254.0,11.614306394405325
15:32:16,2025-06-07,-0.79977,54.134349,7.627965240746172,183.52909305268568,8.7,254.0,10.536248750006875
15:32:17,2025-06-07,-0.799772,54.13433,6.051918814219402,186.68329451481222,8.7,254.0,9.406961109574445
15:32:18,2025-06-07,-0.799775,54.134315,3.2528386869444974,210.3654926207948,8.7,254.0,9.549519321412836
15:32:19,2025-06-07,-0.799782,54.134308,3.282465201092563,192.391445713873,8.7,254.0,7.419253186056274
15:32:20,2025-06-07,-0.799785,54.1343,1.1765614002567657,270.0000019906338,8.7,254.0,9.539538071604584
15:32:21,2025-06-07,-0.79979,54.1343,0.0,0.0,8.7,254.0,-2.39804499560789
15:32:23,2025-06-07,-0.79979,54.1343,0.0,0.0,8.7,254.0,-2.39804499560789
15:32:46,2025-06-07,-0.79979,54.1343,8.095701868323209,195.1314571443538,8.7,254.0,12.59363116944904
15:32:48,2025-06-07,-0.799808,54.134261,11.167925650824083,237.37857443452847,8.7,254.0,19.504402025519372
15:32:49,2025-06-07,-0.799848,54.134246,13.672193798122178,251.15206364112527,8.7,254.0,22.36144858252119
15:32:50,2025-06-07,-0.799903,54.134235,17.955445026180335,264.8668085229162,8.7,254.0,26.49943741804352
15:32:51,2025-06-07,-0.799979,54.134231,19.731342527440436,261.8086993803611,8.7,254.0,28.35066936729772
15:32:52,2025-06-07,-0.800062,54.134224,20.024526086938973,260.7671731162035,8.7,254.0,28.66391478049694
15:32:53,2025-06-07,-0.800146,54.134216,19.127608218651527,265.182138096024,8.7,254.0,27.66244446109965
15:32:54,2025-06-07,-0.800227,54.134212,18.86408220834108,260.1938326629097,8.7,254.0,27.51329668305231
15:32:55,2025-06-07,-0.800306,54.134204,17.96235888439637,255.76364008419011,8.7,254.0,26.658237628106548
15:32:56,2025-06-07,-0.80038,54.134193,17.405344019530716,260.7050366806363,8.7,254.0,26.04583940875685
15:32:57,2025-06-07,-0.800453,54.134186,17.159406928217702,253.69078270379828,8.7,254.0,25.859280230003154
15:32:58,2025-06-07,-0.800523,54.134174,16.081360617126997,264.2667186867409,8.7,254.0,24.642062590016145
15:32:59,2025-06-07,-0.800591,54.13417,12.340808073829125,262.52027574020417,8.7,254.0,20.944790479234868
15:33:00,2025-06-07,-0.800643,54.134166,10.836935753529884,222.24349644476695,8.7,254.0,18.234480414701206
15:33:01,2025-06-07,-0.800674,54.134146,11.124420804592,193.42506145045647,8.7,254.0,15.398598388570859
15:33:02,2025-06-07,-0.800685,54.134119,12.041920174283915,183.35307102368196,8.7,254.0,14.92499977404732
15:33:03,2025-06-07,-0.800688,54.134089,12.058003487743008,184.46680394738704,8.7,254.0,15.100085794733008
15:33:04,2025-06-07,-0.800692,54.134059,10.981645032478239,189.84825014744405,8.7,254.0,14.774750419495069
15:33:05,2025-06-07,-0.8007,54.134032,11.309540974249261,196.89855062936783,8.7,254.0,16.034973905683003
15:33:06,2025-06-07,-0.800714,54.134005,12.91367000793761,195.82782667141532,8.7,254.0,17.50177594226411
15:33:07,2025-06-07,-0.800729,54.133974,12.36838160113045,199.9841676591471,8.7,254.0,17.48016819137438
15:33:08,2025-06-07,-0.800747,54.133945,11.61866964087231,201.3353763810621,8.7,254.0,16.895040745893667
15:33:09,2025-06-07,-0.800765,54.133918,10.84209552633745,183.7246557151024,8.7,254.0,13.778348693246839
15:33:10,2025-06-07,-0.800768,54.133891,6.854230366139386,151.32867094930202,8.7,254.0,4.945815618607385
15:33:11,2025-06-07,-0.800754,54.133876,5.4787719498369905,120.85317154326219,8.7,254.0,-0.47089978964190315
15:33:12,2025-06-07,-0.800734,54.133869,4.326759961419401,130.47735197923714,8.7,254.0,-0.4779591339183007
15:33:13,2025-06-07,-0.80072,54.133862,0.0,0.0,8.7,254.0,-2.39804499560789
15:33:14,2025-06-07,-0.80072,54.133862,0.470629524896978,89.99999922241693,8.7,254.0,-7.892347262311185
15:33:15,2025-06-07,-0.800718,54.133862,0.0,0.0,8.7,254.0,-2.39804499560789
